"Panel","Outcome","Facet_var","Facet_group","Line_var","Line_group","time","N","Events","risk","risk_lower","risk_upper","risk_pct","risk_lower_pct","risk_upper_pct","N_model","Events_model","adjustment","model","prediction","time_origin","N_complete9"
"preflight","All-cause mortality","diet.dash.3c","low","diet.maha.3c","low",10,25627,2451,0.0452339677873861,0.0434846900487649,0.0469800464422342,4.52339677873861,4.34846900487649,4.69800464422342,190517,15529,"age.landmark; sex; tdi; PC1; PC2","Cox; DASH + MAHA (no interaction)","Fixed profile: numeric means; categorical modes in model sample","End of all recorded WebQ assessments (or enrolment if later)",190145
"preflight","All-cause mortality","diet.dash.3c","middle","diet.maha.3c","low",10,20006,1818,0.0369128516130116,0.0353803222146681,0.0384429462213431,3.69128516130116,3.53803222146681,3.84429462213431,190517,15529,"age.landmark; sex; tdi; PC1; PC2","Cox; DASH + MAHA (no interaction)","Fixed profile: numeric means; categorical modes in model sample","End of all recorded WebQ assessments (or enrolment if later)",190145
"preflight","All-cause mortality","diet.dash.3c","high","diet.maha.3c","low",10,2032,161,0.0326450856904291,0.0308744156609522,0.0344125205640048,3.26450856904291,3.08744156609522,3.44125205640048,190517,15529,"age.landmark; sex; tdi; PC1; PC2","Cox; DASH + MAHA (no interaction)","Fixed profile: numeric means; categorical modes in model sample","End of all recorded WebQ assessments (or enrolment if later)",190145
"preflight","All-cause mortality","diet.dash.3c","low","diet.maha.3c","middle",10,19711,1786,0.043502237707848,0.0417477470490478,0.045253516020982,4.3502237707848,4.17477470490478,4.5253516020982,190517,15529,"age.landmark; sex; tdi; PC1; PC2","Cox; DASH + MAHA (no interaction)","Fixed profile: numeric means; categorical modes in model sample","End of all recorded WebQ assessments (or enrolment if later)",190145
"preflight","All-cause mortality","diet.dash.3c","middle","diet.maha.3c","middle",10,54879,4425,0.0354937391526532,0.0343573006431157,0.0366288402187586,3.54937391526532,3.43573006431157,3.66288402187586,190517,15529,"age.landmark; sex; tdi; PC1; PC2","Cox; DASH + MAHA (no interaction)","Fixed profile: numeric means; categorical modes in model sample","End of all recorded WebQ assessments (or enrolment if later)",190145
"preflight","All-cause mortality","diet.dash.3c","high","diet.maha.3c","middle",10,20664,1554,0.0313873620458864,0.0300150413995062,0.0327577411529265,3.13873620458864,3.00150413995062,3.27577411529265,190517,15529,"age.landmark; sex; tdi; PC1; PC2","Cox; DASH + MAHA (no interaction)","Fixed profile: numeric means; categorical modes in model sample","End of all recorded WebQ assessments (or enrolment if later)",190145
"preflight","All-cause mortality","diet.dash.3c","low","diet.maha.3c","high",10,2251,186,0.0415009457152558,0.0393036259156296,0.0436932397706071,4.15009457152558,3.93036259156296,4.36932397706071,190517,15529,"age.landmark; sex; tdi; PC1; PC2","Cox; DASH + MAHA (no interaction)","Fixed profile: numeric means; categorical modes in model sample","End of all recorded WebQ assessments (or enrolment if later)",190145
"preflight","All-cause mortality","diet.dash.3c","middle","diet.maha.3c","high",10,20400,1464,0.0338543267657664,0.0323658512811293,0.0353405125841373,3.38543267657664,3.23658512811293,3.53405125841373,190517,15529,"age.landmark; sex; tdi; PC1; PC2","Cox; DASH + MAHA (no interaction)","Fixed profile: numeric means; categorical modes in model sample","End of all recorded WebQ assessments (or enrolment if later)",190145
"preflight","All-cause mortality","diet.dash.3c","high","diet.maha.3c","high",10,24947,1684,0.0299346629017244,0.0286166993984324,0.0312508382048334,2.99346629017244,2.86166993984324,3.12508382048334,190517,15529,"age.landmark; sex; tdi; PC1; PC2","Cox; DASH + MAHA (no interaction)","Fixed profile: numeric means; categorical modes in model sample","End of all recorded WebQ assessments (or enrolment if later)",190145
