polygon	longitude	latitude
0	-67.75	-53.85
0	-66.45	-54.45
0	-65.05	-54.7
0	-65.5	-55.2
0	-66.45	-55.25
0	-66.9599	-54.8968
0	-67.291	-55.3012
0	-68.1486	-55.6118
0	-69.2321	-55.4991
0	-69.9581	-55.1984
0	-71.0057	-55.0538
0	-72.2639	-54.4951
0	-73.2852	-53.9575
0	-74.6625	-52.8375
0	-73.8381	-53.0474
0	-72.4342	-53.7154
0	-71.1077	-54.0743
0	-70.5918	-53.6158
0	-70.2675	-52.9312
0	-69.3457	-52.5183
0	-68.6341	-52.6362
0	-68.634	-52.6364
0	-68.25	-53.1
0	-67.75	-53.85
1	-58.55	-51.1
1	-57.75	-51.55
1	-58.05	-51.9
1	-59.4	-52.2
1	-59.85	-51.85
1	-60.7	-52.3
1	-61.2	-51.85
1	-60	-51.25
1	-59.15	-51.5
1	-58.55	-51.1
2	70.28	-49.71
2	68.745	-49.775
2	68.72	-49.2425
2	68.8675	-48.83
2	68.935	-48.625
2	69.58	-48.94
2	70.525	-49.065
2	70.56	-49.255
2	70.28	-49.71
3	145.398	-40.7925
3	146.3641	-41.1377
3	146.9086	-41.0005
3	147.6893	-40.8083
3	148.2891	-40.8754
3	148.3599	-42.0624
3	148.0173	-42.407
3	147.9141	-43.2115
3	147.5646	-42.9377
3	146.8703	-43.6346
3	146.6633	-43.5809
3	146.0484	-43.5497
3	145.4319	-42.6938
3	145.2951	-42.0336
3	144.7181	-41.1626
3	144.7438	-40.704
3	145.398	-40.7925
4	173.0204	-40.9191
4	173.2472	-41.332
4	173.9584	-40.9267
4	174.2476	-41.3492
4	174.2485	-41.77
4	173.8764	-42.2332
4	173.2227	-42.97
4	172.7112	-43.3723
4	173.0801	-43.8533
4	172.3086	-43.8657
4	171.4529	-44.2425
4	171.1851	-44.8971
4	170.6167	-45.9089
4	169.8314	-46.3558
4	169.3323	-46.6412
4	168.4114	-46.6199
4	167.7637	-46.2902
4	166.6769	-46.2199
4	166.5091	-45.8527
4	167.0464	-45.1109
4	168.3038	-44.124
4	168.9494	-43.9358
4	169.6678	-43.5553
4	170.5249	-43.0317
4	171.1251	-42.5128
4	171.5697	-41.7674
4	171.9487	-41.5144
4	172.0972	-40.9561
4	172.7986	-40.494
4	173.0204	-40.9191
5	174.612	-36.1564
5	175.3366	-37.2091
5	175.3576	-36.5262
5	175.8089	-36.7989
5	175.9585	-37.5554
5	176.7632	-37.8813
5	177.4388	-37.9612
5	178.0104	-37.5798
5	178.5171	-37.6954
5	178.2747	-38.5828
5	177.9705	-39.1663
5	177.207	-39.1458
5	176.94	-39.4497
5	177.0329	-39.8799
5	176.8858	-40.066
5	176.508	-40.6048
5	176.0124	-41.2896
5	175.2396	-41.6883
5	175.0679	-41.4259
5	174.651	-41.2818
5	175.2276	-40.4592
5	174.9002	-39.9089
5	173.824	-39.5089
5	173.8523	-39.1466
5	174.5748	-38.7977
5	174.7435	-38.0278
5	174.697	-37.3811
5	174.292	-36.7111
5	174.319	-36.5348
5	173.841	-36.122
5	173.0542	-35.2371
5	172.636	-34.5291
5	173.007	-34.4507
5	173.5513	-35.0062
5	174.3294	-35.2655
5	174.612	-36.1564
6	167.12	-22.16
6	166.74	-22.4
6	166.1897	-22.1297
6	165.4744	-21.6796
6	164.8298	-21.1498
6	164.168	-20.4447
6	164.0296	-20.1056
6	164.46	-20.12
6	165.02	-20.46
6	165.46	-20.8
6	165.78	-21.08
6	166.6	-21.7
6	167.12	-22.16
7	178.3736	-17.3399
7	178.7181	-17.6285
7	178.5527	-18.1506
7	177.9327	-18.288
7	177.3815	-18.1643
7	177.285	-17.7247
7	177.6709	-17.3811
7	178.1256	-17.5048
7	178.3736	-17.3399
8	179.3641	-16.8014
8	178.7251	-17.012
8	178.5968	-16.6392
8	179.0966	-16.434
8	179.4135	-16.3791
8	180	-16.0671
8	180	-16.5552
8	179.3641	-16.8014
9	-179.9174	-16.5018
9	-180	-16.5552
9	-180	-16.0671
9	-179.7933	-16.0209
9	-179.9174	-16.5018
10	167.8449	-16.4663
10	167.5152	-16.5979
10	167.18	-16.16
10	167.2168	-15.8918
10	167.8449	-16.4663
11	167.1077	-14.9339
11	167.27	-15.74
11	167.0012	-15.6146
11	166.7932	-15.6688
11	166.6499	-15.3927
11	166.6291	-14.6265
11	167.1077	-14.9339
12	50.0565	-13.5558
12	50.2174	-14.7588
12	50.4765	-15.2265
12	50.3771	-15.7061
12	50.2003	-16.0003
12	49.8606	-15.4143
12	49.6726	-15.7102
12	49.8633	-16.451
12	49.7746	-16.875
12	49.4986	-17.106
12	49.4356	-17.9531
12	49.0418	-19.1188
12	48.5485	-20.4969
12	47.9307	-22.3915
12	47.5477	-23.782
12	47.0958	-24.9416
12	46.2825	-25.1785
12	45.4095	-25.6014
12	44.8336	-25.3461
12	44.0397	-24.9883
12	43.7638	-24.4607
12	43.6978	-23.5741
12	43.3457	-22.7769
12	43.2542	-22.0574
12	43.4333	-21.3365
12	43.8937	-21.1633
12	43.8964	-20.8305
12	44.3743	-20.0724
12	44.4644	-19.4355
12	44.2324	-18.962
12	44.043	-18.3314
12	43.9631	-17.4099
12	44.3125	-16.8505
12	44.4465	-16.2162
12	44.9449	-16.1794
12	45.5027	-15.9744
12	45.873	-15.7935
12	46.3122	-15.78
12	46.8822	-15.2102
12	47.7051	-14.5943
12	48.0052	-14.0912
12	47.869	-13.6639
12	48.2938	-13.7841
12	48.8451	-13.0892
12	48.8635	-12.4879
12	49.1947	-12.0406
12	49.5435	-12.4698
12	49.809	-12.8953
12	50.0565	-13.5558
13	143.5618	-13.7637
13	143.9221	-14.5483
13	144.5637	-14.1712
13	144.8949	-14.5945
13	145.3747	-14.985
13	145.272	-15.4282
13	145.4853	-16.2857
13	145.637	-16.7849
13	145.8889	-16.9069
13	146.1603	-17.7617
13	146.0637	-18.2801
13	146.3875	-18.9583
13	147.4711	-19.4807
13	148.1776	-19.9559
13	148.8484	-20.3912
13	148.7175	-20.6335
13	149.2894	-21.2605
13	149.6783	-22.3425
13	150.0774	-22.1228
13	150.4829	-22.5561
13	150.7273	-22.4024
13	150.8996	-23.4622
13	151.6092	-24.0763
13	152.0735	-24.4579
13	152.8552	-25.2675
13	153.1362	-26.0712
13	153.1619	-26.6413
13	153.0929	-27.2603
13	153.5695	-28.1101
13	153.5121	-28.9951
13	153.3391	-29.4582
13	153.0692	-30.3502
13	153.0896	-30.9236
13	152.8916	-31.6404
13	152.45	-32.55
13	151.7091	-33.0413
13	151.344	-33.816
13	151.0106	-34.3104
13	150.7141	-35.1735
13	150.3282	-35.6719
13	150.0752	-36.4202
13	149.9461	-37.1091
13	149.9973	-37.4253
13	149.4239	-37.7727
13	148.3046	-37.8091
13	147.3817	-38.2192
13	146.9221	-38.6065
13	146.3179	-39.0358
13	145.4897	-38.5938
13	144.877	-38.4174
13	145.0322	-37.8962
13	144.4857	-38.0853
13	143.61	-38.8095
13	142.7454	-38.5383
13	142.1783	-38.38
13	141.6066	-38.3085
13	140.6386	-38.0193
13	139.9922	-37.4029
13	139.8066	-36.6436
13	139.5741	-36.1384
13	139.0828	-35.7328
13	138.1207	-35.6123
13	138.4495	-35.1273
13	138.2076	-34.3847
13	137.7192	-35.0768
13	136.8294	-35.2605
13	137.3524	-34.7073
13	137.5039	-34.1303
13	137.8901	-33.6405
13	137.8103	-32.9
13	136.9968	-33.7528
13	136.3721	-34.0948
13	135.989	-34.8901
13	135.2082	-34.4787
13	135.2392	-33.948
13	134.6134	-33.2228
13	134.0859	-32.8481
13	134.2739	-32.6172
13	132.9908	-32.0112
13	132.2881	-31.9826
13	131.3263	-31.4958
13	129.5358	-31.5904
13	128.2409	-31.9485
13	127.1029	-32.2823
13	126.1487	-32.216
13	125.0886	-32.7288
13	124.2216	-32.9595
13	124.0289	-33.4838
13	123.6597	-33.8902
13	122.811	-33.9145
13	122.1831	-34.0034
13	121.2992	-33.821
13	120.5803	-33.9302
13	119.8937	-33.9761
13	119.2989	-34.5094
13	119.0073	-34.4641
13	118.5057	-34.7468
13	118.025	-35.0647
13	117.2955	-35.0255
13	116.6251	-35.0251
13	115.5643	-34.3864
13	115.0268	-34.1965
13	115.0486	-33.6234
13	115.5451	-33.4873
13	115.7147	-33.2596
13	115.6794	-32.9004
13	115.8016	-32.2051
13	115.6896	-31.6124
13	115.1609	-30.6016
13	114.997	-30.0307
13	115.04	-29.4611
13	114.642	-28.8102
13	114.6165	-28.5164
13	114.1736	-28.1181
13	114.0489	-27.3348
13	113.4775	-26.5431
13	113.339	-26.1165
13	113.7784	-26.549
13	113.441	-25.6213
13	113.9369	-25.9112
13	114.2329	-26.2984
13	114.2162	-25.7863
13	113.7213	-24.9989
13	113.6253	-24.684
13	113.3935	-24.3848
13	113.502	-23.8063
13	113.707	-23.5602
13	113.8434	-23.06
13	113.7366	-22.4755
13	114.1498	-21.7559
13	114.2253	-22.5175
13	114.6478	-21.8295
13	115.4602	-21.4952
13	115.9474	-21.0687
13	116.7116	-20.7017
13	117.1663	-20.6236
13	117.4415	-20.7469
13	118.2296	-20.3742
13	118.8361	-20.2633
13	118.9878	-20.0442
13	119.2525	-19.9529
13	119.8052	-19.9765
13	120.8562	-19.6837
13	121.3999	-19.2398
13	121.6551	-18.7053
13	122.2417	-18.1976
13	122.2866	-17.7986
13	122.3128	-17.255
13	123.0126	-16.4052
13	123.4338	-17.2686
13	123.8593	-17.069
13	123.5032	-16.5965
13	123.8171	-16.1113
13	124.2583	-16.3279
13	124.3797	-15.5671
13	124.9262	-15.0751
13	125.1673	-14.6804
13	125.6701	-14.5101
13	125.6858	-14.2307
13	126.1251	-14.3473
13	126.1428	-14.096
13	126.5826	-13.9528
13	127.0659	-13.818
13	127.8046	-14.2769
13	128.3597	-14.8692
13	128.9855	-14.876
13	129.6215	-14.9698
13	129.4096	-14.4207
13	129.8886	-13.6187
13	130.3395	-13.3574
13	130.1835	-13.1075
13	130.6178	-12.5364
13	131.2235	-12.1836
13	131.7351	-12.3025
13	132.5753	-12.114
13	132.5572	-11.603
13	131.8247	-11.2738
13	132.3572	-11.1285
13	133.0196	-11.3764
13	133.5508	-11.7865
13	134.3931	-12.0424
13	134.6786	-11.9412
13	135.2985	-12.2486
13	135.8827	-11.9623
13	136.2584	-12.0493
13	136.4925	-11.8572
13	136.9516	-12.352
13	136.6851	-12.8872
13	136.3054	-13.2912
13	135.9618	-13.3245
13	136.0776	-13.7243
13	135.7838	-14.224
13	135.4287	-14.7154
13	135.5002	-14.9977
13	136.2952	-15.5503
13	137.0654	-15.8708
13	137.5805	-16.2151
13	138.3032	-16.8076
13	138.5852	-16.8066
13	139.1085	-17.0627
13	139.2606	-17.3716
13	140.2152	-17.7108
13	140.8755	-17.3691
13	141.0711	-16.832
13	141.2741	-16.3889
13	141.3982	-15.8405
13	141.7022	-15.0449
13	141.5634	-14.5613
13	141.6355	-14.2704
13	141.5199	-13.6981
13	141.6509	-12.9447
13	141.8427	-12.7415
13	141.687	-12.4076
13	141.9286	-11.8775
13	142.1185	-11.328
13	142.1437	-11.0427
13	142.5153	-10.6682
13	142.7973	-11.1574
13	142.8668	-11.7847
13	143.1159	-11.9056
13	143.1586	-12.3257
13	143.5221	-12.8344
13	143.5972	-13.4004
13	143.5618	-13.7637
14	162.119	-10.4827
14	162.3986	-10.8264
14	161.7	-10.82
14	161.3198	-10.2048
14	161.9174	-10.4467
14	162.119	-10.4827
15	120.7156	-10.2396
15	120.295	-10.2586
15	118.9678	-9.558
15	119.9003	-9.3613
15	120.4258	-9.6659
15	120.7755	-9.9697
15	120.7156	-10.2396
16	160.8522	-9.8729
16	160.4626	-9.8952
16	159.8494	-9.794
16	159.64	-9.64
16	159.7029	-9.243
16	160.363	-9.4003
16	160.6885	-9.6102
16	160.8522	-9.8729
17	161.68	-9.6
17	161.5294	-9.7843
17	160.7883	-8.9175
17	160.58	-8.32
17	160.92	-8.32
17	161.28	-9.12
17	161.68	-9.6
18	124.436	-10.14
18	123.58	-10.36
18	123.46	-10.24
18	123.55	-9.9
18	123.98	-9.29
18	124.9687	-8.8928
18	125.0862	-8.6569
18	125.9471	-8.4321
18	126.6447	-8.3982
18	126.9572	-8.2733
18	127.3359	-8.3973
18	126.968	-8.6683
18	125.9259	-9.106
18	125.0885	-9.3932
18	124.436	-10.14
19	117.9	-8.0957
19	118.2606	-8.3624
19	118.8785	-8.2807
19	119.1265	-8.7058
19	117.9704	-8.9066
19	117.2777	-9.0409
19	116.7401	-9.0329
19	117.0837	-8.4572
19	117.632	-8.4493
19	117.9	-8.0957
20	122.9035	-8.0942
20	122.757	-8.6498
20	121.2545	-8.9337
20	119.9244	-8.8104
20	119.9209	-8.4449
20	120.7151	-8.237
20	121.3417	-8.5367
20	122.0074	-8.4606
20	122.9035	-8.0942
21	159.875	-8.3373
21	159.9174	-8.5383
21	159.1337	-8.1142
21	158.5861	-7.7548
21	158.2112	-7.4219
21	158.36	-7.32
21	158.82	-7.56
21	159.64	-8.02
21	159.875	-8.3373
22	157.5384	-7.3478
22	157.3394	-7.4048
22	156.902	-7.1769
22	156.4914	-6.7659
22	156.5428	-6.5993
22	157.14	-7.0216
22	157.5384	-7.3478
23	108.6235	-6.7777
23	110.5392	-6.8774
23	110.7596	-6.4652
23	112.6148	-6.946
23	112.9788	-7.5942
23	114.4789	-7.7765
23	115.7055	-8.3708
23	114.5645	-8.7518
23	113.4647	-8.3489
23	112.5597	-8.3762
23	111.5221	-8.3021
23	110.5862	-8.1226
23	109.4277	-7.7407
23	108.6937	-7.6416
23	108.2778	-7.7667
23	106.4541	-7.3549
23	106.2806	-6.9249
23	105.3655	-6.8514
23	106.0516	-5.8959
23	107.265	-5.955
23	108.0721	-6.3458
23	108.4868	-6.422
23	108.6235	-6.7777
24	134.7246	-6.2144
24	134.2101	-6.8952
24	134.1128	-6.1425
24	134.2903	-5.7831
24	134.4996	-5.445
24	134.727	-5.7376
24	134.7246	-6.2144
25	155.88	-6.82
25	155.6	-6.92
25	155.167	-6.5359
25	154.7292	-5.9008
25	154.5141	-5.1391
25	154.6525	-5.0424
25	154.76	-5.34
25	155.0629	-5.5668
25	155.5477	-6.2007
25	156.02	-6.54
25	155.88	-6.82
26	151.9828	-5.4781
26	151.4591	-5.5603
26	151.3014	-5.8407
26	150.7544	-6.0838
26	150.2412	-6.3178
26	149.71	-6.3165
26	148.8901	-6.026
26	148.3189	-5.7471
26	148.4018	-5.4378
26	149.2984	-5.5837
26	149.8456	-5.5055
26	149.9963	-5.0261
26	150.1398	-5.0013
26	150.2369	-5.5322
26	150.8075	-5.4558
26	151.0897	-5.1137
26	151.6479	-4.7571
26	151.5379	-4.1678
26	152.1368	-4.1488
26	152.3387	-4.313
26	152.3187	-4.8677
26	151.9828	-5.4781
27	127.2492	-3.4591
27	126.8749	-3.791
27	126.1838	-3.6074
27	125.989	-3.1773
27	127.0007	-3.1293
27	127.2492	-3.4591
28	130.4713	-3.0938
28	130.8348	-3.8585
28	129.9905	-3.4463
28	129.1552	-3.3626
28	128.5907	-3.4287
28	127.8989	-3.3934
28	128.1359	-2.8436
28	129.371	-2.8022
28	130.4713	-3.0938
29	153.14	-4.5
29	152.8273	-4.7664
29	152.6387	-4.1761
29	152.406	-3.7897
29	151.9532	-3.4621
29	151.3843	-3.0354
29	150.662	-2.7415
29	150.94	-2.5
29	151.48	-2.78
29	151.82	-3.0
29	152.24	-3.24
29	152.64	-3.66
29	153.02	-3.98
29	153.14	-4.5
30	134.1434	-1.1519
30	134.4226	-2.7692
30	135.4576	-3.3678
30	136.2933	-2.307
30	137.4407	-1.7035
30	138.3297	-1.7027
30	139.1849	-2.0513
30	139.9267	-2.4091
30	141.0002	-2.6002
30	142.7352	-3.2892
30	144.584	-3.8614
30	145.2732	-4.3737
30	145.8298	-4.8765
30	145.9819	-5.4656
30	147.6481	-6.0837
30	147.8911	-6.614
30	146.9709	-6.7217
30	147.1919	-7.388
30	148.0846	-8.0441
30	148.7341	-9.1047
30	149.3068	-9.0714
30	149.2666	-9.5144
30	150.0387	-9.6843
30	149.7388	-9.8729
30	150.8016	-10.2937
30	150.6906	-10.5827
30	150.0284	-10.6525
30	149.7823	-10.3933
30	148.9231	-10.2809
30	147.913	-10.1304
30	147.1354	-9.4924
30	146.5679	-8.9426
30	146.0485	-8.0674
30	144.7442	-7.6301
30	143.8971	-7.9153
30	143.2864	-8.2455
30	143.4139	-8.9831
30	142.6284	-9.3268
30	142.0683	-9.1596
30	141.0339	-9.1179
30	140.1434	-8.2972
30	139.1278	-8.096
30	138.8815	-8.3809
30	137.6145	-8.4117
30	138.0391	-7.5979
30	138.6686	-7.3202
30	138.4079	-6.2328
30	137.9278	-5.3934
30	135.9892	-4.5465
30	135.1646	-4.4629
30	133.6629	-3.5389
30	133.3677	-4.0248
30	132.984	-4.113
30	132.7569	-3.7463
30	132.7538	-3.3118
30	131.9898	-2.8206
30	133.0668	-2.4604
30	133.78	-2.4798
30	133.6962	-2.2145
30	132.2324	-2.2125
30	131.8362	-1.6172
30	130.9428	-1.4325
30	130.5196	-0.9377
30	131.8675	-0.6955
30	132.3801	-0.3695
30	133.9855	-0.7802
30	134.1434	-1.1519
31	125.2405	1.4198
31	124.437	0.4279
31	123.6855	0.2356
31	122.7231	0.4311
31	121.0567	0.3812
31	120.1831	0.2372
31	120.0409	-0.5197
31	120.9359	-1.4089
31	121.4758	-0.956
31	123.3406	-0.6157
31	123.2584	-1.0762
31	122.8227	-0.931
31	122.3885	-1.5169
31	121.5083	-1.9045
31	122.4546	-3.1861
31	122.2719	-3.5295
31	123.171	-4.6837
31	123.1623	-5.3406
31	122.6285	-5.6346
31	122.2364	-5.2829
31	122.7196	-4.4642
31	121.7382	-4.8513
31	121.4895	-4.5746
31	121.6192	-4.1885
31	120.8982	-3.6021
31	120.9724	-2.6276
31	120.3055	-2.9316
31	120.39	-4.0976
31	120.4307	-5.5282
31	119.7965	-5.6734
31	119.3669	-5.3799
31	119.6536	-4.4594
31	119.4988	-3.4944
31	119.0783	-3.487
31	118.7678	-2.802
31	119.181	-2.1471
31	119.3234	-1.3531
31	119.826	0.1543
31	120.0357	0.5665
31	120.8858	1.3092
31	121.6668	1.0139
31	122.9276	0.8752
31	124.0775	0.9171
31	125.066	1.6433
31	125.2405	1.4198
32	128.6882	1.1324
32	128.636	0.2585
32	128.1202	0.3564
32	127.968	-0.2521
32	128.38	-0.78
32	128.1	-0.9
32	127.6965	-0.2666
32	127.3995	1.0117
32	127.6005	1.8107
32	127.9324	2.1746
32	128.0042	1.6285
32	128.5946	1.5408
32	128.6882	1.1324
33	105.8177	-5.8524
33	104.7104	-5.8733
33	103.8682	-5.0373
33	102.5843	-4.2203
33	102.1562	-3.6141
33	101.3991	-2.7998
33	100.9025	-2.0503
33	100.142	-0.6503
33	99.2637	0.1831
33	98.97	1.0429
33	98.6014	1.8235
33	97.6996	2.4532
33	97.1769	3.3088
33	96.424	3.8689
33	95.3809	4.9708
33	95.293	5.4798
33	95.9369	5.4395
33	97.4849	5.2463
33	98.3692	4.2684
33	99.1426	3.5903
33	99.694	3.1743
33	100.6414	2.0994
33	101.658	2.0837
33	102.4983	1.3987
33	103.0768	0.5614
33	103.8384	0.1045
33	103.4376	-0.7119
33	104.0108	-1.0592
33	104.37	-1.0848
33	104.5395	-1.7824
33	104.8879	-2.3404
33	105.6221	-2.4288
33	106.1086	-3.0618
33	105.8574	-4.3055
33	105.8177	-5.8524
34	117.8756	1.8276
34	118.9967	0.9022
34	117.8119	0.7842
34	117.4783	0.1025
34	117.5216	-0.8037
34	116.56	-1.4877
34	116.5338	-2.4835
34	116.1481	-4.0127
34	116.0009	-3.657
34	114.8648	-4.107
34	114.4687	-3.4957
34	113.7557	-3.4392
34	113.257	-3.1188
34	112.0681	-3.4784
34	111.7033	-2.9944
34	111.0482	-3.0494
34	110.2238	-2.934
34	110.0709	-1.5929
34	109.5719	-1.3149
34	109.0919	-0.4595
34	108.9527	0.4154
34	109.0691	1.3419
34	109.6633	2.0065
34	110.3961	1.6638
34	111.1689	1.8506
34	111.3701	2.6973
34	111.7969	2.8859
34	112.9956	3.1024
34	113.7129	3.8935
34	114.204	4.5259
34	114.6	4.9
34	115.4507	5.4477
34	116.2207	6.1432
34	116.7251	6.9248
34	117.1296	6.9281
34	117.6434	6.4222
34	117.6891	5.9875
34	118.3477	5.7087
34	119.1819	5.4078
34	119.1107	5.0161
34	118.4397	4.9665
34	118.6183	4.4782
34	117.882	4.1376
34	117.3132	3.2344
34	118.0483	2.2877
34	117.8756	1.8276
35	126.3768	8.4147
35	126.4785	7.7504
35	126.5374	7.1894
35	126.1968	6.2743
35	125.8314	7.2937
35	125.3639	6.7865
35	125.6832	6.0497
35	125.3965	5.581
35	124.2198	6.1614
35	123.9387	6.8851
35	124.2437	7.3606
35	123.6102	7.8335
35	123.2961	7.4189
35	122.8255	7.4574
35	122.0855	6.8994
35	121.9199	7.1921
35	122.3124	8.035
35	122.9424	8.3162
35	123.4877	8.693
35	123.8412	8.2403
35	124.6015	8.5142
35	124.7646	8.9604
35	125.4714	8.987
35	125.4121	9.7603
35	126.2227	9.2861
35	126.3066	8.7825
35	126.3768	8.4147
36	81.218	6.1971
36	80.3484	5.9684
36	79.8725	6.7635
36	79.6952	8.2008
36	80.1478	9.8241
36	80.8388	9.2684
36	81.3043	8.5642
36	81.788	7.5231
36	81.6373	6.4818
36	81.218	6.1971
37	-60.935	10.11
37	-61.77	10
37	-61.95	10.09
37	-61.66	10.365
37	-61.68	10.76
37	-61.105	10.89
37	-60.895	10.855
37	-60.935	10.11
38	123.9824	10.2788
38	123.6232	9.9501
38	123.3099	9.3183
38	122.9959	9.0222
38	122.3801	9.7134
38	122.5861	9.981
38	122.8371	10.2612
38	122.9474	10.8819
38	123.4989	10.9406
38	123.3378	10.2674
38	124.0779	11.2327
38	123.9824	10.2788
39	118.5046	9.3164
39	117.1743	8.3675
39	117.6645	9.0669
39	118.3869	9.6845
39	118.9873	10.3763
39	119.5115	11.3697
39	119.6897	10.5543
39	119.0295	10.0037
39	118.5046	9.3164
40	121.8835	11.8918
40	122.4838	11.5822
40	123.1202	11.5837
40	123.1008	11.1659
40	122.6377	10.7413
40	122.0026	10.441
40	121.9674	10.9057
40	122.0384	11.4158
40	121.8835	11.8918
41	125.5026	12.1627
41	125.7835	11.0461
41	125.0119	11.3115
41	125.0328	10.9758
41	125.2774	10.3587
41	124.8018	10.1347
41	124.7602	10.838
41	124.4591	10.8899
41	124.3025	11.4954
41	124.891	11.4156
41	124.878	11.7942
41	124.2668	12.5578
41	125.2271	12.5357
41	125.5026	12.1627
42	121.5274	13.0696
42	121.2622	12.2056
42	120.8339	12.7045
42	120.3234	13.4664
42	121.1801	13.4297
42	121.5274	13.0696
43	121.3213	18.5041
43	121.9376	18.2186
43	122.246	18.479
43	122.337	18.2249
43	122.1743	17.8103
43	122.5157	17.0935
43	122.2523	16.2624
43	121.6628	15.931
43	121.5051	15.1248
43	121.7288	14.3284
43	122.2589	14.2182
43	122.7013	14.3365
43	123.9503	13.7821
43	123.8551	13.2378
43	124.1813	12.9975
43	124.0774	12.5367
43	123.298	13.0275
43	122.9287	13.5529
43	122.6714	13.1858
43	122.0346	13.7845
43	121.1264	13.6367
43	120.6286	13.8577
43	120.6794	14.271
43	120.9918	14.5254
43	120.6933	14.7567
43	120.5641	14.3963
43	120.0704	14.9709
43	119.9209	15.4063
43	119.8838	16.3637
43	120.2865	16.0346
43	120.39	17.5991
43	120.7159	18.5052
43	121.3213	18.5041
44	-65.591	18.228
44	-65.8472	17.9759
44	-66.5999	17.9818
44	-67.1842	17.9466
44	-67.2424	18.3745
44	-67.1007	18.5206
44	-66.2824	18.5148
44	-65.7713	18.4267
44	-65.591	18.228
45	-76.9026	17.8682
45	-77.2063	17.7011
45	-77.766	17.8616
45	-78.3377	18.226
45	-78.2177	18.4545
45	-77.7974	18.5242
45	-77.5696	18.4905
45	-76.8966	18.4009
45	-76.3654	18.1607
45	-76.1997	17.8869
45	-76.9026	17.8682
46	-72.5797	19.8715
46	-71.7124	19.7145
46	-71.5873	19.8849
46	-70.8067	19.8803
46	-70.2144	19.6229
46	-69.9508	19.648
46	-69.7692	19.2933
46	-69.2221	19.3132
46	-69.2543	19.0152
46	-68.8094	18.9791
46	-68.3179	18.6122
46	-68.6893	18.2051
46	-69.1649	18.4226
46	-69.624	18.3807
46	-69.9529	18.4283
46	-70.1332	18.2459
46	-70.5171	18.1843
46	-70.6693	18.4269
46	-70.9999	18.2833
46	-71.4002	17.5986
46	-71.6577	17.7576
46	-71.7083	18.045
46	-72.3725	18.215
46	-72.8444	18.1456
46	-73.4546	18.2179
46	-73.9224	18.031
46	-74.458	18.3425
46	-74.3699	18.6649
46	-73.4495	18.5261
46	-72.6949	18.4458
46	-72.3349	18.6684
46	-72.7917	19.1016
46	-72.7841	19.4836
46	-73.415	19.6396
46	-73.1898	19.9157
46	-72.5797	19.8715
47	110.3392	18.6784
47	109.4752	18.1977
47	108.6552	18.5077
47	108.6262	19.3679
47	109.1191	19.821
47	110.2116	20.1013
47	110.7866	20.0775
47	111.0101	19.6959
47	110.5706	19.2559
47	110.3392	18.6784
48	-155.5421	19.0835
48	-155.6882	18.9162
48	-155.9366	19.0594
48	-155.9081	19.3389
48	-156.0735	19.7029
48	-156.0237	19.8142
48	-155.8501	19.9773
48	-155.9191	20.174
48	-155.8611	20.2672
48	-155.7851	20.2487
48	-155.4021	20.0798
48	-155.2245	19.993
48	-155.0623	19.8591
48	-154.8074	19.5087
48	-154.8315	19.4533
48	-155.2222	19.2397
48	-155.5421	19.0835
49	-156.0793	20.644
49	-156.4144	20.5724
49	-156.5867	20.783
49	-156.7017	20.8643
49	-156.7106	20.9268
49	-156.6126	21.0125
49	-156.2571	20.9174
49	-155.9957	20.764
49	-156.0793	20.644
50	-156.7582	21.1768
50	-156.7893	21.0687
50	-157.3252	21.0978
50	-157.2503	21.2196
50	-156.7582	21.1768
51	-157.6528	21.3222
51	-157.707	21.2644
51	-157.7786	21.2773
51	-158.1267	21.3124
51	-158.2538	21.5392
51	-158.2927	21.5791
51	-158.0252	21.717
51	-157.9416	21.6527
51	-157.6528	21.3222
52	-159.3451	21.982
52	-159.4637	21.883
52	-159.8005	22.0653
52	-159.7488	22.1382
52	-159.5962	22.2362
52	-159.3657	22.2149
52	-159.3451	21.982
53	-79.6795	22.7653
53	-79.2815	22.3992
53	-78.3474	22.5122
53	-77.9933	22.2772
53	-77.1464	21.6579
53	-76.5238	21.2068
53	-76.1946	21.2206
53	-75.5982	21.0166
53	-75.6711	20.7351
53	-74.9339	20.6939
53	-74.178	20.2846
53	-74.2966	20.0504
53	-74.9616	19.9234
53	-75.6347	19.8738
53	-76.3237	19.9529
53	-77.7555	19.8555
53	-77.0851	20.4134
53	-77.4927	20.6731
53	-78.1373	20.7399
53	-78.4828	21.0286
53	-78.7199	21.5981
53	-79.285	21.5592
53	-80.2175	21.8273
53	-80.5175	22.0371
53	-81.8209	22.1921
53	-82.17	22.3871
53	-81.795	22.637
53	-82.7759	22.6882
53	-83.4945	22.1685
53	-83.9088	22.1546
53	-84.0522	21.9106
53	-84.547	21.8012
53	-84.9749	21.896
53	-84.4471	22.205
53	-84.2304	22.5658
53	-83.7782	22.7881
53	-83.2675	22.983
53	-82.5104	23.0787
53	-82.2682	23.1886
53	-81.4045	23.1173
53	-80.6188	23.106
53	-79.6795	22.7653
54	-77.5347	23.7598
54	-77.78	23.71
54	-78.034	24.2861
54	-78.4085	24.5756
54	-78.1909	25.2103
54	-77.89	25.17
54	-77.54	24.34
54	-77.5347	23.7598
55	121.1756	22.7909
55	120.7471	21.9706
55	120.2201	22.8149
55	120.1062	23.5563
55	120.6947	24.5385
55	121.495	25.2955
55	121.9512	24.9976
55	121.7778	24.3943
55	121.1756	22.7909
56	-77.82	26.58
56	-78.91	26.42
56	-78.98	26.79
56	-78.51	26.87
56	-77.85	26.84
56	-77.82	26.58
57	-77	26.59
57	-77.1726	25.8792
57	-77.3564	26.0073
57	-77.34	26.53
57	-77.788	26.9252
57	-77.79	27.04
57	-77	26.59
58	134.6384	34.1492
58	134.7664	33.8063
58	134.2034	33.2012
58	133.7929	33.522
58	133.2803	33.2896
58	133.0149	32.7046
58	132.3631	32.9894
58	132.3712	33.4636
58	132.9244	34.0603
58	133.493	33.9446
58	133.9041	34.3649
58	134.6384	34.1492
59	34.5765	35.6716
59	33.9008	35.2458
59	33.9736	35.0585
59	34.0049	34.9781
59	32.9798	34.5719
59	32.4903	34.7017
59	32.2567	35.1032
59	32.7318	35.14
59	32.8025	35.1455
59	32.947	35.3867
59	33.6672	35.3732
59	34.5765	35.6716
60	23.7	35.705
60	24.2467	35.368
60	25.025	35.425
60	25.7692	35.354
60	25.745	35.18
60	26.29	35.3
60	26.165	35.005
60	24.725	34.92
60	24.735	35.085
60	23.515	35.28
60	23.7	35.705
61	15.5204	38.2312
61	15.1602	37.444
61	15.3099	37.1342
61	15.1	36.62
61	14.3352	36.9966
61	13.8267	37.1045
61	12.431	37.6129
61	12.5709	38.1264
61	13.7412	38.035
61	14.7612	38.1439
61	15.5204	38.2312
62	9.21	41.21
62	9.81	40.5
62	9.6695	39.1774
62	9.2148	39.2405
62	8.8069	38.9066
62	8.4283	39.1718
62	8.3883	40.3783
62	8.16	40.95
62	8.71	40.9
62	9.21	41.21
63	140.9764	37.1421
63	140.5998	36.344
63	140.7741	35.8429
63	140.2533	35.1381
63	138.9755	34.6676
63	137.2176	34.6063
63	135.793	33.4648
63	135.121	33.8491
63	135.0794	34.5965
63	133.3403	34.3759
63	132.1568	33.9049
63	130.9861	33.8858
63	132.0	33.15
63	131.3328	31.4504
63	130.6863	31.0296
63	130.2024	31.4182
63	130.4477	32.3195
63	129.8147	32.6103
63	129.4085	33.2961
63	130.3539	33.6042
63	130.8785	34.2327
63	131.8842	34.7497
63	132.6177	35.4334
63	134.6083	35.7316
63	135.6775	35.5271
63	136.7238	37.305
63	137.3906	36.8274
63	138.8576	37.8275
63	139.4264	38.216
63	140.0548	39.4388
63	139.8834	40.5633
63	140.3058	41.195
63	141.369	41.3786
63	141.9143	39.9916
63	141.8846	39.1809
63	140.9595	38.174
63	140.9764	37.1421
64	9.56	42.1525
64	9.2298	41.38
64	8.7757	41.5836
64	8.5442	42.2565
64	8.746	42.6281
64	9.39	43.01
64	9.56	42.1525
65	143.9102	44.1741
65	144.6134	43.9609
65	145.3208	44.3847
65	145.5431	43.2621
65	144.0597	42.9884
65	143.1839	41.9952
65	141.6115	42.6788
65	141.0673	41.5846
65	139.9551	41.5696
65	139.8175	42.5638
65	140.3121	43.3333
65	141.3805	43.3888
65	141.672	44.7721
65	141.9676	45.5515
65	143.1429	44.5104
65	143.9102	44.1741
66	-63.6645	46.55
66	-62.9393	46.4159
66	-62.0121	46.4431
66	-62.5039	46.0334
66	-62.8743	45.9682
66	-64.1428	46.3927
66	-64.3926	46.7275
66	-64.0149	47.036
66	-63.6645	46.55
67	-61.8063	49.1051
67	-62.2932	49.0872
67	-63.5893	49.4007
67	-64.5191	49.873
67	-64.1732	49.9572
67	-62.8583	49.7064
67	-61.8356	49.2886
67	-61.8063	49.1051
68	-123.51	48.51
68	-124.0129	48.3708
68	-125.655	48.825
68	-125.955	49.18
68	-126.85	49.53
68	-127.03	49.815
68	-128.0593	49.995
68	-128.4446	50.5391
68	-128.3584	50.7706
68	-127.3086	50.5526
68	-126.695	50.4009
68	-125.755	50.295
68	-125.415	49.95
68	-124.9208	49.4753
68	-123.9225	49.0625
68	-123.51	48.51
69	-56.134	50.687
69	-56.7959	49.8123
69	-56.1431	50.1501
69	-55.4715	49.9358
69	-55.8224	49.5871
69	-54.9351	49.313
69	-54.4738	49.5567
69	-53.4765	49.2491
69	-53.786	48.5168
69	-53.0861	48.6878
69	-52.9586	48.1572
69	-52.6481	47.5355
69	-53.0692	46.6555
69	-53.5215	46.6183
69	-54.1789	46.8071
69	-53.9619	47.6252
69	-54.2405	47.7523
69	-55.4008	46.885
69	-55.9975	46.9197
69	-55.2912	47.3896
69	-56.2508	47.6325
69	-57.3252	47.5728
69	-59.266	47.6033
69	-59.4195	47.8995
69	-58.7966	48.2515
69	-59.2316	48.5232
69	-58.3918	49.1256
69	-57.3587	50.7183
69	-56.7386	51.2874
69	-55.871	51.6321
69	-55.407	51.5883
69	-55.6002	51.3171
69	-56.134	50.687
70	-132.71	54.04
70	-132.71	54.04
70	-132.71	54.04
70	-132.71	54.04
70	-131.75	54.12
70	-132.0495	52.9846
70	-131.179	52.1804
70	-131.5778	52.1824
70	-132.1804	52.6397
70	-132.55	53.1
70	-133.0546	53.4115
70	-133.2397	53.8511
70	-133.18	54.17
70	-132.71	54.04
71	143.648	50.7476
71	144.6541	48.9764
71	143.1739	49.3066
71	142.5587	47.8616
71	143.5335	46.8367
71	143.5053	46.1379
71	142.7477	46.7408
71	142.092	45.9668
71	141.9069	46.8059
71	142.0184	47.7801
71	141.9044	48.8592
71	142.1358	49.6152
71	142.18	50.9523
71	141.5941	51.9354
71	141.6825	53.302
71	142.6069	53.7621
71	142.2097	54.2255
71	142.6548	54.3659
71	142.9146	53.7046
71	143.2608	52.7408
71	143.2353	51.7567
71	143.648	50.7476
72	-6.7889	52.2601
72	-8.5616	51.6693
72	-9.9771	51.8205
72	-9.1663	52.8646
72	-9.6885	53.8814
72	-8.328	54.6645
72	-7.5722	55.1316
72	-6.7338	55.1729
72	-5.6619	54.5546
72	-6.1979	53.8676
72	-6.033	53.1532
72	-6.7889	52.2601
73	12.69	55.61
73	12.09	54.8
73	11.0435	55.3649
73	10.9039	55.78
73	12.3709	56.1114
73	12.69	55.61
74	-153.0063	57.1158
74	-154.0051	56.7347
74	-154.5164	56.9927
74	-154.671	57.4612
74	-153.7628	57.8166
74	-153.2287	57.969
74	-152.5648	57.9014
74	-152.1411	57.5911
74	-153.0063	57.1158
75	-3.005	58.635
75	-4.0738	57.553
75	-3.055	57.69
75	-1.9593	57.6848
75	-2.22	56.87
75	-3.119	55.9738
75	-2.085	55.91
75	-1.115	54.625
75	-0.4305	54.4644
75	0.185	53.325
75	0.47	52.93
75	1.6815	52.7395
75	1.56	52.1
75	1.0506	51.8068
75	1.4499	51.2894
75	0.5503	50.7657
75	-0.7875	50.775
75	-2.49	50.5
75	-2.9563	50.6969
75	-3.6174	50.2284
75	-4.5425	50.3418
75	-5.245	49.96
75	-5.7766	50.1597
75	-4.31	51.21
75	-3.4149	51.426
75	-4.9844	51.5935
75	-5.2673	51.9914
75	-4.2223	52.3014
75	-4.77	52.84
75	-4.58	53.495
75	-3.0921	53.4044
75	-2.945	53.985
75	-3.63	54.615
75	-4.8442	54.791
75	-5.0825	55.0616
75	-4.7191	55.5085
75	-5.048	55.784
75	-5.5864	55.3111
75	-5.645	56.275
75	-6.15	56.785
75	-5.7868	57.8188
75	-5.01	58.63
75	-4.2115	58.5508
75	-3.005	58.635
76	-165.5792	59.91
76	-166.1928	59.7544
76	-166.8483	59.9414
76	-167.4553	60.2131
76	-166.4678	60.3842
76	-165.6744	60.2936
76	-165.5792	59.91
77	-79.2658	62.1587
77	-79.6575	61.6331
77	-80.0996	61.7181
77	-80.3621	62.0165
77	-80.3154	62.0856
77	-79.9294	62.3856
77	-79.52	62.3637
77	-79.2658	62.1587
78	-81.8983	62.7108
78	-83.0686	62.1592
78	-83.7746	62.1823
78	-83.9937	62.4528
78	-83.2505	62.9141
78	-81.877	62.9046
78	-81.8983	62.7108
79	-171.7317	63.7825
79	-171.1144	63.5922
79	-170.4911	63.695
79	-169.6825	63.4311
79	-168.6894	63.2975
79	-168.7719	63.1886
79	-169.5294	62.9769
79	-170.2906	63.1944
79	-170.6714	63.3758
79	-171.5531	63.3178
79	-171.7911	63.4058
79	-171.7317	63.7825
80	-85.1613	65.6573
80	-84.9758	65.2175
80	-84.464	65.3718
80	-83.8826	65.1096
80	-82.7876	64.7667
80	-81.642	64.4551
80	-81.5534	63.9796
80	-80.8174	64.0575
80	-80.1035	63.726
80	-80.991	63.4112
80	-82.5472	63.6517
80	-83.1088	64.1019
80	-84.1004	63.5697
80	-85.5234	63.0524
80	-85.8668	63.6373
80	-87.222	63.5412
80	-86.3528	64.0358
80	-86.2249	64.8229
80	-85.8838	65.7388
80	-85.1613	65.6573
81	-14.5087	66.4559
81	-14.7396	65.8087
81	-13.6097	65.1267
81	-14.9098	64.3641
81	-17.7944	63.6787
81	-18.6562	63.4964
81	-19.9728	63.6436
81	-22.763	63.9602
81	-21.7785	64.4021
81	-23.955	64.8911
81	-22.1844	65.085
81	-22.2274	65.3786
81	-24.3262	65.6112
81	-23.6505	66.2625
81	-22.1349	66.4105
81	-20.5763	65.7321
81	-19.0568	66.2766
81	-17.7986	65.9939
81	-16.1678	66.5268
81	-14.5087	66.4559
82	-75.8659	67.1489
82	-76.9869	67.0987
82	-77.2364	67.5881
82	-76.8117	68.1486
82	-75.8952	68.2872
82	-75.1145	68.0104
82	-75.1033	67.582
82	-75.216	67.4442
82	-75.8659	67.1489
83	-175.0143	66.5844
83	-174.3398	66.3356
83	-174.5718	67.0622
83	-171.8573	66.9131
83	-169.8996	65.9772
83	-170.8911	65.5414
83	-172.5302	65.4379
83	-172.555	64.4608
83	-172.9553	64.2527
83	-173.8918	64.2826
83	-174.6539	64.6312
83	-175.9835	64.9229
83	-176.2072	65.3567
83	-177.2227	65.5202
83	-178.3599	65.3905
83	-178.9033	65.7404
83	-178.6861	66.1121
83	-179.8838	65.8746
83	-179.4327	65.4041
83	-180	64.9797
83	-180	68.9636
83	-177.55	68.2
83	-174.9282	67.2059
83	-175.0143	66.5844
84	-95.6477	69.1077
84	-96.2695	68.757
84	-97.6174	69.06
84	-98.4318	68.9507
84	-99.7974	69.4
84	-98.9174	69.71
84	-98.2183	70.1435
84	-97.1574	69.86
84	-96.5574	69.68
84	-96.2574	69.49
84	-95.6477	69.1077
85	180	70.8322
85	178.9034	70.7811
85	178.7253	71.0988
85	180	71.5157
85	180	70.8322
86	-178.6938	70.893
86	-180	70.8322
86	-180	71.5157
86	-179.8719	71.5576
86	-179.0243	71.5555
86	-177.5779	71.2695
86	-177.6636	71.1328
86	-178.6938	70.893
87	-90.5471	69.4977
87	-90.5515	68.4751
87	-89.2151	69.2587
87	-88.0196	68.6151
87	-88.3175	67.8735
87	-87.3501	67.1987
87	-86.3061	67.9215
87	-85.5766	68.7845
87	-85.5219	69.8821
87	-84.1008	69.8055
87	-82.6225	69.6583
87	-81.2804	69.1621
87	-81.2202	68.6657
87	-81.9643	68.1325
87	-81.2593	67.5973
87	-81.3865	67.1109
87	-83.3445	66.4117
87	-84.7354	66.2573
87	-85.7694	66.5583
87	-86.0676	66.0563
87	-87.0314	65.2131
87	-87.3232	64.7757
87	-88.4829	64.0991
87	-89.9144	64.0327
87	-90.704	63.6103
87	-90.77	62.9603
87	-91.9334	62.8351
87	-93.157	62.0247
87	-94.2415	60.8987
87	-94.6293	60.1103
87	-94.6845	58.9489
87	-93.215	58.7821
87	-92.7646	57.8457
87	-92.297	57.0871
87	-90.8977	57.2847
87	-89.0395	56.8517
87	-88.0398	56.4717
87	-87.3242	55.9991
87	-86.0712	55.7239
87	-85.0118	55.3027
87	-83.3605	55.2449
87	-82.2728	55.1483
87	-82.4362	54.2823
87	-82.125	53.2771
87	-81.4007	52.1579
87	-79.9129	51.2085
87	-79.143	51.5339
87	-78.6019	52.5621
87	-79.1242	54.1415
87	-79.8296	54.6677
87	-78.2287	55.1365
87	-77.0956	55.8375
87	-76.5414	56.5343
87	-76.6231	57.2027
87	-77.3022	58.0521
87	-78.5169	58.8047
87	-77.3367	59.8527
87	-77.7727	60.7579
87	-78.1068	62.3197
87	-77.4106	62.5505
87	-75.6962	62.2785
87	-74.6682	62.1811
87	-73.8399	62.4439
87	-72.9085	62.1051
87	-71.677	61.5253
87	-71.3737	61.1371
87	-69.5904	61.0615
87	-69.6203	60.2213
87	-69.2879	58.9573
87	-68.3745	58.8011
87	-67.6498	58.2121
87	-66.2018	58.7673
87	-65.2452	59.8707
87	-64.5835	60.3357
87	-63.8047	59.4427
87	-62.5024	58.1671
87	-61.3965	56.9675
87	-61.7986	56.3395
87	-60.4685	55.7755
87	-59.5696	55.2041
87	-57.9751	54.9455
87	-57.3332	54.6265
87	-56.9369	53.7803
87	-56.1581	53.6475
87	-55.7563	53.2705
87	-55.6833	52.1467
87	-56.4092	51.7707
87	-57.1269	51.4197
87	-58.7748	51.0643
87	-60.0331	50.2429
87	-61.7236	50.0805
87	-63.8625	50.2911
87	-65.3633	50.2983
87	-66.399	50.2289
87	-67.2363	49.5115
87	-68.5111	49.0685
87	-69.9536	47.7449
87	-71.1045	46.8217
87	-70.2552	46.9861
87	-68.65	48.3001
87	-66.5524	49.1331
87	-65.0562	49.2329
87	-64.171	48.7425
87	-65.1155	48.0709
87	-64.7985	46.9931
87	-64.4721	46.2385
87	-63.1733	45.7391
87	-61.5207	45.8839
87	-60.5181	47.0079
87	-60.4486	46.2827
87	-59.8028	45.9205
87	-61.0398	45.2653
87	-63.2547	44.6703
87	-64.2466	44.2655
87	-65.3641	43.5453
87	-66.1234	43.6187
87	-66.1617	44.4651
87	-64.4255	45.2921
87	-66.026	45.2593
87	-67.1374	45.1375
87	-66.9646	44.8097
87	-68.0325	44.3253
87	-69.06	43.9801
87	-70.1161	43.6841
87	-70.69	43.0301
87	-70.8149	42.8653
87	-70.825	42.3351
87	-70.495	41.8051
87	-70.08	41.7801
87	-70.185	42.1451
87	-69.8849	41.9229
87	-69.965	41.6371
87	-70.64	41.4751
87	-71.1203	41.4945
87	-71.86	41.3201
87	-72.295	41.2701
87	-72.8764	41.2207
87	-73.71	40.9311
87	-72.2412	41.1195
87	-71.945	40.9301
87	-73.3449	40.6301
87	-73.982	40.6281
87	-73.9523	40.7507
87	-74.2567	40.4735
87	-73.9624	40.4277
87	-74.1784	39.7093
87	-74.906	38.9395
87	-74.9804	39.1965
87	-75.2	39.2485
87	-75.5281	39.4985
87	-75.32	38.9601
87	-75.0835	38.7813
87	-75.0567	38.4041
87	-75.3774	38.0155
87	-75.9402	37.2169
87	-76.0312	37.2567
87	-75.722	37.9371
87	-76.2328	38.3193
87	-76.35	39.1501
87	-76.5427	38.7177
87	-76.3293	38.0833
87	-76.96	38.2329
87	-76.3016	37.9181
87	-76.2587	36.9665
87	-75.9718	36.8973
87	-75.868	36.5513
87	-75.7275	35.5507
87	-76.3631	34.8085
87	-77.3976	34.5121
87	-78.0549	33.9255
87	-78.5543	33.8613
87	-79.0606	33.4941
87	-79.2035	33.1585
87	-80.3013	32.5093
87	-80.865	32.0333
87	-81.3363	31.4405
87	-81.4904	30.7301
87	-81.3137	30.0355
87	-80.98	29.1801
87	-80.5356	28.4721
87	-80.53	28.0401
87	-80.0565	26.8801
87	-80.088	26.2057
87	-80.1315	25.8169
87	-80.381	25.2063
87	-80.68	25.0801
87	-81.1721	25.2013
87	-81.33	25.6401
87	-81.71	25.8701
87	-82.24	26.7301
87	-82.7051	27.4951
87	-82.8553	27.8863
87	-82.65	28.5501
87	-82.93	29.1001
87	-83.7096	29.9367
87	-84.1	30.0901
87	-85.1088	29.6363
87	-85.2878	29.6861
87	-85.773	30.1527
87	-86.4	30.4001
87	-87.5303	30.2745
87	-88.4178	30.3849
87	-89.1805	30.3161
87	-89.6049	30.1763
87	-89.4137	29.8943
87	-89.43	29.4887
87	-89.2176	29.2911
87	-89.4082	29.1597
87	-89.7793	29.3071
87	-90.1546	29.1175
87	-90.8802	29.1487
87	-91.6267	29.6771
87	-92.4991	29.5523
87	-93.2264	29.7839
87	-93.8484	29.7137
87	-94.69	29.4801
87	-95.6003	28.7387
87	-96.594	28.3075
87	-97.14	27.8301
87	-97.37	27.3801
87	-97.38	26.6901
87	-97.33	26.2101
87	-97.1402	25.8695
87	-97.1386	25.8679
87	-97.1418	25.8659
87	-97.5281	24.9921
87	-97.7029	24.2723
87	-97.776	22.9327
87	-97.8724	22.4443
87	-97.699	21.8987
87	-97.389	21.4111
87	-97.1893	20.6355
87	-96.5255	19.8909
87	-96.2921	19.3205
87	-95.9009	18.8281
87	-94.839	18.5627
87	-94.4257	18.1443
87	-93.5486	18.4239
87	-92.7861	18.5249
87	-92.0373	18.7047
87	-91.4079	18.8761
87	-90.7718	19.2841
87	-90.5335	19.8675
87	-90.4515	20.7075
87	-90.2786	20.9999
87	-89.6013	21.2617
87	-88.5439	21.4937
87	-87.6584	21.4589
87	-87.0519	21.5435
87	-86.812	21.3315
87	-86.8459	20.8499
87	-87.3833	20.2555
87	-87.621	19.6465
87	-87.4367	19.4725
87	-87.5865	19.0401
87	-87.8372	18.2599
87	-88.0906	18.5167
87	-88.3	18.5001
87	-88.2963	18.3533
87	-88.1068	18.3487
87	-88.1234	18.0767
87	-88.2853	17.6443
87	-88.1979	17.4895
87	-88.3026	17.1317
87	-88.2395	17.0361
87	-88.3554	16.5309
87	-88.5518	16.2655
87	-88.7324	16.2337
87	-88.9306	15.8873
87	-88.6046	15.7065
87	-88.5183	15.8555
87	-88.225	15.7277
87	-88.1211	15.6887
87	-87.9018	15.8645
87	-87.6156	15.8789
87	-87.5229	15.7973
87	-87.3677	15.8469
87	-86.9032	15.7567
87	-86.4409	15.7829
87	-86.1192	15.8935
87	-86.0019	16.0055
87	-85.6833	15.9537
87	-85.444	15.8857
87	-85.1824	15.9093
87	-84.9837	15.9959
87	-84.527	15.8573
87	-84.3682	15.8351
87	-84.063	15.6483
87	-83.774	15.4241
87	-83.4104	15.2709
87	-83.1472	14.9959
87	-83.2332	14.8999
87	-83.2842	14.6767
87	-83.1821	14.3107
87	-83.4125	13.9701
87	-83.5198	13.5677
87	-83.5522	13.1271
87	-83.4985	12.8693
87	-83.4733	12.4191
87	-83.6261	12.3209
87	-83.7196	11.8931
87	-83.6509	11.6291
87	-83.8554	11.3733
87	-83.8089	11.1031
87	-83.6556	10.9389
87	-83.4023	10.3955
87	-83.0157	9.9931
87	-82.5462	9.5663
87	-82.1871	9.2075
87	-82.2076	8.9957
87	-81.8086	8.9507
87	-81.7141	9.0321
87	-81.4392	8.7863
87	-80.9473	8.8585
87	-80.5219	9.1111
87	-79.9146	9.3127
87	-79.5733	9.6117
87	-79.0212	9.5529
87	-79.0584	9.4547
87	-78.5009	9.4205
87	-78.0559	9.2477
87	-77.7295	8.9469
87	-77.3533	8.6705
87	-76.8366	8.6387
87	-76.0863	9.3369
87	-75.6746	9.4433
87	-75.6647	9.7741
87	-75.4804	10.6191
87	-74.9069	11.0831
87	-74.2767	11.1021
87	-74.1972	11.3105
87	-73.4147	11.2271
87	-72.6278	11.7321
87	-72.2382	11.9557
87	-71.7541	12.4373
87	-71.3998	12.3761
87	-71.1374	12.1131
87	-71.3316	11.7763
87	-71.36	11.5401
87	-71.947	11.4233
87	-71.6208	10.9695
87	-71.633	10.4465
87	-72.0741	9.8657
87	-71.6956	9.0723
87	-71.2646	9.1373
87	-71.04	9.8601
87	-71.3501	10.2119
87	-71.4006	10.9691
87	-70.1552	11.3755
87	-70.2938	11.8469
87	-69.9432	12.1623
87	-69.5843	11.4597
87	-68.883	11.4435
87	-68.2333	10.8857
87	-68.1941	10.5547
87	-67.2962	10.5459
87	-66.2278	10.6487
87	-65.6552	10.2009
87	-64.8904	10.0773
87	-64.3294	10.3897
87	-64.318	10.6415
87	-63.0793	10.7017
87	-61.8809	10.7157
87	-62.7301	10.4203
87	-62.3885	9.9483
87	-61.5887	9.8731
87	-60.8305	9.3813
87	-60.6712	8.5803
87	-60.1501	8.6029
87	-59.7583	8.3671
87	-59.1017	7.9993
87	-58.4829	7.3477
87	-58.4549	6.8329
87	-58.0781	6.8091
87	-57.5422	6.3213
87	-57.1474	5.9731
87	-55.9493	5.7729
87	-55.8418	5.9531
87	-55.0332	6.0253
87	-53.958	5.7565
87	-53.6184	5.6465
87	-52.8821	5.4099
87	-51.8233	4.5659
87	-51.6578	4.1563
87	-51.3171	4.2035
87	-51.0697	3.6505
87	-50.5088	1.9015
87	-49.974	1.7365
87	-49.9471	1.0463
87	-50.6993	0.2231
87	-50.3882	-0.0784
87	-48.6205	-0.2354
87	-48.5844	-1.2378
87	-47.8249	-0.5816
87	-46.5666	-0.941
87	-44.9057	-1.5517
87	-44.4176	-2.1377
87	-44.5816	-2.6913
87	-43.4187	-2.3831
87	-41.4726	-2.912
87	-39.9786	-2.873
87	-38.5003	-3.7006
87	-37.2232	-4.8209
87	-36.4529	-5.1094
87	-35.5978	-5.1495
87	-35.2354	-5.4649
87	-34.896	-6.7382
87	-34.73	-7.3432
87	-35.1282	-8.9964
87	-35.6369	-9.6493
87	-37.0465	-11.0407
87	-37.6836	-12.1712
87	-38.4239	-13.0381
87	-38.6739	-13.0577
87	-38.9532	-13.7934
87	-38.8823	-15.667
87	-39.161	-17.2084
87	-39.2673	-17.8677
87	-39.5835	-18.2622
87	-39.7608	-19.5991
87	-40.7747	-20.9045
87	-40.9447	-21.9373
87	-41.7541	-22.3706
87	-41.9883	-22.9701
87	-43.0747	-22.9677
87	-44.6478	-23.352
87	-45.3521	-23.7968
87	-46.4721	-24.089
87	-47.649	-24.8852
87	-48.4955	-25.877
87	-48.641	-26.6237
87	-48.4747	-27.1759
87	-48.6615	-28.1861
87	-48.8884	-28.6741
87	-49.5873	-29.2245
87	-50.6969	-30.9844
87	-51.5762	-31.7777
87	-52.2561	-32.2453
87	-52.7121	-33.1966
87	-53.3736	-33.7683
87	-53.8064	-34.3968
87	-54.9358	-34.9526
87	-55.674	-34.7527
87	-56.2152	-34.8598
87	-57.1397	-34.4305
87	-57.8178	-34.4625
87	-58.427	-33.9095
87	-58.4954	-34.4315
87	-57.2258	-35.288
87	-57.3623	-35.9774
87	-56.7375	-36.4131
87	-56.7882	-36.9015
87	-57.7491	-38.1839
87	-59.2318	-38.7202
87	-61.2374	-38.9284
87	-62.3359	-38.8277
87	-62.1258	-39.4241
87	-62.3305	-40.1726
87	-62.146	-40.6769
87	-62.7458	-41.0287
87	-63.7705	-41.1668
87	-64.7321	-40.8026
87	-65.118	-41.0643
87	-64.9786	-42.058
87	-64.3034	-42.359
87	-63.7559	-42.0437
87	-63.458	-42.5631
87	-64.3788	-42.8735
87	-65.1818	-43.4953
87	-65.3288	-44.5013
87	-65.5652	-45.0368
87	-66.5099	-45.0396
87	-67.2938	-45.5519
87	-67.5805	-46.3017
87	-66.597	-47.0339
87	-65.641	-47.2361
87	-65.9851	-48.1333
87	-67.1662	-48.6973
87	-67.8161	-49.8697
87	-68.7287	-50.2642
87	-69.1385	-50.7325
87	-68.8155	-51.7711
87	-68.15	-52.35
87	-68.5715	-52.2994
87	-69.4613	-52.2919
87	-69.9427	-52.5379
87	-70.8451	-52.8992
87	-71.0063	-53.8332
87	-71.4298	-53.8564
87	-72.5579	-53.5314
87	-73.7027	-52.8351
87	-74.9468	-52.2627
87	-75.26	-51.6293
87	-74.9766	-51.0434
87	-75.4797	-50.3783
87	-75.608	-48.6737
87	-75.1827	-47.7119
87	-74.1266	-46.9392
87	-75.6444	-46.6476
87	-74.6921	-45.764
87	-74.3517	-44.103
87	-73.2403	-44.4549
87	-72.7177	-42.3833
87	-73.3889	-42.1175
87	-73.7013	-43.3658
87	-74.3319	-43.225
87	-74.0179	-41.7948
87	-73.6771	-39.9422
87	-73.2176	-39.2586
87	-73.5055	-38.2829
87	-73.588	-37.1563
87	-73.1667	-37.1238
87	-72.5531	-35.5088
87	-71.8617	-33.9091
87	-71.4385	-32.4189
87	-71.6687	-30.9206
87	-71.37	-30.0957
87	-71.4898	-28.8614
87	-70.9051	-27.6404
87	-70.725	-25.7059
87	-70.404	-23.6289
87	-70.0912	-21.3933
87	-70.1644	-19.7564
87	-70.3725	-18.3479
87	-71.3752	-17.7738
87	-71.462	-17.3634
87	-73.4445	-16.3594
87	-75.2378	-15.2657
87	-76.0092	-14.6493
87	-76.4234	-13.8232
87	-76.2592	-13.535
87	-77.1062	-12.2227
87	-78.0921	-10.3777
87	-79.0369	-8.3866
87	-79.4459	-7.9308
87	-79.7605	-7.1943
87	-80.5375	-6.5417
87	-81.25	-6.1368
87	-80.9263	-5.6905
87	-81.4109	-4.7367
87	-81.0996	-4.0364
87	-80.3025	-3.4048
87	-79.7702	-2.6575
87	-79.9865	-2.2207
87	-80.3687	-2.6852
87	-80.9677	-2.2469
87	-80.7648	-1.965
87	-80.9336	-1.0574
87	-80.5833	-0.9067
87	-80.3993	-0.2837
87	-80.0208	0.3605
87	-80.0906	0.7685
87	-79.5428	0.9829
87	-78.8553	1.3809
87	-78.9909	1.6913
87	-78.6178	1.7665
87	-78.6621	2.2673
87	-78.4276	2.6297
87	-77.9315	2.6967
87	-77.5104	3.3251
87	-77.1277	3.8497
87	-77.4963	4.0877
87	-77.3076	4.6681
87	-77.5332	5.5829
87	-77.3188	5.8453
87	-77.4767	6.6911
87	-77.8816	7.2239
87	-78.2149	7.5123
87	-78.4291	8.0521
87	-78.182	8.3193
87	-78.4355	8.3877
87	-78.6221	8.7181
87	-79.1203	8.9961
87	-79.5578	8.9325
87	-79.7605	8.5845
87	-80.1645	8.3333
87	-80.3826	8.2985
87	-80.4807	8.0903
87	-80.0036	7.5475
87	-80.2766	7.4197
87	-80.4211	7.2715
87	-80.8864	7.2205
87	-81.0595	7.8179
87	-81.1897	7.6479
87	-81.5195	7.7067
87	-81.7213	8.1089
87	-82.1314	8.1755
87	-82.3909	8.2925
87	-82.82	8.2909
87	-82.8509	8.0739
87	-82.9657	8.2251
87	-83.5084	8.4469
87	-83.7115	8.6569
87	-83.5963	8.8305
87	-83.6326	9.0515
87	-83.9099	9.2909
87	-84.3034	9.4875
87	-84.6476	9.6155
87	-84.7134	9.9081
87	-84.9756	10.0867
87	-84.9114	9.7961
87	-85.1109	9.5571
87	-85.3395	9.8345
87	-85.6607	9.9333
87	-85.7974	10.1349
87	-85.7917	10.4393
87	-85.6593	10.7543
87	-85.9417	10.8953
87	-85.7125	11.0885
87	-86.0584	11.4035
87	-86.5259	11.8069
87	-86.7459	12.1441
87	-87.1675	12.4583
87	-87.6685	12.9099
87	-87.5575	13.0647
87	-87.3924	12.9141
87	-87.3166	12.9847
87	-87.4894	13.2975
87	-87.7931	13.3845
87	-87.9041	13.1491
87	-88.4833	13.1639
87	-88.8432	13.2597
87	-89.2567	13.4587
87	-89.8124	13.5207
87	-90.0956	13.7355
87	-90.6086	13.9099
87	-91.2324	13.9279
87	-91.6897	14.1263
87	-92.2277	14.5389
87	-93.3594	15.6155
87	-93.8752	15.9403
87	-94.6916	16.2011
87	-95.2502	16.1283
87	-96.0534	15.7521
87	-96.5574	15.6535
87	-97.2636	15.9171
87	-98.013	16.1073
87	-98.9477	16.5661
87	-99.6974	16.7063
87	-100.8295	17.1711
87	-101.6661	17.6491
87	-101.9185	17.9161
87	-102.4781	17.9759
87	-103.501	18.2923
87	-103.9175	18.7487
87	-104.992	19.3163
87	-105.493	19.9469
87	-105.7314	20.4341
87	-105.3977	20.5317
87	-105.5006	20.8169
87	-105.2707	21.0763
87	-105.2658	21.4221
87	-105.6031	21.8713
87	-105.6934	22.2691
87	-106.0287	22.7737
87	-106.9099	23.7679
87	-107.9154	24.5489
87	-108.4019	25.1723
87	-109.2602	25.5807
87	-109.4441	25.8249
87	-109.2916	26.4429
87	-109.8014	26.6761
87	-110.3917	27.1621
87	-110.641	27.8599
87	-111.1789	27.9413
87	-111.7596	28.4681
87	-112.2282	28.9545
87	-112.2718	29.2669
87	-112.8095	30.0211
87	-113.1638	30.7869
87	-113.1487	31.1711
87	-113.8719	31.5677
87	-114.2057	31.5241
87	-114.7764	31.7997
87	-114.9367	31.3935
87	-114.7712	30.9137
87	-114.6739	30.1627
87	-114.331	29.7505
87	-113.5888	29.0617
87	-113.424	28.8263
87	-113.2719	28.7549
87	-113.14	28.4113
87	-112.9623	28.4253
87	-112.7616	27.7803
87	-112.4579	27.5259
87	-112.2449	27.1719
87	-111.6165	26.6629
87	-111.2846	25.7327
87	-110.9878	25.2947
87	-110.71	24.8261
87	-110.655	24.2987
87	-110.1728	24.2657
87	-109.7718	23.8113
87	-109.4091	23.3647
87	-109.4334	23.1857
87	-109.8542	22.8183
87	-110.0313	22.8231
87	-110.295	23.4311
87	-110.9495	24.0011
87	-111.6706	24.4845
87	-112.182	24.7385
87	-112.149	25.4703
87	-112.3007	26.0121
87	-112.7773	26.3221
87	-113.4646	26.7683
87	-113.5967	26.6395
87	-113.8489	26.9001
87	-114.4657	27.1421
87	-115.0551	27.7227
87	-114.9822	27.7983
87	-114.5703	27.7415
87	-114.1993	28.1151
87	-114.162	28.5661
87	-114.9318	29.2795
87	-115.5187	29.5563
87	-115.8874	30.1809
87	-116.2583	30.8365
87	-116.7215	31.6357
87	-117.1277	32.5353
87	-117.2959	33.0463
87	-117.9439	33.6213
87	-118.4106	33.7409
87	-118.5199	34.0279
87	-119.081	34.0781
87	-119.4388	34.3485
87	-120.3678	34.4471
87	-120.6228	34.6085
87	-120.7443	35.1569
87	-121.7146	36.1617
87	-122.5475	37.5519
87	-122.512	37.7835
87	-122.9532	38.1137
87	-123.7271	38.9517
87	-123.8651	39.7671
87	-124.398	40.3133
87	-124.1788	41.1421
87	-124.2137	41.9997
87	-124.5328	42.7661
87	-124.1421	43.7085
87	-123.8989	45.5235
87	-124.0796	46.8647
87	-124.3957	47.7203
87	-124.6872	48.1845
87	-124.5661	48.3797
87	-123.12	48.0401
87	-122.5873	47.0961
87	-122.34	47.3601
87	-122.5	48.1801
87	-122.84	49.0001
87	-122.9742	49.0027
87	-124.9102	49.9847
87	-125.6246	50.4167
87	-127.4356	50.8307
87	-127.9927	51.7159
87	-127.8503	52.3297
87	-129.1297	52.7555
87	-129.3052	53.5617
87	-130.5149	54.2877
87	-130.5361	54.8027
87	-131.0858	55.1789
87	-131.9672	55.4979
87	-132.25	56.3701
87	-133.5392	57.1789
87	-134.078	58.1231
87	-135.0382	58.1877
87	-136.628	58.2123
87	-137.8	58.5001
87	-139.8678	59.5379
87	-140.8252	59.7275
87	-142.5744	60.0845
87	-143.9588	59.9993
87	-145.9255	60.4587
87	-147.1144	60.8847
87	-148.2243	60.6731
87	-148.018	59.9783
87	-148.5708	59.9143
87	-149.7278	59.7057
87	-150.6082	59.3683
87	-151.7163	59.1559
87	-151.8594	59.7451
87	-151.4097	60.7259
87	-150.3469	61.0337
87	-150.6211	61.2845
87	-151.8958	60.7273
87	-152.5783	60.0617
87	-154.0191	59.3503
87	-153.2875	58.8647
87	-154.2325	58.1465
87	-155.3075	57.7279
87	-156.3083	57.4229
87	-156.5561	56.9801
87	-158.1172	56.4637
87	-158.4333	55.9941
87	-159.6033	55.5667
87	-160.2897	55.6437
87	-161.223	55.3647
87	-162.2378	55.0243
87	-163.0694	54.6899
87	-164.7856	54.4043
87	-164.9422	54.5723
87	-163.8483	55.0395
87	-162.87	55.3481
87	-161.8042	55.8951
87	-160.5636	56.0081
87	-160.0705	56.4181
87	-158.6844	57.0167
87	-158.4611	57.2169
87	-157.7228	57.5701
87	-157.5503	58.3283
87	-157.0417	58.9189
87	-158.1947	58.6159
87	-158.5172	58.7879
87	-159.0586	58.4243
87	-159.7116	58.9315
87	-159.9812	58.5727
87	-160.3553	59.0711
87	-161.355	58.6709
87	-161.9688	58.6717
87	-162.055	59.2669
87	-161.8741	59.6337
87	-162.518	59.9897
87	-163.8183	59.7981
87	-164.6622	60.2675
87	-165.3464	60.5075
87	-165.3508	61.0739
87	-166.1214	61.5001
87	-165.7344	62.0751
87	-164.9192	62.6331
87	-164.5625	63.1465
87	-163.7533	63.2195
87	-163.0672	63.0595
87	-162.2605	63.5419
87	-161.5344	63.4559
87	-160.7725	63.7661
87	-160.9583	64.2229
87	-161.518	64.4029
87	-160.7777	64.7887
87	-161.3919	64.7773
87	-162.453	64.5595
87	-162.7578	64.3387
87	-163.5464	64.5591
87	-164.9608	64.4471
87	-166.4253	64.6867
87	-166.845	65.0889
87	-168.1105	65.6701
87	-166.7052	66.0883
87	-164.4747	66.5767
87	-163.6525	66.5767
87	-163.7885	66.0773
87	-161.6778	66.1161
87	-162.4897	66.7355
87	-163.7197	67.1165
87	-164.4309	67.6163
87	-165.3902	68.0429
87	-166.7644	68.3589
87	-166.2047	68.8831
87	-164.4308	68.9155
87	-163.1686	69.3711
87	-162.9305	69.8581
87	-161.9089	70.3333
87	-160.9348	70.4477
87	-159.0392	70.8917
87	-158.1197	70.8247
87	-156.5808	71.3579
87	-155.0678	71.1479
87	-154.3442	70.6965
87	-153.9	70.8901
87	-152.21	70.8301
87	-152.27	70.6001
87	-150.74	70.4301
87	-149.72	70.5301
87	-147.6133	70.2141
87	-145.69	70.1201
87	-144.92	69.9901
87	-143.5894	70.1525
87	-142.0725	69.8519
87	-140.9859	69.7121
87	-139.1205	69.4711
87	-137.5464	68.9901
87	-136.5036	68.8981
87	-135.6257	69.3151
87	-134.4146	69.6275
87	-132.9292	69.5053
87	-131.4313	69.9445
87	-129.7947	70.1937
87	-129.1077	69.7793
87	-128.3615	70.0129
87	-128.1382	70.4839
87	-127.4471	70.3773
87	-125.7563	69.4807
87	-124.4248	70.1585
87	-124.2896	69.3997
87	-123.0611	69.5637
87	-122.6834	69.8555
87	-121.4723	69.7979
87	-119.9428	69.3779
87	-117.6026	69.0113
87	-116.2264	68.8415
87	-115.2469	68.9059
87	-113.8979	68.3989
87	-115.3048	67.9027
87	-113.4972	67.6883
87	-110.7979	67.8061
87	-109.9461	67.9811
87	-108.8802	67.3815
87	-107.7924	67.8875
87	-108.813	68.3117
87	-108.1672	68.6539
87	-106.95	68.7001
87	-106.15	68.8001
87	-105.3428	68.5613
87	-104.3379	68.0181
87	-103.2211	68.0979
87	-101.4543	67.6469
87	-99.902	67.8057
87	-98.4432	67.7817
87	-98.5586	68.4039
87	-97.6695	68.5787
87	-96.1199	68.2395
87	-96.1258	67.2935
87	-95.4894	68.0907
87	-94.685	68.0639
87	-94.2328	69.0691
87	-95.3041	69.6857
87	-96.4713	70.0899
87	-96.3911	71.1949
87	-95.2088	71.9205
87	-93.8899	71.7601
87	-92.8781	71.3187
87	-91.5196	70.1913
87	-92.4069	69.7001
87	-90.5471	69.4977
88	-114.1672	73.1214
88	-114.6663	72.6528
88	-112.441	72.9554
88	-111.0504	72.4504
88	-109.9203	72.9611
88	-109.0065	72.6333
88	-108.1883	71.6509
88	-107.686	72.0655
88	-108.3964	73.0895
88	-107.5165	73.236
88	-106.5226	73.076
88	-105.4025	72.6726
88	-104.7748	71.6984
88	-104.4648	70.993
88	-102.7854	70.4978
88	-100.9808	70.0243
88	-101.0893	69.5845
88	-102.7312	69.504
88	-102.0933	69.1196
88	-102.4302	68.7528
88	-104.24	68.91
88	-105.96	69.18
88	-107.1225	69.1192
88	-109	68.78
88	-111.9668	68.6045
88	-113.3132	68.5355
88	-113.855	69.0074
88	-115.22	69.28
88	-116.1079	69.1682
88	-117.34	69.96
88	-116.6747	70.0666
88	-115.1311	70.2373
88	-113.7214	70.1924
88	-112.4161	70.3664
88	-114.35	70.6
88	-116.4868	70.5204
88	-117.9048	70.5406
88	-118.4324	70.9092
88	-116.1131	71.3092
88	-117.6557	71.2952
88	-119.402	71.5586
88	-118.5627	72.3079
88	-117.8664	72.7059
88	-115.1891	73.3146
88	-114.1672	73.1214
89	-104.5	73.42
89	-105.38	72.76
89	-106.94	73.46
89	-106.6	73.6
89	-105.26	73.64
89	-104.5	73.42
90	-76.34	73.1027
90	-76.2514	72.8264
90	-77.3144	72.8555
90	-78.3917	72.8767
90	-79.4863	72.7422
90	-79.7758	72.8029
90	-80.8761	73.3332
90	-80.8339	73.6932
90	-80.3531	73.7597
90	-78.0644	73.6519
90	-76.34	73.1027
91	-86.5622	73.1574
91	-85.7744	72.5341
91	-84.8501	73.3403
91	-82.3156	73.751
91	-80.6001	72.7165
91	-80.7489	72.0619
91	-78.7706	72.3522
91	-77.8246	72.7496
91	-75.6058	72.2437
91	-74.2286	71.7671
91	-74.0991	71.3308
91	-72.2422	71.5569
91	-71.2	70.92
91	-68.7861	70.525
91	-67.915	70.1219
91	-66.969	69.1861
91	-68.8051	68.7202
91	-66.4499	68.0672
91	-64.8623	67.8475
91	-63.4249	66.9285
91	-61.852	66.8621
91	-62.1632	66.1603
91	-63.9184	64.9987
91	-65.1489	65.426
91	-66.7212	66.388
91	-68.015	66.2627
91	-68.1413	65.6898
91	-67.0896	65.1085
91	-65.7321	64.6484
91	-65.3202	64.3827
91	-64.6694	63.3929
91	-65.0138	62.6742
91	-66.275	62.9451
91	-68.7832	63.7457
91	-67.3697	62.884
91	-66.3283	62.2801
91	-66.1656	61.9309
91	-68.8774	62.3301
91	-71.0234	62.9107
91	-72.2354	63.3978
91	-71.8863	63.68
91	-73.3783	64.194
91	-74.8344	64.6791
91	-74.8185	64.3891
91	-77.71	64.2295
91	-78.5559	64.5729
91	-77.8973	65.3092
91	-76.0183	65.327
91	-73.9598	65.4548
91	-74.2939	65.8118
91	-73.9449	66.3106
91	-72.6512	67.2846
91	-72.9261	67.7269
91	-73.3116	68.0694
91	-74.8433	68.5546
91	-76.8691	68.8947
91	-76.2286	69.1478
91	-77.2874	69.7695
91	-78.1686	69.8265
91	-78.9572	70.1669
91	-79.4925	69.8718
91	-81.3055	69.7432
91	-84.9447	69.9666
91	-87.06	70.26
91	-88.6817	70.4107
91	-89.5134	70.762
91	-88.4677	71.2182
91	-89.8882	71.2226
91	-90.2052	72.2351
91	-89.4366	73.1295
91	-88.4082	73.5379
91	-85.8262	73.8038
91	-86.5622	73.1574
92	-100.3564	73.8439
92	-99.1639	73.6334
92	-97.38	73.76
92	-97.12	73.47
92	-98.0536	72.9905
92	-96.54	72.56
92	-96.72	71.66
92	-98.3597	71.2729
92	-99.3229	71.3564
92	-100.0148	71.7383
92	-102.5	72.51
92	-102.48	72.83
92	-100.4384	72.7059
92	-101.54	73.36
92	-100.3564	73.8439
93	143.6038	73.2124
93	142.0876	73.2054
93	140.0382	73.3169
93	139.8631	73.3698
93	140.8117	73.7651
93	142.0621	73.8576
93	143.4828	73.4753
93	143.6038	73.2124
94	-93.1963	72.772
94	-94.269	72.0246
94	-95.4099	72.0619
94	-96.0337	72.9403
94	-96.0183	73.4374
94	-95.4958	73.8624
94	-94.5037	74.1349
94	-92.42	74.1
94	-90.5098	73.8567
94	-92.004	72.9662
94	-93.1963	72.772
95	-120.46	71.4
95	-123.0922	70.9016
95	-123.62	71.34
95	-125.929	71.8687
95	-125.5927	72.1945
95	-124.8073	73.0226
95	-123.94	73.68
95	-124.9177	74.2927
95	-121.5379	74.4489
95	-120.1098	74.2413
95	-117.5556	74.1858
95	-116.5844	73.8961
95	-115.5108	73.4752
95	-116.7679	73.2229
95	-119.22	72.52
95	-120.46	71.82
95	-120.46	71.4
96	150.7317	75.0841
96	149.5759	74.6889
96	147.9775	74.7784
96	146.1192	75.173
96	146.3585	75.4968
96	148.2222	75.3458
96	150.7317	75.0841
97	-93.6128	74.98
97	-94.1569	74.5923
97	-95.6087	74.6669
97	-96.8209	74.9276
97	-96.2886	75.3778
97	-94.8508	75.6472
97	-93.9777	75.2965
97	-93.6128	74.98
98	145.0863	75.5626
98	144.3	74.82
98	140.6138	74.8477
98	138.9554	74.6115
98	136.9744	75.2617
98	137.5118	75.9492
98	138.8311	76.1368
98	141.4716	76.0929
98	145.0863	75.5626
99	-98.5	76.72
99	-97.7356	76.2566
99	-97.7044	75.7434
99	-98.16	75
99	-99.8087	74.8974
99	-100.8837	75.0574
99	-100.8629	75.6407
99	-102.5021	75.5638
99	-102.5655	76.3366
99	-101.4897	76.3054
99	-99.9835	76.6463
99	-98.577	76.5886
99	-98.5	76.72
100	-108.2114	76.2017
100	-107.8194	75.8455
100	-106.9289	76.0128
100	-105.881	75.9694
100	-105.705	75.4795
100	-106.3135	75.0053
100	-109.7	74.85
100	-112.2231	74.417
100	-113.7438	74.3943
100	-113.8714	74.7203
100	-111.7942	75.1625
100	-116.3122	75.0434
100	-117.7104	75.2222
100	-116.346	76.199
100	-115.4049	76.4789
100	-112.5906	76.1413
100	-110.8142	75.5492
100	-109.0671	75.4732
100	-110.4973	76.4298
100	-109.5811	76.7942
100	-108.5486	76.6783
100	-108.2114	76.2017
101	57.5357	70.7205
101	56.945	70.6327
101	53.6774	70.7627
101	53.412	71.2067
101	51.6019	71.4748
101	51.4558	72.0149
101	52.4783	72.2294
101	52.4442	72.7747
101	54.4276	73.6275
101	53.5083	73.7498
101	55.9025	74.6275
101	55.6319	75.0814
101	57.8686	75.6094
101	61.17	76.2519
101	64.4984	76.4391
101	66.211	76.8098
101	68.1571	76.9397
101	68.8522	76.5448
101	68.1806	76.2336
101	64.6373	75.7378
101	61.5835	75.2609
101	58.4771	74.3091
101	56.9868	73.333
101	55.4193	72.3713
101	55.6228	71.5406
101	57.5357	70.7205
102	-94.6841	77.0979
102	-93.5739	76.7763
102	-91.605	76.7785
102	-90.7418	76.4496
102	-90.9697	76.074
102	-89.8222	75.8478
102	-89.1871	75.6102
102	-87.8383	75.5662
102	-86.3792	75.4824
102	-84.7896	75.6992
102	-82.7534	75.7843
102	-81.1285	75.714
102	-80.0575	75.3368
102	-79.8339	74.9231
102	-80.4578	74.6573
102	-81.9488	74.4425
102	-83.2289	74.564
102	-86.0975	74.41
102	-88.1504	74.3923
102	-89.7647	74.5156
102	-92.4224	74.8378
102	-92.7683	75.3868
102	-92.8899	75.8827
102	-93.8938	76.3192
102	-95.9625	76.4414
102	-97.1214	76.7511
102	-96.7451	77.1614
102	-94.6841	77.0979
103	-116.1986	77.6453
103	-116.3358	76.877
103	-117.1061	76.53
103	-118.0404	76.4812
103	-119.8993	76.0532
103	-121.5	75.9
103	-122.8549	76.1165
103	-122.8549	76.1165
103	-121.1575	76.8645
103	-119.1039	77.5122
103	-117.5701	77.4983
103	-116.1986	77.6453
104	106.9703	76.9743
104	107.2401	76.4801
104	108.1539	76.7233
104	111.0773	76.7101
104	113.3315	76.2223
104	114.1343	75.8477
104	113.8855	75.3279
104	112.7793	75.0319
104	110.1513	74.4767
104	109.4001	74.1801
104	110.6401	74.0401
104	112.1193	73.7877
104	113.0195	73.9769
104	113.5297	73.3351
104	113.9689	73.5949
104	115.5679	73.7529
104	118.7763	73.5877
104	119.0201	73.1201
104	123.2007	72.9713
104	123.2579	73.7351
104	125.3801	73.5601
104	126.9765	73.5655
104	128.5913	73.0387
104	129.0517	72.3987
104	128.4601	71.9801
104	129.7161	71.1931
104	131.2887	70.7871
104	132.2535	71.8363
104	133.8577	71.3865
104	135.5621	71.6553
104	137.4977	71.3477
104	138.2341	71.6281
104	139.8699	71.4879
104	139.1479	72.4163
104	140.4681	72.8495
104	149.5001	72.2001
104	150.3513	71.6065
104	152.9689	70.8423
104	157.0069	71.0315
104	158.9979	70.8667
104	159.8303	70.4533
104	159.7087	69.7221
104	160.9407	69.4373
104	162.2791	69.6421
104	164.0525	69.6683
104	165.9405	69.4721
104	167.8357	69.5827
104	169.5777	68.6939
104	170.8169	69.0137
104	170.0083	69.6529
104	170.4535	70.0971
104	173.6439	69.8175
104	175.7241	69.8773
104	178.6001	69.4001
104	180	68.9637
104	180	64.9796
104	179.9929	64.9743
104	178.7073	64.5349
104	177.4113	64.6083
104	178.3131	64.0759
104	178.9083	63.2521
104	179.3705	62.9827
104	179.4865	62.5691
104	179.2283	62.3041
104	177.3643	62.5219
104	174.5693	61.7693
104	173.6801	61.6527
104	172.1501	60.9501
104	170.6985	60.3363
104	170.3309	59.8819
104	168.9005	60.5735
104	166.2951	59.7887
104	165.8401	60.1601
104	164.8769	59.7317
104	163.5393	59.8687
104	163.2171	59.2111
104	162.0173	58.2433
104	162.0531	57.8391
104	163.1919	57.6151
104	163.0579	56.1593
104	162.1297	56.1223
104	161.7015	55.2857
104	162.1175	54.8553
104	160.3689	54.3445
104	160.0217	53.2027
104	158.5309	52.9587
104	158.2313	51.9427
104	156.7899	51.0111
104	156.4201	51.7001
104	155.9919	53.1589
104	155.4337	55.3811
104	155.9145	56.7679
104	156.7583	57.3647
104	156.8105	57.8321
104	158.3643	58.0557
104	160.1507	59.3149
104	161.8721	60.3431
104	163.6697	61.1409
104	164.4737	62.5507
104	163.2585	62.4663
104	162.6579	61.6425
104	160.1215	60.5443
104	159.3023	61.7741
104	156.7207	61.4345
104	154.2181	59.7583
104	155.0439	59.1451
104	152.8119	58.8839
104	151.2657	58.7809
104	151.3381	59.5041
104	149.7837	59.6557
104	148.5449	59.1645
104	145.4873	59.3365
104	142.1979	59.0401
104	138.9585	57.0881
104	135.1263	54.7297
104	136.7017	54.6037
104	137.1935	53.9773
104	138.1647	53.7551
104	138.8047	54.2547
104	139.9015	54.1897
104	141.3453	53.0897
104	141.3793	52.2389
104	140.5975	51.2397
104	140.5131	50.0455
104	140.0621	48.4467
104	138.5547	46.9997
104	138.2197	46.3079
104	136.8623	45.1435
104	135.5153	43.9891
104	134.8695	43.3983
104	133.5369	42.8115
104	132.9063	42.7985
104	132.2781	43.2845
104	130.9359	42.5527
104	130.7801	42.2201
104	130.4001	42.2801
104	129.9659	41.9413
104	129.6675	41.6011
104	129.7053	40.8829
104	129.1881	40.6619
104	129.0105	40.4855
104	128.6335	40.1899
104	127.9675	40.0255
104	127.5335	39.7569
104	127.5021	39.3239
104	127.3855	39.2135
104	127.7833	39.0509
104	128.3497	38.6123
104	129.2129	37.4325
104	129.4605	36.7843
104	129.4683	35.6321
104	129.0915	35.0825
104	128.1859	34.8905
104	127.3865	34.4757
104	126.4857	34.3901
104	126.3739	34.9347
104	126.5593	35.6847
104	126.1175	36.7255
104	126.8603	36.8939
104	126.1747	37.7497
104	125.6891	37.9401
104	125.5685	37.7521
104	125.2753	37.6691
104	125.2401	37.8573
104	124.9811	37.9489
104	124.7123	38.1083
104	124.9861	38.5485
104	125.2219	38.6659
104	125.1329	38.8487
104	125.3867	39.3879
104	125.3211	39.5515
104	124.7375	39.6603
104	124.2657	39.9285
104	122.8677	39.6379
104	122.1315	39.1705
104	121.0547	38.8975
104	121.5861	39.3609
104	121.3769	39.7503
104	122.1687	40.4225
104	121.6405	40.9465
104	120.7687	40.5935
104	119.6397	39.8981
104	119.0235	39.2523
104	118.0427	39.2043
104	117.5327	38.7377
104	118.0597	38.0615
104	118.8783	37.8973
104	118.9117	37.4485
104	119.7029	37.1565
104	120.8235	37.8705
104	121.7113	37.4811
104	122.3579	37.4545
104	122.5201	36.9307
104	121.1043	36.6513
104	120.6371	36.1115
104	119.6647	35.6099
104	119.1513	34.9099
104	120.2275	34.3605
104	120.6205	33.3767
104	121.2291	32.4603
104	121.9081	31.6923
104	121.8919	30.9493
104	121.2643	30.6763
104	121.5035	30.1429
104	122.0921	29.8325
104	121.9385	29.0181
104	121.6845	28.2255
104	121.1257	28.1357
104	120.3955	27.0533
104	119.5855	25.7409
104	118.6569	24.5475
104	117.2817	23.6245
104	115.8907	22.7829
104	114.7639	22.6681
104	114.1525	22.2239
104	113.8069	22.5483
104	113.2411	22.0515
104	111.8437	21.5505
104	110.7855	21.3973
104	110.4441	20.3411
104	109.8899	20.2825
104	109.6277	21.0083
104	109.8645	21.3951
104	108.5229	21.7153
104	108.0503	21.5525
104	106.7151	20.6969
104	105.8817	19.7521
104	105.6621	19.0583
104	106.4269	18.0041
104	107.3619	16.6975
104	108.2695	16.0797
104	108.8771	15.2767
104	109.3353	13.4261
104	109.2001	11.6669
104	108.3661	11.0083
104	107.2209	10.3645
104	106.4051	9.5309
104	105.1583	8.5997
104	104.7953	9.2411
104	105.0763	9.9185
104	104.3345	10.4867
104	103.4973	10.6327
104	103.0907	11.1537
104	102.5851	12.1867
104	101.6871	12.6459
104	100.8319	12.6271
104	100.9785	13.4127
104	100.0979	13.4069
104	100.0187	12.3071
104	99.4789	10.8465
104	99.1537	9.9631
104	99.2225	9.2393
104	99.8739	9.2079
104	100.2797	8.2953
104	100.4593	7.4297
104	101.0173	6.8569
104	101.6231	6.7407
104	102.1413	6.2217
104	102.3713	6.1283
104	102.9617	5.5245
104	103.3813	4.8551
104	103.4387	4.1817
104	103.3321	3.7267
104	103.4295	3.3829
104	103.5025	2.7911
104	103.8547	2.5155
104	104.2479	1.6313
104	104.2289	1.2931
104	103.5197	1.2263
104	102.5737	1.9671
104	101.3907	2.7609
104	101.2737	3.2703
104	100.6955	3.9391
104	100.5575	4.7673
104	100.1967	5.3125
104	100.3063	6.0407
104	100.0859	6.4645
104	99.6907	6.8483
104	99.5197	7.3435
104	98.9883	7.9081
104	98.5039	8.3823
104	98.3397	7.7945
104	98.1501	8.3501
104	98.2593	8.9739
104	98.5535	9.9331
104	98.4573	10.6753
104	98.7645	11.4413
104	98.4283	12.0331
104	98.5097	13.1225
104	98.1037	13.6405
104	97.7777	14.8373
104	97.5971	16.1007
104	97.1647	16.9287
104	96.5059	16.4273
104	95.3693	15.7145
104	94.8085	15.8035
104	94.1889	16.0381
104	94.5335	17.2773
104	94.3249	18.2135
104	93.5411	19.3665
104	93.6633	19.7271
104	93.0783	19.8553
104	92.3685	20.6709
104	92.0829	21.1923
104	92.0253	21.7017
104	91.8349	22.1829
104	91.4171	22.7651
104	90.4961	22.8051
104	90.5871	22.3929
104	90.2729	21.8365
104	89.8475	22.0391
104	89.7021	21.8571
104	89.4189	21.9663
104	89.0321	22.0557
104	88.8889	21.6907
104	88.2085	21.7033
104	86.9757	21.4955
104	87.0331	20.7433
104	86.4993	20.1517
104	85.0603	19.4787
104	83.9411	18.3021
104	83.1893	17.6713
104	82.1929	17.0167
104	82.1913	16.5567
104	81.6927	16.3103
104	80.7921	15.9521
104	80.3249	15.8993
104	80.0251	15.1365
104	80.2333	13.8359
104	80.2863	13.0063
104	79.8625	12.0563
104	79.8581	10.3573
104	79.3405	10.3089
104	78.8855	9.5461
104	79.1897	9.2167
104	78.2781	8.9331
104	77.9413	8.2529
104	77.5399	7.9655
104	76.5931	8.8993
104	76.1301	10.2997
104	75.7465	11.3083
104	75.3961	11.7813
104	74.8649	12.7419
104	74.6167	13.9927
104	74.4439	14.6173
104	73.5343	15.9907
104	73.1199	17.9287
104	72.8209	19.2083
104	72.8245	20.4195
104	72.6307	21.3561
104	71.1753	20.7575
104	70.4705	20.8773
104	69.1641	22.0893
104	69.6449	22.4507
104	69.3497	22.8433
104	68.1767	23.6921
104	67.4437	23.9449
104	67.1455	24.6637
104	66.3729	25.4253
104	64.5305	25.2371
104	62.9057	25.2185
104	61.4975	25.0783
104	59.6161	25.3801
104	58.5259	25.6101
104	57.3973	25.7399
104	56.9709	26.9661
104	56.4921	27.1433
104	55.7237	26.9647
104	54.7151	26.4807
104	53.4931	26.8125
104	52.4837	27.5809
104	51.5209	27.8657
104	50.8531	28.8145
104	50.1151	30.1479
104	49.5769	29.9857
104	48.9413	30.3171
104	48.5681	29.9269
104	47.9745	29.9759
104	48.1833	29.5345
104	48.0939	29.3063
104	48.4161	28.5521
104	48.8077	27.6897
104	49.2997	27.4613
104	49.4709	27.1101
104	50.1525	26.6897
104	50.2131	26.2771
104	50.1133	25.9441
104	50.2399	25.6081
104	50.5275	25.3279
104	50.6607	24.9999
104	50.8101	24.7549
104	50.7439	25.4825
104	51.0135	26.0071
104	51.2865	26.1147
104	51.5891	25.8011
104	51.6067	25.2157
104	51.3897	24.6275
104	51.5795	24.2455
104	51.7575	24.2941
104	51.7945	24.0199
104	52.5771	24.1775
104	53.4041	24.1513
104	54.0081	24.1219
104	54.6931	24.7979
104	55.4391	25.4391
104	56.0709	26.0555
104	56.3621	26.3959
104	56.4857	26.3091
104	56.3915	25.8961
104	56.2611	25.7147
104	56.3969	24.9247
104	56.8453	24.2417
104	57.4035	23.8787
104	58.1371	23.7479
104	58.7293	23.5657
104	59.1805	22.9925
104	59.4501	22.6603
104	59.8081	22.5337
104	59.8063	22.3105
104	59.4423	21.7145
104	59.2825	21.4339
104	58.8611	21.1141
104	58.4881	20.4291
104	58.0343	20.4815
104	57.8265	20.2431
104	57.6659	19.7361
104	57.7887	19.0677
104	57.6945	18.9447
104	57.2343	18.9481
104	56.6097	18.5743
104	56.5123	18.0871
104	56.2835	17.8761
104	55.6615	17.8843
104	55.2701	17.6323
104	55.2749	17.2283
104	54.7911	16.9507
104	54.2393	17.0451
104	53.5705	16.7077
104	53.1087	16.6511
104	52.3853	16.3825
104	52.1917	15.9385
104	52.1683	15.5975
104	51.1725	15.1753
104	49.5747	14.7087
104	48.6793	14.0033
104	48.2391	13.9481
104	47.9389	14.0073
104	47.3545	13.5923
104	46.7171	13.3997
104	45.8777	13.3479
104	45.6251	13.2911
104	45.4065	13.0269
104	45.1443	12.9539
104	44.9897	12.6997
104	44.4947	12.7217
104	44.1751	12.5859
104	43.4831	12.6369
104	43.2229	13.2209
104	43.2515	13.7677
104	43.0881	14.0627
104	42.8923	14.8023
104	42.6049	15.2133
104	42.8051	15.2621
104	42.7025	15.7189
104	42.8237	15.9117
104	42.7795	16.3479
104	42.6497	16.7747
104	42.3481	17.0759
104	42.2709	17.4747
104	41.7545	17.8331
104	41.2215	18.6717
104	40.9393	19.4865
104	40.2477	20.1747
104	39.8017	20.3389
104	39.1395	21.2919
104	39.0237	21.9869
104	39.0663	22.5797
104	38.4929	23.6885
104	38.0239	24.0787
104	37.4837	24.2855
104	37.1549	24.8585
104	37.2095	25.0845
104	36.9317	25.6031
104	36.6397	25.8263
104	36.2491	26.5701
104	35.6403	27.3765
104	35.1303	28.0635
104	34.6323	28.0585
104	34.7879	28.6075
104	34.8323	28.9575
104	34.9561	29.3567
104	34.9227	29.5013
104	34.6417	29.0995
104	34.4267	28.3441
104	34.1545	27.8233
104	33.9215	27.6487
104	33.5881	27.9715
104	33.1369	28.4177
104	32.4233	29.8511
104	32.3205	29.7605
104	32.7349	28.7053
104	33.3489	27.6999
104	34.1047	26.1423
104	34.4739	25.5987
104	34.7951	25.0339
104	35.6925	23.9267
104	35.4937	23.7525
104	35.5261	23.1025
104	36.6907	22.2049
104	36.8663	22.0001
104	37.1887	21.0189
104	36.9695	20.8375
104	37.1147	19.8081
104	37.4819	18.6141
104	37.8627	18.3679
104	38.4101	17.9983
104	38.9907	16.8407
104	39.2661	15.9227
104	39.8143	15.4357
104	41.1793	14.4911
104	41.7349	13.9211
104	42.2769	13.3441
104	42.5897	13.0005
104	43.0813	12.6997
104	43.3179	12.3901
104	43.2865	11.9749
104	42.7159	11.7357
104	43.1453	11.4621
104	43.4707	11.2777
104	43.6667	10.8643
104	44.1179	10.4457
104	44.6143	10.4423
104	45.5569	10.6981
104	46.6455	10.8165
104	47.5257	11.1273
104	48.0217	11.1931
104	48.3789	11.3755
104	48.9483	11.4107
104	49.2679	11.4305
104	49.7287	11.5789
104	50.2589	11.6797
104	50.7321	12.0219
104	51.1113	12.0247
104	51.1339	11.7483
104	51.0415	11.1665
104	51.0453	10.6409
104	50.8343	10.2797
104	50.5525	9.1987
104	50.0709	8.0817
104	49.4527	6.8047
104	48.5945	5.3391
104	47.7409	4.2195
104	46.5649	2.8553
104	45.5641	2.0459
104	44.0683	1.0529
104	43.1361	0.2923
104	42.0417	-0.9192
104	41.8111	-1.4464
104	41.5851	-1.6832
104	40.8849	-2.0825
104	40.6379	-2.4998
104	40.2631	-2.5731
104	40.1213	-3.2777
104	39.8001	-3.6811
104	39.6049	-4.3465
104	39.2023	-4.6767
104	38.7405	-5.9089
104	38.7997	-6.4756
104	39.4401	-6.84
104	39.4701	-7.1
104	39.1947	-7.7039
104	39.2521	-8.0078
104	39.1865	-8.4855
104	39.5359	-9.1123
104	39.9497	-10.0984
104	40.3167	-10.3171
104	40.4785	-10.7654
104	40.4373	-11.7617
104	40.5609	-12.6391
104	40.5997	-14.2019
104	40.7755	-14.6917
104	40.4773	-15.4063
104	40.0893	-16.1007
104	39.4527	-16.7209
104	38.5383	-17.101
104	37.4111	-17.5863
104	36.2813	-18.6596
104	35.8965	-18.8423
104	35.1985	-19.5528
104	34.7865	-19.784
104	34.7019	-20.497
104	35.1761	-21.2543
104	35.3735	-21.8408
104	35.3859	-22.14
104	35.5627	-22.09
104	35.5339	-23.0708
104	35.3719	-23.5353
104	35.6075	-23.7065
104	35.4587	-24.1226
104	35.0407	-24.4783
104	34.2159	-24.8163
104	33.0133	-25.3575
104	32.5747	-25.7273
104	32.6603	-26.1485
104	32.9161	-26.2159
104	32.8301	-26.7422
104	32.5803	-27.4701
104	32.4623	-28.301
104	32.2035	-28.7524
104	31.5211	-29.2574
104	31.3257	-29.402
104	30.9017	-29.9099
104	30.6229	-30.4237
104	30.0557	-31.1402
104	28.9255	-32.172
104	28.2197	-32.7719
104	27.4647	-33.227
104	26.4195	-33.6149
104	25.9097	-33.667
104	25.7807	-33.9446
104	25.1729	-33.7969
104	24.6779	-33.9872
104	23.5941	-33.7945
104	22.9883	-33.9164
104	22.5743	-33.8641
104	21.5429	-34.2588
104	20.6891	-34.4172
104	20.0713	-34.7951
104	19.6165	-34.8191
104	19.1933	-34.4626
104	18.8553	-34.4443
104	18.4247	-33.9978
104	18.3775	-34.1365
104	18.2445	-33.8677
104	18.2501	-33.2814
104	17.9253	-32.6112
104	18.2479	-32.4291
104	18.2217	-31.6616
104	17.5669	-30.7257
104	17.0645	-29.8786
104	17.0629	-29.876
104	16.3451	-28.5767
104	15.6019	-27.8212
104	15.2105	-27.0909
104	14.9897	-26.1173
104	14.7433	-25.3929
104	14.4081	-23.853
104	14.3857	-22.6567
104	14.2577	-22.1112
104	13.8687	-21.699
104	13.3525	-20.8728
104	12.8269	-19.6731
104	12.6087	-19.0453
104	11.7949	-18.0691
104	11.7343	-17.3019
104	11.6401	-16.6731
104	11.7787	-15.7938
104	12.1237	-14.8783
104	12.1757	-14.4491
104	12.5001	-13.5477
104	12.7385	-13.1379
104	13.3129	-12.4836
104	13.6337	-12.0386
104	13.7387	-11.2978
104	13.6865	-10.7311
104	13.3873	-10.3736
104	13.1211	-9.7669
104	12.8755	-9.1669
104	12.9291	-8.9591
104	13.2365	-8.5626
104	12.9331	-7.5965
104	12.7283	-6.9271
104	12.2275	-6.2944
104	12.3225	-6.1001
104	12.1823	-5.7899
104	11.9151	-5.0379
104	11.0937	-3.9788
104	10.0663	-2.9695
104	9.4053	-2.1443
104	8.7981	-1.1113
104	8.8301	-0.779
104	9.0485	-0.4593
104	9.2913	0.2687
104	9.4929	1.0101
104	9.3057	1.1609
104	9.6493	2.2839
104	9.7953	3.0735
104	9.4045	3.7345
104	8.9481	3.9041
104	8.7449	4.3523
104	8.4889	4.4957
104	8.5003	4.7721
104	7.4621	4.4121
104	7.0827	4.4647
104	6.6981	4.2407
104	5.8983	4.2625
104	5.3629	4.8881
104	5.0337	5.6119
104	4.3257	6.2707
104	3.5743	6.2583
104	2.6917	6.2589
104	1.8653	6.1423
104	1.0601	5.9289
104	-0.5076	5.3435
104	-1.0636	5.0005
104	-1.9647	4.7105
104	-2.8561	4.9945
104	-3.3111	4.9843
104	-4.0088	5.1799
104	-4.6499	5.1683
104	-5.8344	4.9937
104	-6.5287	4.7051
104	-7.5189	4.3383
104	-7.7121	4.3647
104	-7.9741	4.3559
104	-9.0048	4.8325
104	-9.9134	5.5937
104	-10.7654	6.1407
104	-11.4388	6.7859
104	-11.7082	6.8601
104	-12.4281	7.2629
104	-12.949	7.7987
104	-13.124	8.1639
104	-13.2465	8.9031
104	-13.6852	9.4949
104	-14.074	9.8863
104	-14.3301	10.0157
104	-14.5797	10.2145
104	-14.6932	10.6563
104	-14.8395	10.8767
104	-15.1303	11.0405
104	-15.6642	11.4585
104	-16.0852	11.5247
104	-16.3147	11.8065
104	-16.3089	11.9587
104	-16.6138	12.1709
104	-16.6774	12.3849
104	-16.8415	13.1515
104	-16.7137	13.5951
104	-17.1261	14.3735
104	-17.625	14.7297
104	-17.1852	14.9195
104	-16.7007	15.6215
104	-16.463	16.1351
104	-16.5497	16.6739
104	-16.2705	17.1671
104	-16.1463	18.1085
104	-16.2569	19.0967
104	-16.3776	19.5939
104	-16.2778	20.0925
104	-16.5363	20.5679
104	-17.0634	20.9999
104	-17.0204	21.4223
104	-16.9732	21.8857
104	-16.5891	22.1583
104	-16.2619	22.6793
104	-16.3264	23.0179
104	-15.9826	23.7235
104	-15.426	24.3591
104	-15.0893	24.5203
104	-14.8246	25.1035
104	-14.8009	25.6363
104	-14.4399	26.2545
104	-13.7738	26.6189
104	-13.1399	27.6401
104	-12.6188	28.0383
104	-11.6889	28.1487
104	-10.9009	28.8323
104	-10.3996	29.0987
104	-9.5648	29.9337
104	-9.8147	31.1777
104	-9.4348	32.0381
104	-9.3007	32.5647
104	-8.6574	33.2403
104	-7.6542	33.6971
104	-6.9125	34.1105
104	-6.2443	35.1459
104	-5.93	35.7601
104	-5.1938	35.7553
104	-4.591	35.3307
104	-3.6401	35.3999
104	-2.6043	35.1791
104	-2.1699	35.1685
104	-1.2086	35.7149
104	-0.1274	35.8887
104	0.5039	36.3013
104	1.4669	36.6057
104	3.1617	36.7839
104	4.8157	36.8651
104	5.3201	36.7165
104	6.2619	37.1107
104	7.3305	37.1185
104	7.7371	36.8857
104	8.4211	36.9465
104	9.5101	37.3501
104	10.2101	37.2301
104	10.1807	36.7241
104	11.0289	37.0921
104	11.1001	36.9001
104	10.6001	36.4101
104	10.5933	35.9475
104	10.9395	35.6991
104	10.8079	34.8335
104	10.1497	34.3307
104	10.3397	33.7859
104	10.8569	33.7687
104	11.1085	33.2933
104	11.4889	33.1371
104	12.6633	32.7929
104	13.0833	32.8789
104	13.9187	32.7121
104	15.2457	32.2651
104	15.7139	31.3763
104	16.6117	31.1823
104	18.0211	30.7635
104	19.0865	30.2665
104	19.5741	30.5259
104	20.0533	30.9859
104	19.8203	31.7519
104	20.1341	32.2383
104	20.8545	32.7069
104	21.5431	32.8433
104	22.8959	32.6385
104	23.2369	32.1915
104	23.6091	32.1873
104	23.9275	32.0167
104	24.9211	31.8995
104	25.1649	31.5693
104	26.4953	31.5857
104	27.4577	31.3213
104	28.4505	31.0259
104	28.9135	30.8701
104	29.6835	31.1869
104	30.0951	31.4735
104	30.9769	31.5559
104	31.6881	31.4297
104	31.9605	30.9337
104	32.1925	31.2603
104	32.9939	31.0241
104	33.7735	30.9675
104	34.2655	31.2195
104	34.5565	31.5489
104	34.4881	31.6055
104	34.7527	32.0729
104	34.9555	32.8275
104	35.0985	33.0807
104	35.1261	33.0909
104	35.4823	33.9055
104	35.9797	34.6101
104	35.9985	34.6449
104	35.9051	35.4101
104	36.1499	35.8215
104	35.7821	36.2751
104	36.1609	36.6507
104	35.5511	36.5655
104	34.7145	36.7955
104	34.0269	36.2201
104	32.5093	36.1075
104	31.6997	36.6443
104	30.6217	36.6779
104	30.3911	36.2631
104	29.7001	36.1443
104	28.7329	36.6769
104	27.6413	36.6589
104	27.0489	37.6535
104	26.3183	38.2081
104	26.8047	38.9859
104	26.1709	39.4637
104	27.2801	40.4201
104	28.8201	40.4601
104	29.2401	41.2201
104	31.1459	41.0877
104	32.3481	41.7363
104	33.5133	42.0191
104	35.1677	42.0403
104	36.9131	41.3355
104	38.3477	40.9487
104	39.5127	41.1029
104	40.3735	41.0137
104	41.5541	41.5357
104	41.7033	41.9631
104	41.4535	42.6451
104	40.8755	43.0137
104	40.3215	43.1287
104	39.9551	43.4351
104	38.6801	44.2801
104	37.5391	44.6573
104	36.6755	45.2447
104	37.4033	45.4045
104	38.2331	46.2409
104	37.6737	46.6367
104	39.1477	47.0447
104	39.1213	47.2635
104	38.2237	47.1023
104	37.4251	47.0223
104	36.7599	46.6987
104	35.8237	46.6459
104	34.9623	46.2733
104	35.0209	45.6513
104	35.5101	45.4101
104	36.5301	45.4701
104	36.3347	45.1133
104	35.2401	44.9401
104	33.8825	44.3615
104	33.3265	44.5649
104	33.5469	45.0349
104	32.4543	45.3275
104	32.6309	45.5193
104	33.5881	45.8517
104	33.2987	46.0807
104	31.7441	46.3335
104	31.6753	46.7063
104	30.7489	46.5831
104	30.3777	46.0325
104	29.6033	45.2933
104	29.6265	45.0355
104	29.1417	44.8203
104	28.8379	44.9139
104	28.5581	43.7075
104	28.0391	43.2933
104	27.6739	42.5779
104	27.9967	42.0075
104	28.1155	41.6229
104	28.9885	41.2999
104	28.8065	41.0549
104	27.6191	40.9999
104	27.1925	40.6907
104	26.3581	40.1521
104	26.0433	40.6177
104	26.0569	40.8241
104	25.4477	40.8525
104	24.9259	40.9471
104	23.7149	40.6871
104	24.4081	40.1251
104	23.9001	39.9621
104	23.3431	39.9611
104	22.8141	40.4761
104	22.6263	40.2565
104	22.8497	39.6593
104	23.3501	39.1901
104	22.9731	38.9709
104	23.5301	38.5101
104	24.0251	38.2201
104	24.0401	37.6551
104	23.1151	37.9201
104	23.4101	37.4101
104	22.7751	37.3051
104	23.1543	36.4225
104	22.4901	36.4101
104	21.6701	36.8451
104	21.2951	37.6451
104	21.1201	38.3103
104	20.7301	38.7701
104	20.2177	39.3403
104	20.1501	39.6251
104	19.9801	39.6951
104	19.9601	39.9151
104	19.4061	40.2509
104	19.3191	40.7273
104	19.4037	41.4095
104	19.5401	41.7201
104	19.3719	41.8777
104	19.1625	41.9551
104	18.8821	42.2815
104	18.4501	42.4801
104	17.5099	42.8501
104	16.9301	43.2101
104	16.0155	43.5073
104	15.1745	44.2433
104	15.3763	44.3179
104	14.9203	44.7385
104	14.9017	45.0761
104	14.2587	45.2339
104	13.9523	44.8021
104	13.6571	45.1371
104	13.6795	45.4841
104	13.7151	45.5003
104	13.9377	45.5911
104	13.1417	45.7367
104	12.3287	45.3819
104	12.3839	44.8855
104	12.2615	44.6005
104	12.5893	44.0915
104	13.5269	43.5877
104	14.0299	42.7611
104	15.1427	41.9551
104	15.9263	41.9613
104	16.1699	41.7403
104	15.8893	41.5411
104	16.7851	41.1797
104	17.5193	40.8771
104	18.3767	40.3557
104	18.4803	40.1689
104	18.2935	39.8109
104	17.7385	40.2777
104	16.8697	40.4423
104	16.4487	39.7955
104	17.1715	39.4247
104	17.0529	38.9029
104	16.6351	38.8437
104	16.1011	37.9859
104	15.6841	37.9089
104	15.6881	38.2147
104	15.8921	38.7509
104	16.1093	38.9645
104	15.7189	39.5441
104	15.4137	40.0483
104	14.9985	40.1731
104	14.7033	40.6047
104	14.0607	40.7865
104	13.6281	41.1883
104	12.8881	41.2531
104	12.1067	41.7045
104	11.1919	42.3555
104	10.5121	42.9315
104	10.2001	43.9201
104	9.7025	44.0363
104	8.8889	44.3663
104	8.4287	44.2313
104	7.8509	43.7673
104	7.4353	43.6939
104	6.5293	43.1289
104	4.5569	43.3997
104	3.1005	43.0753
104	2.9861	42.4731
104	3.0395	41.8921
104	2.0919	41.2261
104	0.8105	41.0147
104	0.7213	40.6783
104	0.1067	40.1241
104	-0.2787	39.3101
104	0.1113	38.7385
104	-0.4671	38.2925
104	-0.6834	37.6423
104	-1.4383	37.4431
104	-2.1464	36.6741
104	-3.4157	36.6589
104	-4.3689	36.6779
104	-4.9952	36.3247
104	-5.3771	35.9469
104	-5.8664	36.0299
104	-6.2367	36.3677
104	-6.5202	36.9429
104	-7.4537	37.0979
104	-7.8556	36.8383
104	-8.3828	36.9789
104	-8.8988	36.8689
104	-8.7461	37.6515
104	-8.84	38.2663
104	-9.2875	38.3585
104	-9.5265	38.7375
104	-9.4469	39.3921
104	-9.0483	39.7551
104	-8.9773	40.1593
104	-8.7687	40.7607
104	-8.7908	41.1843
104	-8.9908	41.5435
104	-9.0348	41.8807
104	-8.9844	42.5929
104	-9.3929	43.0267
104	-7.9782	43.7485
104	-6.7545	43.5679
104	-5.4118	43.5743
104	-4.3478	43.4035
104	-3.5175	43.4559
104	-1.9013	43.4229
104	-1.3842	44.0227
104	-1.1938	46.0149
104	-2.2257	47.0645
104	-2.9632	47.5703
104	-4.4916	47.9551
104	-4.5923	48.6841
104	-3.2958	48.9017
104	-1.6165	48.6445
104	-1.9334	49.7765
104	-0.9894	49.3475
104	1.3387	50.1273
104	1.6391	50.9467
104	2.5135	51.1485
104	3.3151	51.3459
104	3.8303	51.6205
104	4.7061	53.0919
104	6.0743	53.5105
104	6.9053	53.4823
104	7.1005	53.6939
104	7.9363	53.7483
104	8.1217	53.5279
104	8.8007	54.0209
104	8.5721	54.3957
104	8.5263	54.9629
104	8.1203	55.5177
104	8.0901	56.5401
104	8.2567	56.8101
104	8.5435	57.1101
104	9.4245	57.1721
104	9.7757	57.4479
104	10.5801	57.7301
104	10.5461	57.2159
104	10.2501	56.8901
104	10.3701	56.6101
104	10.9123	56.4587
104	10.6679	56.0815
104	10.3701	56.1901
104	9.6501	55.4701
104	9.9219	54.9831
104	9.9397	54.5967
104	10.9501	54.3637
104	10.9395	54.0087
104	11.9563	54.1965
104	12.5185	54.4705
104	13.6475	54.0755
104	14.1197	53.7571
104	14.8029	54.0507
104	16.3635	54.5133
104	17.6229	54.8517
104	18.6209	54.6827
104	18.6963	54.4387
104	19.6607	54.4261
104	19.8885	54.8661
104	21.2685	55.1905
104	21.0559	56.0311
104	21.0905	56.7839
104	21.5819	57.4119
104	22.5245	57.7535
104	23.3185	57.0063
104	24.1207	57.0257
104	24.3129	57.7935
104	24.4291	58.3835
104	24.0613	58.2575
104	23.4267	58.6127
104	23.3399	59.1873
104	24.6043	59.4659
104	25.8643	59.6111
104	26.9493	59.4459
104	27.9811	59.4755
104	29.1177	60.0281
104	28.0701	60.5035
104	26.2553	60.4239
104	24.4967	60.0573
104	22.8697	59.8465
104	22.2909	60.3919
104	21.3223	60.7203
104	21.5449	61.7053
104	21.0593	62.6075
104	21.5361	63.1899
104	22.4427	63.8179
104	24.7305	64.9023
104	25.3981	65.1115
104	25.2941	65.5345
104	23.9035	66.0069
104	22.1833	65.7239
104	21.2135	65.0261
104	21.3697	64.4137
104	19.7789	63.6097
104	17.8479	62.7495
104	17.1197	61.3413
104	17.8315	60.6367
104	18.7877	60.0819
104	17.8693	58.9539
104	16.8293	58.7199
104	16.4477	57.0411
104	15.8799	56.1043
104	14.6667	56.2009
104	14.1007	55.4079
104	12.9429	55.3619
104	12.6251	56.3071
104	11.7881	57.4419
104	11.0273	58.8561
104	10.3567	59.4699
104	8.3821	58.3133
104	7.0489	58.0789
104	5.6659	58.5881
104	5.3083	59.6633
104	4.9921	61.9711
104	5.9129	62.6145
104	8.5535	63.4541
104	10.5277	64.4861
104	12.3583	65.8797
104	14.7613	67.8107
104	16.4359	68.5633
104	19.1841	69.8175
104	21.3785	70.2553
104	23.0237	70.2021
104	24.5467	71.0305
104	26.3701	70.9863
104	28.1655	71.1855
104	31.2935	70.4539
104	30.0055	70.1863
104	31.1011	69.5581
104	32.1327	69.9059
104	33.7755	69.3015
104	36.5141	69.0635
104	40.2925	67.9325
104	41.0599	67.4573
104	41.1261	66.7917
104	40.0159	66.2663
104	38.3829	65.9995
104	33.9187	66.7597
104	33.1845	66.6325
104	34.8149	65.9001
104	34.9439	64.4145
104	36.2313	64.1095
104	37.0129	63.8499
104	37.1421	64.3347
104	36.5177	64.7803
104	37.1761	65.1433
104	39.5935	64.5209
104	40.4357	64.7645
104	39.7627	65.4969
104	42.0931	66.4763
104	43.0161	66.4187
104	43.9499	66.0691
104	44.5323	66.7563
104	43.6985	67.3525
104	44.1879	67.9505
104	43.4529	68.5709
104	46.2501	68.2501
104	46.8213	67.6899
104	45.5553	67.5665
104	45.5621	67.0101
104	46.3491	66.6677
104	47.8943	66.8845
104	48.1387	67.5225
104	50.2277	67.9987
104	53.7175	68.8575
104	54.4717	68.8083
104	53.4859	68.2013
104	54.7263	68.0971
104	55.4427	68.4387
104	57.3171	68.4663
104	58.8021	68.8809
104	59.9415	68.2785
104	61.0779	68.9407
104	60.0301	69.5201
104	60.5501	69.8501
104	63.5041	69.5475
104	64.8881	69.2349
104	68.5121	68.0923
104	69.1807	68.6157
104	68.1645	69.1443
104	68.1353	69.3565
104	66.9301	69.4547
104	67.2599	69.9287
104	66.7249	70.7089
104	66.6947	71.0291
104	68.5401	71.9345
104	69.1963	72.8435
104	69.9401	73.0401
104	72.5875	72.7763
104	72.7961	72.2201
104	71.8481	71.4091
104	72.4701	71.0903
104	72.7919	70.3911
104	72.5647	69.0209
104	73.6679	68.4079
104	73.2387	67.7405
104	71.2801	66.3201
104	72.4231	66.1727
104	72.8207	66.5327
104	73.9211	66.7895
104	74.1865	67.2843
104	75.0521	67.7605
104	74.4693	68.3291
104	74.9359	68.9893
104	73.8423	69.0715
104	73.6019	69.6277
104	74.3999	70.6319
104	73.1011	71.4471
104	74.8909	72.1213
104	74.6593	72.8323
104	75.1581	72.8551
104	75.6835	72.3005
104	75.2891	71.3357
104	76.3591	71.1529
104	75.9031	71.8741
104	77.5767	72.2673
104	79.6521	72.3201
104	81.5001	71.7501
104	80.6107	72.5829
104	80.5111	73.6483
104	82.2501	73.8501
104	84.6553	73.8059
104	86.8223	73.9369
104	86.0097	74.4597
104	87.1669	75.1165
104	88.3157	75.1439
104	90.2601	75.6401
104	92.9007	75.7733
104	93.2343	76.0473
104	95.8601	76.1401
104	96.6783	75.9155
104	98.9225	76.4469
104	100.7597	76.4303
104	101.0353	76.8619
104	101.9909	77.2875
104	104.3517	77.6979
104	106.0667	77.3739
104	104.7051	77.1275
104	106.9703	76.9743
105	-93.84	77.52
105	-94.2956	77.4913
105	-96.1697	77.5551
105	-96.4363	77.8346
105	-94.4226	77.82
105	-93.7207	77.6343
105	-93.84	77.52
106	-110.1869	77.697
106	-112.0512	77.4092
106	-113.5343	77.7322
106	-112.7246	78.0511
106	-111.2644	78.153
106	-109.8545	77.9963
106	-110.1869	77.697
107	24.7241	77.8538
107	22.4903	77.4449
107	20.726	77.677
107	21.4161	77.935
107	20.8119	78.2546
107	22.8843	78.4549
107	23.2813	78.0795
107	24.7241	77.8538
108	-109.6631	78.602
108	-110.8813	78.4069
108	-112.5421	78.4079
108	-112.5259	78.5506
108	-111.5	78.85
108	-110.9637	78.8044
108	-109.6631	78.602
109	-95.8303	78.0569
109	-97.3098	77.8506
109	-98.1243	78.0829
109	-98.5529	78.4581
109	-98.632	78.8719
109	-97.3372	78.832
109	-96.7544	78.7658
109	-95.5593	78.4183
109	-95.8303	78.0569
110	-100.0602	78.3248
110	-99.6709	77.9075
110	-101.3039	78.019
110	-102.9498	78.3432
110	-105.1761	78.3803
110	-104.2104	78.6774
110	-105.4196	78.9183
110	-105.4923	79.3016
110	-103.5293	79.1653
110	-100.8252	78.8005
110	-100.0602	78.3248
111	105.0755	78.3069
111	99.4381	77.921
111	101.2649	79.234
111	102.0863	79.3464
111	102.8378	79.2813
111	105.3724	78.7133
111	105.0755	78.3069
112	18.2518	79.7018
112	21.5438	78.9561
112	19.0274	78.5626
112	18.4717	77.8267
112	17.5944	77.638
112	17.1182	76.8094
112	15.9131	76.7704
112	13.7626	77.3804
112	14.6696	77.7357
112	13.1706	78.0249
112	11.2223	78.8693
112	10.4445	79.6524
112	13.1708	80.0105
112	13.7185	79.6604
112	15.1428	79.6743
112	15.5226	80.0161
112	16.9908	80.0509
112	18.2518	79.7018
113	25.4476	80.4073
113	27.4075	80.0564
113	25.9247	79.5178
113	23.0245	79.4
113	20.0752	79.5668
113	19.8973	79.8424
113	18.4623	79.8599
113	17.368	80.3189
113	20.456	80.5982
113	21.9079	80.3577
113	22.9193	80.6571
113	25.4476	80.4073
114	51.1362	80.5473
114	49.7937	80.4154
114	48.8944	80.3396
114	48.7549	80.1755
114	47.5861	80.0102
114	46.5028	80.2472
114	47.0725	80.5594
114	44.847	80.5898
114	46.7991	80.7719
114	48.3185	80.784
114	48.5228	80.5146
114	49.0972	80.754
114	50.0398	80.9189
114	51.5229	80.6997
114	51.1362	80.5473
115	99.9398	78.8809
115	97.7579	78.7562
115	94.9726	79.0447
115	93.3129	79.4265
115	92.5454	80.1438
115	91.1811	80.3415
115	93.7777	81.0246
115	95.9409	81.2504
115	97.8838	80.747
115	100.1867	79.7801
115	99.9398	78.8809
116	-87.02	79.66
116	-85.8144	79.3369
116	-87.1876	79.0393
116	-89.0353	78.2872
116	-90.8044	78.2153
116	-92.8767	78.3433
116	-93.9512	78.751
116	-93.9357	79.1137
116	-93.1452	79.3801
116	-94.974	79.3725
116	-96.0761	79.705
116	-96.7097	80.1578
116	-96.0164	80.6023
116	-95.3234	80.9073
116	-94.2984	80.9773
116	-94.7354	81.2065
116	-92.4098	81.2574
116	-91.1329	80.7234
116	-89.45	80.5093
116	-87.81	80.32
116	-87.02	79.66
117	-68.5	83.1063
117	-65.8273	83.028
117	-63.68	82.9
117	-61.85	82.6286
117	-61.8939	82.3616
117	-64.334	81.9278
117	-66.7534	81.7253
117	-67.6576	81.5014
117	-65.4803	81.5066
117	-67.84	80.9
117	-69.4697	80.6168
117	-71.18	79.8
117	-73.2428	79.6342
117	-73.88	79.4302
117	-76.9077	79.3231
117	-75.5292	79.1977
117	-76.2205	79.0191
117	-75.3935	78.5258
117	-76.3435	78.183
117	-77.8885	77.8999
117	-78.3627	77.5086
117	-79.7595	77.2097
117	-79.6196	76.9834
117	-77.9109	77.022
117	-77.8891	76.778
117	-80.5613	76.1781
117	-83.1744	76.454
117	-86.1118	76.299
117	-87.6	76.42
117	-89.4907	76.4724
117	-89.6161	76.9521
117	-87.7674	77.1783
117	-88.26	77.9
117	-87.65	77.9702
117	-84.9763	77.5387
117	-86.34	78.18
117	-87.9619	78.3718
117	-87.152	78.7587
117	-85.3787	78.9969
117	-85.0949	79.3454
117	-86.5073	79.7362
117	-86.9318	80.2515
117	-84.1984	80.2084
117	-83.4087	80.1
117	-81.8482	80.4644
117	-84.1	80.58
117	-87.599	80.5163
117	-89.3666	80.8557
117	-90.2	81.26
117	-91.3679	81.5531
117	-91.587	81.8943
117	-90.1	82.085
117	-88.9323	82.1175
117	-86.9702	82.2796
117	-85.5	82.6523
117	-84.26	82.6
117	-83.18	82.32
117	-82.42	82.86
117	-81.1	83.02
117	-79.3066	83.1306
117	-76.25	83.1721
117	-75.7188	83.064
117	-72.8315	83.2332
117	-70.6658	83.1698
117	-68.5	83.1063
118	-27.1005	83.5197
118	-20.8454	82.7267
118	-22.6918	82.3417
118	-26.5175	82.2977
118	-31.9	82.2
118	-31.3965	82.0215
118	-27.8567	82.1318
118	-24.8445	81.787
118	-22.9033	82.0932
118	-22.0718	81.7345
118	-23.1696	81.1527
118	-20.6236	81.5246
118	-15.7682	81.9125
118	-12.7702	81.7189
118	-12.2086	81.2915
118	-16.2853	80.58
118	-16.85	80.35
118	-20.0462	80.1771
118	-17.7304	80.1291
118	-18.9	79.4
118	-19.705	78.7513
118	-19.6735	77.6386
118	-18.4729	76.9857
118	-20.035	76.9443
118	-21.6794	76.6279
118	-19.8341	76.0981
118	-19.599	75.2484
118	-20.6682	75.1559
118	-19.3728	74.2956
118	-21.5942	74.2238
118	-20.4345	73.8171
118	-20.7623	73.4644
118	-22.1722	73.3096
118	-23.5659	73.3066
118	-22.3131	72.6293
118	-22.2995	72.1841
118	-24.2783	72.5979
118	-24.793	72.3302
118	-23.443	72.0802
118	-22.1328	71.469
118	-21.7536	70.6637
118	-23.536	70.471
118	-24.307	70.8565
118	-25.5434	71.4309
118	-25.2014	70.7523
118	-26.3628	70.2265
118	-23.7274	70.184
118	-22.349	70.1295
118	-25.0293	69.2588
118	-27.7474	68.4705
118	-30.6737	68.125
118	-31.7767	68.1208
118	-32.8111	67.7355
118	-34.202	66.6797
118	-36.3528	65.9789
118	-37.0438	65.9377
118	-38.3751	65.6921
118	-39.8122	65.4585
118	-40.669	64.84
118	-40.6828	64.139
118	-41.1887	63.4825
118	-42.8194	62.6823
118	-42.4167	61.9009
118	-42.8662	61.074
118	-43.3784	60.0977
118	-44.7875	60.0368
118	-46.2636	60.8533
118	-48.2629	60.8584
118	-49.2331	61.4068
118	-49.9004	62.3834
118	-51.6332	63.6269
118	-52.1401	64.2784
118	-52.2766	65.1767
118	-53.6617	66.0996
118	-53.3016	66.8365
118	-53.9691	67.189
118	-52.9804	68.3576
118	-51.4754	68.7296
118	-51.0804	69.1478
118	-50.8712	69.9291
118	-52.0136	69.5749
118	-52.5579	69.4262
118	-53.4563	69.2836
118	-54.6834	69.61
118	-54.75	70.2893
118	-54.3588	70.8213
118	-53.4313	70.8358
118	-51.3901	70.5698
118	-53.1094	71.2048
118	-54.0042	71.5472
118	-55	71.4065
118	-55.8347	71.6544
118	-54.7182	72.5863
118	-55.3263	72.9586
118	-56.12	73.6498
118	-57.3236	74.7103
118	-58.5968	75.0986
118	-58.5852	75.5173
118	-61.2686	76.1024
118	-63.3916	76.1752
118	-66.0643	76.1349
118	-68.5044	76.0614
118	-69.6649	76.3798
118	-71.4026	77.0086
118	-68.7767	77.3231
118	-66.764	77.376
118	-71.0429	77.6359
118	-73.297	78.0442
118	-73.1594	78.4327
118	-69.3735	78.9139
118	-65.7107	79.3944
118	-65.3239	79.7581
118	-68.023	80.1172
118	-67.1513	80.5158
118	-63.6893	81.214
118	-62.2344	81.3211
118	-62.6512	81.7704
118	-60.2825	82.0336
118	-57.2074	82.1907
118	-54.1344	82.1996
118	-53.0433	81.8883
118	-50.3906	82.4388
118	-48.0039	82.0648
118	-46.5998	81.9859
118	-44.523	81.6607
118	-46.9007	82.1998
118	-46.7638	82.628
118	-43.4064	83.2252
118	-39.8975	83.1802
118	-38.6221	83.549
118	-35.0879	83.6451
118	-27.1005	83.5197
