phy_label	label
S000000001	H1
S000000002	H2
S000000003	H3
S000000004	H4
S000000005	H5
S000000006	H6
S000000007	H7
S000000008	H8
S000000009	H9
S000000010	H10
S000000011	H11
S000000012	H12
S000000013	H13
S000000014	H14
S000000015	H15
S000000016	H16
S000000017	H17
S000000018	H18
S000000019	H19
S000000020	H20
S000000021	H21
S000000022	H22
S000000023	H23
S000000024	H24
S000000025	H25
S000000026	H26
S000000027	H27
S000000028	H28
S000000029	H29
S000000030	H30
S000000031	H31
S000000032	H32
S000000033	H33
S000000034	H34
S000000035	H35
S000000036	H36
S000000037	H37
S000000038	H38
S000000039	H39
S000000040	H40
S000000041	H41
S000000042	H42
S000000043	H43
S000000044	H44
S000000045	H45
S000000046	H46
S000000047	H47
S000000048	H48
S000000049	H49
S000000050	H50
S000000051	H51
S000000052	H52
S000000053	H53
S000000054	H54
S000000055	H55
S000000056	H56
S000000057	H57
S000000058	H58
S000000059	H59
S000000060	H60
S000000061	H61
S000000062	H62
S000000063	H63
S000000064	H64
S000000065	H65
S000000066	H66
S000000067	H67
S000000068	H68
S000000069	H69
S000000070	H70
S000000071	H71
S000000072	H72
S000000073	H73
S000000074	H74
S000000075	H75
S000000076	H76
S000000077	H77
S000000078	H78
S000000079	H79
S000000080	H80
S000000081	H81
S000000082	H82
S000000083	H83
S000000084	H84
S000000085	H85
S000000086	H86
S000000087	H87
S000000088	H88
S000000089	H89
S000000090	H90
S000000091	H91
S000000092	H92
S000000093	H93
S000000094	H94
S000000095	H95
S000000096	H96
S000000097	H97
S000000098	H98
S000000099	H99
S000000100	H100
S000000101	H101
S000000102	H102
S000000103	H103
S000000104	H104
S000000105	H105
S000000106	H106
S000000107	H107
S000000108	H108
S000000109	H109
S000000110	H110
S000000111	H111
S000000112	H112
S000000113	H113
S000000114	H114
S000000115	H115
S000000116	H116
S000000117	H117
S000000118	H118
S000000119	H119
S000000120	H120
S000000121	H121
S000000122	H122
S000000123	H123
S000000124	H124
S000000125	H125
S000000126	H126
S000000127	H127
S000000128	H128
S000000129	H129
S000000130	H130
S000000131	H131
S000000132	H132
S000000133	H133
S000000134	H134
S000000135	H135
S000000136	H136
S000000137	H137
S000000138	H138
S000000139	H139
S000000140	H140
S000000141	H141
S000000142	H142
S000000143	H143
S000000144	H144
S000000145	H145
S000000146	H146
S000000147	H147
S000000148	H148
S000000149	H149
S000000150	H150
S000000151	H151
S000000152	H152
S000000153	H153
S000000154	H154
S000000155	H155
S000000156	H156
S000000157	H157
S000000158	H158
S000000159	H159
S000000160	H160
S000000161	H161
S000000162	H162
S000000163	H163
S000000164	H164
S000000165	H165
S000000166	H166
S000000167	H167
S000000168	H168
S000000169	H169
S000000170	H170
S000000171	H171
S000000172	H172
S000000173	H173
S000000174	H174
S000000175	H175
S000000176	H176
S000000177	H177
S000000178	H178
S000000179	H179
S000000180	H180
S000000181	H181
S000000182	H182
S000000183	H183
S000000184	H184
S000000185	H185
S000000186	H186
S000000187	H187
S000000188	H188
S000000189	H189
S000000190	H190
S000000191	H191
S000000192	H192
S000000193	H193
S000000194	H194
S000000195	H195
S000000196	H196
S000000197	H197
S000000198	H198
S000000199	H199
S000000200	H200
S000000201	H201
S000000202	H202
S000000203	H203
S000000204	H204
S000000205	H205
S000000206	H206
S000000207	H207
S000000208	H208
S000000209	H209
S000000210	H210
S000000211	H211
S000000212	H212
S000000213	H213
S000000214	H214
S000000215	H215
S000000216	H216
S000000217	H217
S000000218	H218
S000000219	H219
S000000220	H220
S000000221	H221
S000000222	H222
S000000223	H223
S000000224	H224
S000000225	H225
S000000226	H226
S000000227	H227
S000000228	H228
S000000229	H229
S000000230	H230
S000000231	H231
S000000232	H232
S000000233	H233
S000000234	H234
S000000235	H235
S000000236	H236
S000000237	H237
S000000238	H238
S000000239	H239
S000000240	H240
S000000241	H241
S000000242	H242
S000000243	H243
S000000244	H244
S000000245	H245
S000000246	H246
S000000247	H247
S000000248	H248
S000000249	H249
S000000250	H250
S000000251	H251
S000000252	H252
S000000253	H253
S000000254	H254
S000000255	H255
S000000256	H256
S000000257	H257
S000000258	H258
S000000259	H259
S000000260	H260
S000000261	H261
S000000262	H262
S000000263	H263
S000000264	H264
S000000265	H265
S000000266	H266
S000000267	H267
S000000268	H268
S000000269	H269
S000000270	H270
S000000271	H271
S000000272	H272
S000000273	H273
S000000274	H274
S000000275	H275
S000000276	H276
S000000277	H277
S000000278	H278
S000000279	H279
S000000280	H280
S000000281	H281
S000000282	H282
S000000283	H283
S000000284	H284
S000000285	H285
S000000286	H286
S000000287	H287
S000000288	H288
S000000289	H289
S000000290	H290
S000000291	H291
S000000292	H292
S000000293	H293
S000000294	H294
S000000295	H295
S000000296	H296
S000000297	H297
S000000298	H298
S000000299	H299
S000000300	H300
S000000301	H301
S000000302	H302
S000000303	H303
S000000304	H304
S000000305	H305
S000000306	H306
S000000307	H307
S000000308	H308
S000000309	H309
S000000310	H310
S000000311	H311
S000000312	H312
S000000313	H313
S000000314	H314
S000000315	H315
S000000316	H316
S000000317	H317
S000000318	H318
S000000319	H319
S000000320	H320
S000000321	H321
S000000322	H322
S000000323	H323
S000000324	H324
S000000325	H325
S000000326	H326
S000000327	H327
S000000328	H328
S000000329	H329
S000000330	H330
S000000331	H331
S000000332	H332
S000000333	H333
S000000334	H334
S000000335	H335
S000000336	H336
S000000337	H337
S000000338	H338
S000000339	H339
S000000340	H340
S000000341	H341
S000000342	H342
S000000343	H343
S000000344	H344
S000000345	H345
S000000346	H346
S000000347	H347
S000000348	H348
S000000349	H349
S000000350	H350
S000000351	H351
S000000352	H352
S000000353	H353
S000000354	H354
S000000355	H355
S000000356	H356
S000000357	H357
S000000358	H358
S000000359	H359
S000000360	H360
S000000361	H361
S000000362	H362
S000000363	H363
S000000364	H364
S000000365	H365
S000000366	H366
S000000367	H367
S000000368	H368
S000000369	H369
S000000370	H370
S000000371	H371
S000000372	H372
S000000373	H373
S000000374	H374
S000000375	H375
S000000376	H376
S000000377	H377
S000000378	H378
S000000379	H379
S000000380	H380
S000000381	H381
S000000382	H382
S000000383	H383
S000000384	H384
S000000385	H385
S000000386	H386
S000000387	H387
S000000388	H388
S000000389	H389
S000000390	H390
S000000391	H391
S000000392	H392
S000000393	H393
S000000394	H394
S000000395	H395
S000000396	H396
S000000397	H397
S000000398	H398
S000000399	H399
S000000400	H400
S000000401	H401
S000000402	H402
S000000403	H403
S000000404	H404
S000000405	H405
S000000406	H406
S000000407	H407
S000000408	H408
S000000409	H409
S000000410	H410
S000000411	H411
S000000412	H412
S000000413	H413
S000000414	H414
S000000415	H415
S000000416	H416
S000000417	H417
S000000418	H418
S000000419	H419
S000000420	H420
S000000421	H421
S000000422	H422
S000000423	H423
S000000424	H424
S000000425	H425
S000000426	H426
S000000427	H427
S000000428	H428
S000000429	H429
S000000430	H430
S000000431	H431
S000000432	H432
S000000433	H433
S000000434	H434
S000000435	H435
S000000436	H436
S000000437	H437
S000000438	H438
S000000439	H439
S000000440	H440
S000000441	H441
S000000442	H442
S000000443	H443
S000000444	H444
S000000445	H445
S000000446	H446
S000000447	H447
S000000448	H448
S000000449	H449
S000000450	H450
S000000451	H451
S000000452	H452
S000000453	H453
S000000454	H454
S000000455	H455
S000000456	H456
S000000457	H457
S000000458	H458
S000000459	H459
S000000460	H460
S000000461	H461
S000000462	H462
S000000463	H463
S000000464	H464
S000000465	H465
S000000466	H466
S000000467	H467
S000000468	H468
S000000469	H469
S000000470	H470
S000000471	H471
S000000472	H472
S000000473	H473
S000000474	H474
S000000475	H475
S000000476	H476
S000000477	H477
S000000478	H478
S000000479	H479
S000000480	H480
S000000481	H481
S000000482	H482
S000000483	H483
S000000484	H484
S000000485	H485
S000000486	H486
S000000487	H487
S000000488	H488
S000000489	H489
S000000490	H490
S000000491	H491
S000000492	H492
S000000493	H493
S000000494	H494
S000000495	H495
S000000496	H496
S000000497	H497
S000000498	H498
S000000499	H499
S000000500	H500
S000000501	H501
S000000502	H502
S000000503	H503
S000000504	H504
S000000505	H505
S000000506	H506
S000000507	H507
S000000508	H508
S000000509	H509
S000000510	H510
S000000511	H511
S000000512	H512
S000000513	H513
S000000514	H514
S000000515	H515
S000000516	H516
S000000517	H517
S000000518	H518
S000000519	H519
S000000520	H520
S000000521	H521
S000000522	H522
S000000523	H523
S000000524	H524
S000000525	H525
S000000526	H526
S000000527	H527
S000000528	H528
S000000529	H529
S000000530	H530
S000000531	H531
S000000532	H532
S000000533	H533
S000000534	H534
S000000535	H535
S000000536	H536
S000000537	H537
S000000538	H538
S000000539	H539
S000000540	H540
S000000541	H541
S000000542	H542
S000000543	H543
S000000544	H544
S000000545	H545
S000000546	H546
S000000547	H547
S000000548	H548
S000000549	H549
S000000550	H550
S000000551	H551
S000000552	Altai
S000000553	Chagyr
S000000554	Vindija
S000000555	Denisova
S000000556	Denisova25
S000000557	Ancestral
