locus_id	sample	haplotype	hap_id	anchor_id	anchor_pos	allele_index	allele	assigned_to_hap_id
rs6525167	HG00096	1	H32	X:66423003:G:A	66423003	0	G	1
rs6525167	HG00101	1	H537	X:66423003:G:A	66423003	1	A	1
rs6525167	HG00103	1	H341	X:66423003:G:A	66423003	1	A	1
rs6525167	HG00105	1	H207	X:66423003:G:A	66423003	1	A	1
rs6525167	HG00107	1	H221	X:66423003:G:A	66423003	1	A	1
rs6525167	HG00108	1	H1	X:66423003:G:A	66423003	1	A	1
rs6525167	HG00109	1	H127	X:66423003:G:A	66423003	1	A	1
rs6525167	HG00112	1	H241	X:66423003:G:A	66423003	0	G	1
rs6525167	HG00113	1	H24	X:66423003:G:A	66423003	1	A	1
rs6525167	HG00114	1	H26	X:66423003:G:A	66423003	1	A	1
rs6525167	HG00115	1	H503	X:66423003:G:A	66423003	0	G	1
rs6525167	HG00116	1	H1	X:66423003:G:A	66423003	1	A	1
rs6525167	HG00117	1	H375	X:66423003:G:A	66423003	1	A	1
rs6525167	HG00119	1	H241	X:66423003:G:A	66423003	0	G	1
rs6525167	HG00126	1	H157	X:66423003:G:A	66423003	1	A	1
rs6525167	HG00129	1	H9	X:66423003:G:A	66423003	1	A	1
rs6525167	HG00131	1	H98	X:66423003:G:A	66423003	0	G	1
rs6525167	HG00136	1	H158	X:66423003:G:A	66423003	1	A	1
rs6525167	HG00138	1	H57	X:66423003:G:A	66423003	1	A	1
rs6525167	HG00139	1	H542	X:66423003:G:A	66423003	0	G	1
rs6525167	HG00140	1	H343	X:66423003:G:A	66423003	1	A	1
rs6525167	HG00141	1	H325	X:66423003:G:A	66423003	1	A	1
rs6525167	HG00142	1	H261	X:66423003:G:A	66423003	1	A	1
rs6525167	HG00143	1	H13	X:66423003:G:A	66423003	1	A	1
rs6525167	HG00145	1	H169	X:66423003:G:A	66423003	1	A	1
rs6525167	HG00148	1	H355	X:66423003:G:A	66423003	1	A	1
rs6525167	HG00149	1	H541	X:66423003:G:A	66423003	0	G	1
rs6525167	HG00151	1	H275	X:66423003:G:A	66423003	1	A	1
rs6525167	HG00155	1	H347	X:66423003:G:A	66423003	1	A	1
rs6525167	HG00157	1	H250	X:66423003:G:A	66423003	0	G	1
rs6525167	HG00159	1	H327	X:66423003:G:A	66423003	1	A	1
rs6525167	HG00160	1	H242	X:66423003:G:A	66423003	0	G	1
rs6525167	HG00181	1	H32	X:66423003:G:A	66423003	0	G	1
rs6525167	HG00182	1	H98	X:66423003:G:A	66423003	0	G	1
rs6525167	HG00183	1	H242	X:66423003:G:A	66423003	0	G	1
rs6525167	HG00185	1	H9	X:66423003:G:A	66423003	1	A	1
rs6525167	HG00186	1	H90	X:66423003:G:A	66423003	1	A	1
rs6525167	HG00187	1	H249	X:66423003:G:A	66423003	0	G	1
rs6525167	HG00188	1	H37	X:66423003:G:A	66423003	1	A	1
rs6525167	HG00189	1	H339	X:66423003:G:A	66423003	1	A	1
rs6525167	HG00190	1	H25	X:66423003:G:A	66423003	1	A	1
rs6525167	HG00234	1	H17	X:66423003:G:A	66423003	1	A	1
rs6525167	HG00242	1	H208	X:66423003:G:A	66423003	1	A	1
rs6525167	HG00243	1	H9	X:66423003:G:A	66423003	1	A	1
rs6525167	HG00244	1	H25	X:66423003:G:A	66423003	1	A	1
rs6525167	HG00246	1	H13	X:66423003:G:A	66423003	1	A	1
rs6525167	HG00251	1	H93	X:66423003:G:A	66423003	1	A	1
rs6525167	HG00252	1	H19	X:66423003:G:A	66423003	1	A	1
rs6525167	HG00256	1	H1	X:66423003:G:A	66423003	1	A	1
rs6525167	HG00260	1	H17	X:66423003:G:A	66423003	1	A	1
rs6525167	HG00264	1	H173	X:66423003:G:A	66423003	1	A	1
rs6525167	HG00265	1	H30	X:66423003:G:A	66423003	0	G	1
rs6525167	HG00267	1	H155	X:66423003:G:A	66423003	1	A	1
rs6525167	HG00271	1	H156	X:66423003:G:A	66423003	1	A	1
rs6525167	HG00273	1	H80	X:66423003:G:A	66423003	1	A	1
rs6525167	HG00277	1	H384	X:66423003:G:A	66423003	1	A	1
rs6525167	HG00278	1	H90	X:66423003:G:A	66423003	1	A	1
rs6525167	HG00280	1	H520	X:66423003:G:A	66423003	0	G	1
rs6525167	HG00284	1	H9	X:66423003:G:A	66423003	1	A	1
rs6525167	HG00290	1	H176	X:66423003:G:A	66423003	1	A	1
rs6525167	HG00308	1	H380	X:66423003:G:A	66423003	1	A	1
rs6525167	HG00310	1	H34	X:66423003:G:A	66423003	0	G	1
rs6525167	HG00311	1	H249	X:66423003:G:A	66423003	0	G	1
rs6525167	HG00321	1	H26	X:66423003:G:A	66423003	1	A	1
rs6525167	HG00325	1	H76	X:66423003:G:A	66423003	1	A	1
rs6525167	HG00329	1	H276	X:66423003:G:A	66423003	1	A	1
rs6525167	HG00335	1	H76	X:66423003:G:A	66423003	1	A	1
rs6525167	HG00336	1	H311	X:66423003:G:A	66423003	1	A	1
rs6525167	HG00338	1	H80	X:66423003:G:A	66423003	1	A	1
rs6525167	HG00341	1	H10	X:66423003:G:A	66423003	1	A	1
rs6525167	HG00342	1	H90	X:66423003:G:A	66423003	1	A	1
rs6525167	HG00345	1	H27	X:66423003:G:A	66423003	1	A	1
rs6525167	HG00351	1	H37	X:66423003:G:A	66423003	1	A	1
rs6525167	HG00358	1	H364	X:66423003:G:A	66423003	1	A	1
rs6525167	HG00360	1	H24	X:66423003:G:A	66423003	1	A	1
rs6525167	HG00366	1	H372	X:66423003:G:A	66423003	1	A	1
rs6525167	HG00369	1	H155	X:66423003:G:A	66423003	1	A	1
rs6525167	HG00371	1	H467	X:66423003:G:A	66423003	1	A	1
rs6525167	HG00372	1	H320	X:66423003:G:A	66423003	1	A	1
rs6525167	HG00375	1	H61	X:66423003:G:A	66423003	1	A	1
rs6525167	HG00382	1	H138	X:66423003:G:A	66423003	1	A	1
rs6525167	HG00403	1	H1	X:66423003:G:A	66423003	1	A	1
rs6525167	HG00406	1	H14	X:66423003:G:A	66423003	1	A	1
rs6525167	HG00409	1	H210	X:66423003:G:A	66423003	1	A	1
rs6525167	HG00421	1	H153	X:66423003:G:A	66423003	1	A	1
rs6525167	HG00436	1	H2	X:66423003:G:A	66423003	1	A	1
rs6525167	HG00442	1	H36	X:66423003:G:A	66423003	1	A	1
rs6525167	HG00445	1	H4	X:66423003:G:A	66423003	1	A	1
rs6525167	HG00448	1	H62	X:66423003:G:A	66423003	1	A	1
rs6525167	HG00451	1	H453	X:66423003:G:A	66423003	1	A	1
rs6525167	HG00457	1	H187	X:66423003:G:A	66423003	1	A	1
rs6525167	HG00463	1	H178	X:66423003:G:A	66423003	1	A	1
rs6525167	HG00472	1	H18	X:66423003:G:A	66423003	1	A	1
rs6525167	HG00475	1	H175	X:66423003:G:A	66423003	1	A	1
rs6525167	HG00478	1	H4	X:66423003:G:A	66423003	1	A	1
rs6525167	HG00500	1	H124	X:66423003:G:A	66423003	1	A	1
rs6525167	HG00524	1	H168	X:66423003:G:A	66423003	1	A	1
rs6525167	HG00530	1	H1	X:66423003:G:A	66423003	1	A	1
rs6525167	HG00533	1	H132	X:66423003:G:A	66423003	1	A	1
rs6525167	HG00536	1	H470	X:66423003:G:A	66423003	1	A	1
rs6525167	HG00542	1	H360	X:66423003:G:A	66423003	1	A	1
rs6525167	HG00553	1	H8	X:66423003:G:A	66423003	1	A	1
rs6525167	HG00556	1	H394	X:66423003:G:A	66423003	1	A	1
rs6525167	HG00559	1	H35	X:66423003:G:A	66423003	1	A	1
rs6525167	HG00565	1	H413	X:66423003:G:A	66423003	1	A	1
rs6525167	HG00580	1	H4	X:66423003:G:A	66423003	1	A	1
rs6525167	HG00583	1	H336	X:66423003:G:A	66423003	1	A	1
rs6525167	HG00589	1	H2	X:66423003:G:A	66423003	1	A	1
rs6525167	HG00592	1	H350	X:66423003:G:A	66423003	1	A	1
rs6525167	HG00595	1	H62	X:66423003:G:A	66423003	1	A	1
rs6525167	HG00598	1	H403	X:66423003:G:A	66423003	1	A	1
rs6525167	HG00607	1	H306	X:66423003:G:A	66423003	1	A	1
rs6525167	HG00610	1	H2	X:66423003:G:A	66423003	1	A	1
rs6525167	HG00613	1	H1	X:66423003:G:A	66423003	1	A	1
rs6525167	HG00619	1	H1	X:66423003:G:A	66423003	1	A	1
rs6525167	HG00622	1	H4	X:66423003:G:A	66423003	1	A	1
rs6525167	HG00625	1	H114	X:66423003:G:A	66423003	1	A	1
rs6525167	HG00628	1	H78	X:66423003:G:A	66423003	1	A	1
rs6525167	HG00631	1	H2	X:66423003:G:A	66423003	1	A	1
rs6525167	HG00634	1	H153	X:66423003:G:A	66423003	1	A	1
rs6525167	HG00637	1	H160	X:66423003:G:A	66423003	1	A	1
rs6525167	HG00640	1	H105	X:66423003:G:A	66423003	0	G	1
rs6525167	HG00650	1	H94	X:66423003:G:A	66423003	1	A	1
rs6525167	HG00653	1	H60	X:66423003:G:A	66423003	1	A	1
rs6525167	HG00656	1	H459	X:66423003:G:A	66423003	1	A	1
rs6525167	HG00662	1	H64	X:66423003:G:A	66423003	1	A	1
rs6525167	HG00671	1	H2	X:66423003:G:A	66423003	1	A	1
rs6525167	HG00674	1	H265	X:66423003:G:A	66423003	1	A	1
rs6525167	HG00683	1	H94	X:66423003:G:A	66423003	1	A	1
rs6525167	HG00689	1	H112	X:66423003:G:A	66423003	1	A	1
rs6525167	HG00692	1	H4	X:66423003:G:A	66423003	1	A	1
rs6525167	HG00698	1	H416	X:66423003:G:A	66423003	1	A	1
rs6525167	HG00701	1	H75	X:66423003:G:A	66423003	1	A	1
rs6525167	HG00704	1	H2	X:66423003:G:A	66423003	1	A	1
rs6525167	HG00707	1	H192	X:66423003:G:A	66423003	1	A	1
rs6525167	HG00728	1	H64	X:66423003:G:A	66423003	1	A	1
rs6525167	HG00731	1	H52	X:66423003:G:A	66423003	1	A	1
rs6525167	HG00736	1	H93	X:66423003:G:A	66423003	1	A	1
rs6525167	HG00739	1	H89	X:66423003:G:A	66423003	1	A	1
rs6525167	HG00742	1	H346	X:66423003:G:A	66423003	1	A	1
rs6525167	HG00844	1	H56	X:66423003:G:A	66423003	1	A	1
rs6525167	HG00881	1	H1	X:66423003:G:A	66423003	1	A	1
rs6525167	HG00982	1	H433	X:66423003:G:A	66423003	1	A	1
rs6525167	HG01028	1	H210	X:66423003:G:A	66423003	1	A	1
rs6525167	HG01031	1	H417	X:66423003:G:A	66423003	1	A	1
rs6525167	HG01047	1	H27	X:66423003:G:A	66423003	1	A	1
rs6525167	HG01048	1	H438	X:66423003:G:A	66423003	1	A	1
rs6525167	HG01051	1	H3	X:66423003:G:A	66423003	0	G	1
rs6525167	HG01054	1	H29	X:66423003:G:A	66423003	1	A	1
rs6525167	HG01060	1	H27	X:66423003:G:A	66423003	1	A	1
rs6525167	HG01063	1	H29	X:66423003:G:A	66423003	1	A	1
rs6525167	HG01066	1	H392	X:66423003:G:A	66423003	1	A	1
rs6525167	HG01069	1	H11	X:66423003:G:A	66423003	1	A	1
rs6525167	HG01072	1	H20	X:66423003:G:A	66423003	1	A	1
rs6525167	HG01075	1	H98	X:66423003:G:A	66423003	0	G	1
rs6525167	HG01079	1	H548	X:66423003:G:A	66423003	0	G	1
rs6525167	HG01082	1	H48	X:66423003:G:A	66423003	0	G	1
rs6525167	HG01085	1	H1	X:66423003:G:A	66423003	1	A	1
rs6525167	HG01088	1	H16	X:66423003:G:A	66423003	0	G	1
rs6525167	HG01094	1	H10	X:66423003:G:A	66423003	1	A	1
rs6525167	HG01097	1	H533	X:66423003:G:A	66423003	0	G	1
rs6525167	HG01101	1	H223	X:66423003:G:A	66423003	0	G	1
rs6525167	HG01104	1	H174	X:66423003:G:A	66423003	1	A	1
rs6525167	HG01107	1	H243	X:66423003:G:A	66423003	0	G	1
rs6525167	HG01110	1	H26	X:66423003:G:A	66423003	1	A	1
rs6525167	HG01112	1	H226	X:66423003:G:A	66423003	0	G	1
rs6525167	HG01121	1	H12	X:66423003:G:A	66423003	1	A	1
rs6525167	HG01124	1	H12	X:66423003:G:A	66423003	1	A	1
rs6525167	HG01130	1	H250	X:66423003:G:A	66423003	0	G	1
rs6525167	HG01133	1	H469	X:66423003:G:A	66423003	1	A	1
rs6525167	HG01136	1	H28	X:66423003:G:A	66423003	1	A	1
rs6525167	HG01139	1	H45	X:66423003:G:A	66423003	0	G	1
rs6525167	HG01142	1	H135	X:66423003:G:A	66423003	1	A	1
rs6525167	HG01148	1	H135	X:66423003:G:A	66423003	1	A	1
rs6525167	HG01161	1	H84	X:66423003:G:A	66423003	1	A	1
rs6525167	HG01164	1	H591	X:66423003:G:A	66423003	0	G	1
rs6525167	HG01167	1	H485	X:66423003:G:A	66423003	0	G	1
rs6525167	HG01170	1	H563	X:66423003:G:A	66423003	0	G	1
rs6525167	HG01173	1	H402	X:66423003:G:A	66423003	1	A	1
rs6525167	HG01176	1	H71	X:66423003:G:A	66423003	0	G	1
rs6525167	HG01182	1	H21	X:66423003:G:A	66423003	0	G	1
rs6525167	HG01187	1	H26	X:66423003:G:A	66423003	1	A	1
rs6525167	HG01190	1	H13	X:66423003:G:A	66423003	1	A	1
rs6525167	HG01197	1	H83	X:66423003:G:A	66423003	1	A	1
rs6525167	HG01200	1	H133	X:66423003:G:A	66423003	1	A	1
rs6525167	HG01204	1	H83	X:66423003:G:A	66423003	1	A	1
rs6525167	HG01241	1	H96	X:66423003:G:A	66423003	0	G	1
rs6525167	HG01247	1	H38	X:66423003:G:A	66423003	1	A	1
rs6525167	HG01250	1	H314	X:66423003:G:A	66423003	1	A	1
rs6525167	HG01253	1	H315	X:66423003:G:A	66423003	1	A	1
rs6525167	HG01256	1	H400	X:66423003:G:A	66423003	1	A	1
rs6525167	HG01259	1	H1	X:66423003:G:A	66423003	1	A	1
rs6525167	HG01271	1	H534	X:66423003:G:A	66423003	0	G	1
rs6525167	HG01277	1	H5	X:66423003:G:A	66423003	1	A	1
rs6525167	HG01280	1	H348	X:66423003:G:A	66423003	1	A	1
rs6525167	HG01286	1	H83	X:66423003:G:A	66423003	1	A	1
rs6525167	HG01302	1	H3	X:66423003:G:A	66423003	0	G	1
rs6525167	HG01305	1	H223	X:66423003:G:A	66423003	0	G	1
rs6525167	HG01308	1	H37	X:66423003:G:A	66423003	1	A	1
rs6525167	HG01311	1	H9	X:66423003:G:A	66423003	1	A	1
rs6525167	HG01325	1	H141	X:66423003:G:A	66423003	1	A	1
rs6525167	HG01334	1	H30	X:66423003:G:A	66423003	0	G	1
rs6525167	HG01341	1	H11	X:66423003:G:A	66423003	1	A	1
rs6525167	HG01344	1	H10	X:66423003:G:A	66423003	1	A	1
rs6525167	HG01350	1	H19	X:66423003:G:A	66423003	1	A	1
rs6525167	HG01353	1	H5	X:66423003:G:A	66423003	1	A	1
rs6525167	HG01356	1	H11	X:66423003:G:A	66423003	1	A	1
rs6525167	HG01359	1	H59	X:66423003:G:A	66423003	1	A	1
rs6525167	HG01362	1	H85	X:66423003:G:A	66423003	1	A	1
rs6525167	HG01365	1	H368	X:66423003:G:A	66423003	1	A	1
rs6525167	HG01374	1	H139	X:66423003:G:A	66423003	1	A	1
rs6525167	HG01377	1	H37	X:66423003:G:A	66423003	1	A	1
rs6525167	HG01383	1	H139	X:66423003:G:A	66423003	1	A	1
rs6525167	HG01389	1	H57	X:66423003:G:A	66423003	1	A	1
rs6525167	HG01392	1	H105	X:66423003:G:A	66423003	0	G	1
rs6525167	HG01395	1	H12	X:66423003:G:A	66423003	1	A	1
rs6525167	HG01398	1	H1	X:66423003:G:A	66423003	1	A	1
rs6525167	HG01402	1	H461	X:66423003:G:A	66423003	1	A	1
rs6525167	HG01405	1	H121	X:66423003:G:A	66423003	1	A	1
rs6525167	HG01412	1	H141	X:66423003:G:A	66423003	1	A	1
rs6525167	HG01413	1	H267	X:66423003:G:A	66423003	1	A	1
rs6525167	HG01431	1	H3	X:66423003:G:A	66423003	0	G	1
rs6525167	HG01437	1	H226	X:66423003:G:A	66423003	0	G	1
rs6525167	HG01440	1	H1	X:66423003:G:A	66423003	1	A	1
rs6525167	HG01443	1	H57	X:66423003:G:A	66423003	1	A	1
rs6525167	HG01455	1	H10	X:66423003:G:A	66423003	1	A	1
rs6525167	HG01461	1	H12	X:66423003:G:A	66423003	1	A	1
rs6525167	HG01464	1	H10	X:66423003:G:A	66423003	1	A	1
rs6525167	HG01479	1	H5	X:66423003:G:A	66423003	1	A	1
rs6525167	HG01485	1	H162	X:66423003:G:A	66423003	1	A	1
rs6525167	HG01488	1	H59	X:66423003:G:A	66423003	1	A	1
rs6525167	HG01491	1	H113	X:66423003:G:A	66423003	0	G	1
rs6525167	HG01494	1	H5	X:66423003:G:A	66423003	1	A	1
rs6525167	HG01497	1	H104	X:66423003:G:A	66423003	0	G	1
rs6525167	HG01500	1	H27	X:66423003:G:A	66423003	1	A	1
rs6525167	HG01503	1	H9	X:66423003:G:A	66423003	1	A	1
rs6525167	HG01506	1	H270	X:66423003:G:A	66423003	1	A	1
rs6525167	HG01509	1	H494	X:66423003:G:A	66423003	0	G	1
rs6525167	HG01512	1	H2	X:66423003:G:A	66423003	1	A	1
rs6525167	HG01515	1	H89	X:66423003:G:A	66423003	1	A	1
rs6525167	HG01518	1	H156	X:66423003:G:A	66423003	1	A	1
rs6525167	HG01521	1	H19	X:66423003:G:A	66423003	1	A	1
rs6525167	HG01524	1	H70	X:66423003:G:A	66423003	0	G	1
rs6525167	HG01527	1	H1	X:66423003:G:A	66423003	1	A	1
rs6525167	HG01530	1	H385	X:66423003:G:A	66423003	1	A	1
rs6525167	HG01536	1	H313	X:66423003:G:A	66423003	1	A	1
rs6525167	HG01550	1	H359	X:66423003:G:A	66423003	1	A	1
rs6525167	HG01556	1	H3	X:66423003:G:A	66423003	0	G	1
rs6525167	HG01565	1	H399	X:66423003:G:A	66423003	1	A	1
rs6525167	HG01571	1	H207	X:66423003:G:A	66423003	1	A	1
rs6525167	HG01577	1	H401	X:66423003:G:A	66423003	1	A	1
rs6525167	HG01583	1	H144	X:66423003:G:A	66423003	1	A	1
rs6525167	HG01586	1	H283	X:66423003:G:A	66423003	1	A	1
rs6525167	HG01589	1	H166	X:66423003:G:A	66423003	1	A	1
rs6525167	HG01596	1	H148	X:66423003:G:A	66423003	1	A	1
rs6525167	HG01603	1	H260	X:66423003:G:A	66423003	1	A	1
rs6525167	HG01606	1	H268	X:66423003:G:A	66423003	1	A	1
rs6525167	HG01608	1	H13	X:66423003:G:A	66423003	1	A	1
rs6525167	HG01610	1	H59	X:66423003:G:A	66423003	1	A	1
rs6525167	HG01615	1	H120	X:66423003:G:A	66423003	1	A	1
rs6525167	HG01617	1	H32	X:66423003:G:A	66423003	0	G	1
rs6525167	HG01619	1	H19	X:66423003:G:A	66423003	1	A	1
rs6525167	HG01624	1	H423	X:66423003:G:A	66423003	1	A	1
rs6525167	HG01625	1	H196	X:66423003:G:A	66423003	1	A	1
rs6525167	HG01630	1	H200	X:66423003:G:A	66423003	1	A	1
rs6525167	HG01631	1	H179	X:66423003:G:A	66423003	1	A	1
rs6525167	HG01669	1	H382	X:66423003:G:A	66423003	1	A	1
rs6525167	HG01672	1	H196	X:66423003:G:A	66423003	1	A	1
rs6525167	HG01675	1	H113	X:66423003:G:A	66423003	0	G	1
rs6525167	HG01678	1	H356	X:66423003:G:A	66423003	1	A	1
rs6525167	HG01680	1	H369	X:66423003:G:A	66423003	1	A	1
rs6525167	HG01682	1	H24	X:66423003:G:A	66423003	1	A	1
rs6525167	HG01686	1	H273	X:66423003:G:A	66423003	1	A	1
rs6525167	HG01694	1	H133	X:66423003:G:A	66423003	1	A	1
rs6525167	HG01699	1	H34	X:66423003:G:A	66423003	0	G	1
rs6525167	HG01700	1	H340	X:66423003:G:A	66423003	1	A	1
rs6525167	HG01705	1	H147	X:66423003:G:A	66423003	1	A	1
rs6525167	HG01708	1	H161	X:66423003:G:A	66423003	1	A	1
rs6525167	HG01709	1	H271	X:66423003:G:A	66423003	1	A	1
rs6525167	HG01747	1	H536	X:66423003:G:A	66423003	0	G	1
rs6525167	HG01756	1	H26	X:66423003:G:A	66423003	1	A	1
rs6525167	HG01761	1	H17	X:66423003:G:A	66423003	1	A	1
rs6525167	HG01765	1	H32	X:66423003:G:A	66423003	0	G	1
rs6525167	HG01767	1	H502	X:66423003:G:A	66423003	0	G	1
rs6525167	HG01771	1	H411	X:66423003:G:A	66423003	1	A	1
rs6525167	HG01775	1	H577	X:66423003:G:A	66423003	0	G	1
rs6525167	HG01777	1	H426	X:66423003:G:A	66423003	1	A	1
rs6525167	HG01781	1	H82	X:66423003:G:A	66423003	1	A	1
rs6525167	HG01783	1	H277	X:66423003:G:A	66423003	1	A	1
rs6525167	HG01785	1	H12	X:66423003:G:A	66423003	1	A	1
rs6525167	HG01789	1	H201	X:66423003:G:A	66423003	1	A	1
rs6525167	HG01791	1	H9	X:66423003:G:A	66423003	1	A	1
rs6525167	HG01810	1	H472	X:66423003:G:A	66423003	1	A	1
rs6525167	HG01811	1	H4	X:66423003:G:A	66423003	1	A	1
rs6525167	HG01816	1	H148	X:66423003:G:A	66423003	1	A	1
rs6525167	HG01840	1	H434	X:66423003:G:A	66423003	1	A	1
rs6525167	HG01842	1	H61	X:66423003:G:A	66423003	1	A	1
rs6525167	HG01844	1	H118	X:66423003:G:A	66423003	1	A	1
rs6525167	HG01846	1	H334	X:66423003:G:A	66423003	1	A	1
rs6525167	HG01849	1	H112	X:66423003:G:A	66423003	1	A	1
rs6525167	HG01852	1	H328	X:66423003:G:A	66423003	1	A	1
rs6525167	HG01860	1	H1	X:66423003:G:A	66423003	1	A	1
rs6525167	HG01861	1	H301	X:66423003:G:A	66423003	1	A	1
rs6525167	HG01864	1	H36	X:66423003:G:A	66423003	1	A	1
rs6525167	HG01865	1	H124	X:66423003:G:A	66423003	1	A	1
rs6525167	HG01866	1	H18	X:66423003:G:A	66423003	1	A	1
rs6525167	HG01867	1	H75	X:66423003:G:A	66423003	1	A	1
rs6525167	HG01872	1	H14	X:66423003:G:A	66423003	1	A	1
rs6525167	HG01873	1	H36	X:66423003:G:A	66423003	1	A	1
rs6525167	HG01879	1	H23	X:66423003:G:A	66423003	0	G	1
rs6525167	HG01882	1	H16	X:66423003:G:A	66423003	0	G	1
rs6525167	HG01885	1	H255	X:66423003:G:A	66423003	0	G	1
rs6525167	HG01890	1	H108	X:66423003:G:A	66423003	0	G	1
rs6525167	HG01892	1	H8	X:66423003:G:A	66423003	1	A	1
rs6525167	HG01912	1	H583	X:66423003:G:A	66423003	0	G	1
rs6525167	HG01914	1	H72	X:66423003:G:A	66423003	0	G	1
rs6525167	HG01917	1	H11	X:66423003:G:A	66423003	1	A	1
rs6525167	HG01920	1	H152	X:66423003:G:A	66423003	1	A	1
rs6525167	HG01923	1	H5	X:66423003:G:A	66423003	1	A	1
rs6525167	HG01926	1	H28	X:66423003:G:A	66423003	1	A	1
rs6525167	HG01932	1	H5	X:66423003:G:A	66423003	1	A	1
rs6525167	HG01935	1	H11	X:66423003:G:A	66423003	1	A	1
rs6525167	HG01938	1	H151	X:66423003:G:A	66423003	1	A	1
rs6525167	HG01941	1	H5	X:66423003:G:A	66423003	1	A	1
rs6525167	HG01944	1	H28	X:66423003:G:A	66423003	1	A	1
rs6525167	HG01947	1	H8	X:66423003:G:A	66423003	1	A	1
rs6525167	HG01950	1	H12	X:66423003:G:A	66423003	1	A	1
rs6525167	HG01953	1	H28	X:66423003:G:A	66423003	1	A	1
rs6525167	HG01961	1	H28	X:66423003:G:A	66423003	1	A	1
rs6525167	HG01967	1	H140	X:66423003:G:A	66423003	1	A	1
rs6525167	HG01970	1	H151	X:66423003:G:A	66423003	1	A	1
rs6525167	HG01974	1	H84	X:66423003:G:A	66423003	1	A	1
rs6525167	HG01977	1	H8	X:66423003:G:A	66423003	1	A	1
rs6525167	HG01979	1	H134	X:66423003:G:A	66423003	1	A	1
rs6525167	HG01982	1	H152	X:66423003:G:A	66423003	1	A	1
rs6525167	HG01986	1	H99	X:66423003:G:A	66423003	0	G	1
rs6525167	HG01988	1	H559	X:66423003:G:A	66423003	0	G	1
rs6525167	HG01990	1	H480	X:66423003:G:A	66423003	0	G	1
rs6525167	HG01991	1	H8	X:66423003:G:A	66423003	1	A	1
rs6525167	HG02002	1	H308	X:66423003:G:A	66423003	1	A	1
rs6525167	HG02008	1	H29	X:66423003:G:A	66423003	1	A	1
rs6525167	HG02009	1	H69	X:66423003:G:A	66423003	0	G	1
rs6525167	HG02013	1	H44	X:66423003:G:A	66423003	0	G	1
rs6525167	HG02014	1	H66	X:66423003:G:A	66423003	0	G	1
rs6525167	HG02017	1	H78	X:66423003:G:A	66423003	1	A	1
rs6525167	HG02020	1	H302	X:66423003:G:A	66423003	1	A	1
rs6525167	HG02023	1	H149	X:66423003:G:A	66423003	1	A	1
rs6525167	HG02026	1	H192	X:66423003:G:A	66423003	1	A	1
rs6525167	HG02029	1	H55	X:66423003:G:A	66423003	1	A	1
rs6525167	HG02032	1	H35	X:66423003:G:A	66423003	1	A	1
rs6525167	HG02035	1	H389	X:66423003:G:A	66423003	1	A	1
rs6525167	HG02040	1	H114	X:66423003:G:A	66423003	1	A	1
rs6525167	HG02047	1	H471	X:66423003:G:A	66423003	1	A	1
rs6525167	HG02050	1	H331	X:66423003:G:A	66423003	1	A	1
rs6525167	HG02051	1	H516	X:66423003:G:A	66423003	0	G	1
rs6525167	HG02053	1	H15	X:66423003:G:A	66423003	0	G	1
rs6525167	HG02058	1	H1	X:66423003:G:A	66423003	1	A	1
rs6525167	HG02061	1	H217	X:66423003:G:A	66423003	1	A	1
rs6525167	HG02064	1	H119	X:66423003:G:A	66423003	1	A	1
rs6525167	HG02067	1	H390	X:66423003:G:A	66423003	1	A	1
rs6525167	HG02070	1	H197	X:66423003:G:A	66423003	1	A	1
rs6525167	HG02073	1	H61	X:66423003:G:A	66423003	1	A	1
rs6525167	HG02076	1	H393	X:66423003:G:A	66423003	1	A	1
rs6525167	HG02079	1	H7	X:66423003:G:A	66423003	1	A	1
rs6525167	HG02082	1	H7	X:66423003:G:A	66423003	1	A	1
rs6525167	HG02085	1	H117	X:66423003:G:A	66423003	1	A	1
rs6525167	HG02088	1	H36	X:66423003:G:A	66423003	1	A	1
rs6525167	HG02090	1	H29	X:66423003:G:A	66423003	1	A	1
rs6525167	HG02104	1	H5	X:66423003:G:A	66423003	1	A	1
rs6525167	HG02107	1	H488	X:66423003:G:A	66423003	0	G	1
rs6525167	HG02116	1	H165	X:66423003:G:A	66423003	1	A	1
rs6525167	HG02122	1	H4	X:66423003:G:A	66423003	1	A	1
rs6525167	HG02128	1	H7	X:66423003:G:A	66423003	1	A	1
rs6525167	HG02131	1	H354	X:66423003:G:A	66423003	1	A	1
rs6525167	HG02134	1	H55	X:66423003:G:A	66423003	1	A	1
rs6525167	HG02137	1	H7	X:66423003:G:A	66423003	1	A	1
rs6525167	HG02138	1	H60	X:66423003:G:A	66423003	1	A	1
rs6525167	HG02141	1	H64	X:66423003:G:A	66423003	1	A	1
rs6525167	HG02143	1	H532	X:66423003:G:A	66423003	0	G	1
rs6525167	HG02146	1	H5	X:66423003:G:A	66423003	1	A	1
rs6525167	HG02150	1	H5	X:66423003:G:A	66423003	1	A	1
rs6525167	HG02219	1	H344	X:66423003:G:A	66423003	1	A	1
rs6525167	HG02221	1	H200	X:66423003:G:A	66423003	1	A	1
rs6525167	HG02224	1	H30	X:66423003:G:A	66423003	0	G	1
rs6525167	HG02231	1	H30	X:66423003:G:A	66423003	0	G	1
rs6525167	HG02233	1	H25	X:66423003:G:A	66423003	1	A	1
rs6525167	HG02236	1	H25	X:66423003:G:A	66423003	1	A	1
rs6525167	HG02238	1	H173	X:66423003:G:A	66423003	1	A	1
rs6525167	HG02250	1	H473	X:66423003:G:A	66423003	1	A	1
rs6525167	HG02253	1	H378	X:66423003:G:A	66423003	1	A	1
rs6525167	HG02255	1	H587	X:66423003:G:A	66423003	0	G	1
rs6525167	HG02259	1	H11	X:66423003:G:A	66423003	1	A	1
rs6525167	HG02262	1	H462	X:66423003:G:A	66423003	1	A	1
rs6525167	HG02265	1	H219	X:66423003:G:A	66423003	1	A	1
rs6525167	HG02271	1	H309	X:66423003:G:A	66423003	1	A	1
rs6525167	HG02274	1	H15	X:66423003:G:A	66423003	0	G	1
rs6525167	HG02277	1	H391	X:66423003:G:A	66423003	1	A	1
rs6525167	HG02281	1	H592	X:66423003:G:A	66423003	0	G	1
rs6525167	HG02283	1	H14	X:66423003:G:A	66423003	1	A	1
rs6525167	HG02284	1	H73	X:66423003:G:A	66423003	0	G	1
rs6525167	HG02285	1	H84	X:66423003:G:A	66423003	1	A	1
rs6525167	HG02291	1	H8	X:66423003:G:A	66423003	1	A	1
rs6525167	HG02299	1	H8	X:66423003:G:A	66423003	1	A	1
rs6525167	HG02304	1	H29	X:66423003:G:A	66423003	1	A	1
rs6525167	HG02307	1	H235	X:66423003:G:A	66423003	0	G	1
rs6525167	HG02314	1	H71	X:66423003:G:A	66423003	0	G	1
rs6525167	HG02317	1	H107	X:66423003:G:A	66423003	0	G	1
rs6525167	HG02323	1	H239	X:66423003:G:A	66423003	0	G	1
rs6525167	HG02330	1	H572	X:66423003:G:A	66423003	1	A	1
rs6525167	HG02332	1	H238	X:66423003:G:A	66423003	0	G	1
rs6525167	HG02334	1	H33	X:66423003:G:A	66423003	0	G	1
rs6525167	HG02343	1	H3	X:66423003:G:A	66423003	0	G	1
rs6525167	HG02351	1	H409	X:66423003:G:A	66423003	1	A	1
rs6525167	HG02353	1	H293	X:66423003:G:A	66423003	1	A	1
rs6525167	HG02355	1	H194	X:66423003:G:A	66423003	1	A	1
rs6525167	HG02356	1	H132	X:66423003:G:A	66423003	1	A	1
rs6525167	HG02360	1	H1	X:66423003:G:A	66423003	1	A	1
rs6525167	HG02364	1	H388	X:66423003:G:A	66423003	1	A	1
rs6525167	HG02367	1	H4	X:66423003:G:A	66423003	1	A	1
rs6525167	HG02371	1	H212	X:66423003:G:A	66423003	1	A	1
rs6525167	HG02373	1	H294	X:66423003:G:A	66423003	1	A	1
rs6525167	HG02374	1	H175	X:66423003:G:A	66423003	1	A	1
rs6525167	HG02375	1	H335	X:66423003:G:A	66423003	1	A	1
rs6525167	HG02379	1	H18	X:66423003:G:A	66423003	1	A	1
rs6525167	HG02380	1	H218	X:66423003:G:A	66423003	1	A	1
rs6525167	HG02382	1	H2	X:66423003:G:A	66423003	1	A	1
rs6525167	HG02383	1	H61	X:66423003:G:A	66423003	1	A	1
rs6525167	HG02384	1	H191	X:66423003:G:A	66423003	1	A	1
rs6525167	HG02385	1	H428	X:66423003:G:A	66423003	1	A	1
rs6525167	HG02386	1	H34	X:66423003:G:A	66423003	0	G	1
rs6525167	HG02389	1	H56	X:66423003:G:A	66423003	1	A	1
rs6525167	HG02390	1	H165	X:66423003:G:A	66423003	1	A	1
rs6525167	HG02391	1	H307	X:66423003:G:A	66423003	1	A	1
rs6525167	HG02392	1	H190	X:66423003:G:A	66423003	1	A	1
rs6525167	HG02394	1	H2	X:66423003:G:A	66423003	1	A	1
rs6525167	HG02395	1	H50	X:66423003:G:A	66423003	1	A	1
rs6525167	HG02396	1	H55	X:66423003:G:A	66423003	1	A	1
rs6525167	HG02397	1	H56	X:66423003:G:A	66423003	1	A	1
rs6525167	HG02398	1	H35	X:66423003:G:A	66423003	1	A	1
rs6525167	HG02399	1	H168	X:66423003:G:A	66423003	1	A	1
rs6525167	HG02401	1	H415	X:66423003:G:A	66423003	1	A	1
rs6525167	HG02402	1	H194	X:66423003:G:A	66423003	1	A	1
rs6525167	HG02406	1	H75	X:66423003:G:A	66423003	1	A	1
rs6525167	HG02407	1	H410	X:66423003:G:A	66423003	1	A	1
rs6525167	HG02408	1	H118	X:66423003:G:A	66423003	1	A	1
rs6525167	HG02409	1	H1	X:66423003:G:A	66423003	1	A	1
rs6525167	HG02410	1	H329	X:66423003:G:A	66423003	1	A	1
rs6525167	HG02420	1	H107	X:66423003:G:A	66423003	0	G	1
rs6525167	HG02429	1	H159	X:66423003:G:A	66423003	1	A	1
rs6525167	HG02433	1	H13	X:66423003:G:A	66423003	1	A	1
rs6525167	HG02439	1	H224	X:66423003:G:A	66423003	0	G	1
rs6525167	HG02442	1	H23	X:66423003:G:A	66423003	0	G	1
rs6525167	HG02445	1	H72	X:66423003:G:A	66423003	0	G	1
rs6525167	HG02449	1	H65	X:66423003:G:A	66423003	0	G	1
rs6525167	HG02455	1	H580	X:66423003:G:A	66423003	0	G	1
rs6525167	HG02461	1	H21	X:66423003:G:A	66423003	0	G	1
rs6525167	HG02464	1	H233	X:66423003:G:A	66423003	0	G	1
rs6525167	HG02470	1	H96	X:66423003:G:A	66423003	0	G	1
rs6525167	HG02481	1	H47	X:66423003:G:A	66423003	0	G	1
rs6525167	HG02484	1	H240	X:66423003:G:A	66423003	0	G	1
rs6525167	HG02489	1	H574	X:66423003:G:A	66423003	0	G	1
rs6525167	HG02490	1	H445	X:66423003:G:A	66423003	1	A	1
rs6525167	HG02493	1	H20	X:66423003:G:A	66423003	1	A	1
rs6525167	HG02496	1	H3	X:66423003:G:A	66423003	0	G	1
rs6525167	HG02501	1	H34	X:66423003:G:A	66423003	0	G	1
rs6525167	HG02512	1	H149	X:66423003:G:A	66423003	1	A	1
rs6525167	HG02521	1	H50	X:66423003:G:A	66423003	1	A	1
rs6525167	HG02536	1	H483	X:66423003:G:A	66423003	0	G	1
rs6525167	HG02541	1	H257	X:66423003:G:A	66423003	0	G	1
rs6525167	HG02545	1	H522	X:66423003:G:A	66423003	0	G	1
rs6525167	HG02554	1	H15	X:66423003:G:A	66423003	0	G	1
rs6525167	HG02557	1	H569	X:66423003:G:A	66423003	0	G	1
rs6525167	HG02561	1	H33	X:66423003:G:A	66423003	0	G	1
rs6525167	HG02570	1	H31	X:66423003:G:A	66423003	0	G	1
rs6525167	HG02573	1	H3	X:66423003:G:A	66423003	0	G	1
rs6525167	HG02582	1	H248	X:66423003:G:A	66423003	0	G	1
rs6525167	HG02585	1	H489	X:66423003:G:A	66423003	0	G	1
rs6525167	HG02588	1	H246	X:66423003:G:A	66423003	0	G	1
rs6525167	HG02594	1	H103	X:66423003:G:A	66423003	0	G	1
rs6525167	HG02597	1	H436	X:66423003:G:A	66423003	1	A	1
rs6525167	HG02600	1	H58	X:66423003:G:A	66423003	1	A	1
rs6525167	HG02603	1	H2	X:66423003:G:A	66423003	1	A	1
rs6525167	HG02610	1	H103	X:66423003:G:A	66423003	0	G	1
rs6525167	HG02613	1	H23	X:66423003:G:A	66423003	0	G	1
rs6525167	HG02620	1	H547	X:66423003:G:A	66423003	0	G	1
rs6525167	HG02623	1	H106	X:66423003:G:A	66423003	0	G	1
rs6525167	HG02628	1	H573	X:66423003:G:A	66423003	0	G	1
rs6525167	HG02634	1	H23	X:66423003:G:A	66423003	0	G	1
rs6525167	HG02642	1	H103	X:66423003:G:A	66423003	0	G	1
rs6525167	HG02645	1	H67	X:66423003:G:A	66423003	0	G	1
rs6525167	HG02648	1	H446	X:66423003:G:A	66423003	1	A	1
rs6525167	HG02651	1	H76	X:66423003:G:A	66423003	1	A	1
rs6525167	HG02654	1	H1	X:66423003:G:A	66423003	1	A	1
rs6525167	HG02657	1	H264	X:66423003:G:A	66423003	1	A	1
rs6525167	HG02660	1	H144	X:66423003:G:A	66423003	1	A	1
rs6525167	HG02666	1	H233	X:66423003:G:A	66423003	0	G	1
rs6525167	HG02675	1	H225	X:66423003:G:A	66423003	0	G	1
rs6525167	HG02678	1	H101	X:66423003:G:A	66423003	0	G	1
rs6525167	HG02681	1	H447	X:66423003:G:A	66423003	1	A	1
rs6525167	HG02684	1	H252	X:66423003:G:A	66423003	0	G	1
rs6525167	HG02687	1	H299	X:66423003:G:A	66423003	1	A	1
rs6525167	HG02690	1	H195	X:66423003:G:A	66423003	1	A	1
rs6525167	HG02696	1	H278	X:66423003:G:A	66423003	1	A	1
rs6525167	HG02699	1	H41	X:66423003:G:A	66423003	1	A	1
rs6525167	HG02702	1	H255	X:66423003:G:A	66423003	0	G	1
rs6525167	HG02715	1	H240	X:66423003:G:A	66423003	0	G	1
rs6525167	HG02721	1	H47	X:66423003:G:A	66423003	0	G	1
rs6525167	HG02724	1	H357	X:66423003:G:A	66423003	1	A	1
rs6525167	HG02727	1	H305	X:66423003:G:A	66423003	1	A	1
rs6525167	HG02733	1	H183	X:66423003:G:A	66423003	1	A	1
rs6525167	HG02736	1	H91	X:66423003:G:A	66423003	1	A	1
rs6525167	HG02756	1	H530	X:66423003:G:A	66423003	0	G	1
rs6525167	HG02759	1	H229	X:66423003:G:A	66423003	0	G	1
rs6525167	HG02768	1	H3	X:66423003:G:A	66423003	0	G	1
rs6525167	HG02771	1	H102	X:66423003:G:A	66423003	0	G	1
rs6525167	HG02774	1	H24	X:66423003:G:A	66423003	1	A	1
rs6525167	HG02780	1	H39	X:66423003:G:A	66423003	1	A	1
rs6525167	HG02783	1	H182	X:66423003:G:A	66423003	1	A	1
rs6525167	HG02786	1	H79	X:66423003:G:A	66423003	1	A	1
rs6525167	HG02789	1	H448	X:66423003:G:A	66423003	1	A	1
rs6525167	HG02792	1	H184	X:66423003:G:A	66423003	1	A	1
rs6525167	HG02798	1	H101	X:66423003:G:A	66423003	0	G	1
rs6525167	HG02804	1	H65	X:66423003:G:A	66423003	0	G	1
rs6525167	HG02807	1	H486	X:66423003:G:A	66423003	0	G	1
rs6525167	HG02810	1	H21	X:66423003:G:A	66423003	0	G	1
rs6525167	HG02813	1	H104	X:66423003:G:A	66423003	0	G	1
rs6525167	HG02816	1	H110	X:66423003:G:A	66423003	0	G	1
rs6525167	HG02819	1	H31	X:66423003:G:A	66423003	0	G	1
rs6525167	HG02836	1	H33	X:66423003:G:A	66423003	0	G	1
rs6525167	HG02839	1	H16	X:66423003:G:A	66423003	0	G	1
rs6525167	HG02851	1	H6	X:66423003:G:A	66423003	0	G	1
rs6525167	HG02854	1	H110	X:66423003:G:A	66423003	0	G	1
rs6525167	HG02860	1	H543	X:66423003:G:A	66423003	0	G	1
rs6525167	HG02878	1	H65	X:66423003:G:A	66423003	0	G	1
rs6525167	HG02881	1	H588	X:66423003:G:A	66423003	0	G	1
rs6525167	HG02884	1	H549	X:66423003:G:A	66423003	0	G	1
rs6525167	HG02887	1	H71	X:66423003:G:A	66423003	0	G	1
rs6525167	HG02890	1	H550	X:66423003:G:A	66423003	0	G	1
rs6525167	HG02895	1	H527	X:66423003:G:A	66423003	0	G	1
rs6525167	HG02923	1	H3	X:66423003:G:A	66423003	0	G	1
rs6525167	HG02938	1	H497	X:66423003:G:A	66423003	0	G	1
rs6525167	HG02941	1	H22	X:66423003:G:A	66423003	0	G	1
rs6525167	HG02944	1	H230	X:66423003:G:A	66423003	0	G	1
rs6525167	HG02947	1	H46	X:66423003:G:A	66423003	0	G	1
rs6525167	HG02953	1	H15	X:66423003:G:A	66423003	0	G	1
rs6525167	HG02968	1	H73	X:66423003:G:A	66423003	0	G	1
rs6525167	HG02971	1	H581	X:66423003:G:A	66423003	0	G	1
rs6525167	HG02973	1	H3	X:66423003:G:A	66423003	0	G	1
rs6525167	HG02977	1	H31	X:66423003:G:A	66423003	0	G	1
rs6525167	HG02981	1	H108	X:66423003:G:A	66423003	0	G	1
rs6525167	HG02982	1	H246	X:66423003:G:A	66423003	0	G	1
rs6525167	HG03006	1	H39	X:66423003:G:A	66423003	1	A	1
rs6525167	HG03009	1	H53	X:66423003:G:A	66423003	1	A	1
rs6525167	HG03012	1	H181	X:66423003:G:A	66423003	1	A	1
rs6525167	HG03015	1	H318	X:66423003:G:A	66423003	1	A	1
rs6525167	HG03018	1	H431	X:66423003:G:A	66423003	1	A	1
rs6525167	HG03021	1	H184	X:66423003:G:A	66423003	1	A	1
rs6525167	HG03024	1	H46	X:66423003:G:A	66423003	0	G	1
rs6525167	HG03027	1	H110	X:66423003:G:A	66423003	0	G	1
rs6525167	HG03039	1	H23	X:66423003:G:A	66423003	0	G	1
rs6525167	HG03045	1	H102	X:66423003:G:A	66423003	0	G	1
rs6525167	HG03048	1	H557	X:66423003:G:A	66423003	0	G	1
rs6525167	HG03054	1	H69	X:66423003:G:A	66423003	0	G	1
rs6525167	HG03057	1	H66	X:66423003:G:A	66423003	0	G	1
rs6525167	HG03060	1	H47	X:66423003:G:A	66423003	0	G	1
rs6525167	HG03063	1	H235	X:66423003:G:A	66423003	0	G	1
rs6525167	HG03066	1	H544	X:66423003:G:A	66423003	0	G	1
rs6525167	HG03069	1	H525	X:66423003:G:A	66423003	0	G	1
rs6525167	HG03072	1	H48	X:66423003:G:A	66423003	0	G	1
rs6525167	HG03074	1	H47	X:66423003:G:A	66423003	0	G	1
rs6525167	HG03077	1	H475	X:66423003:G:A	66423003	1	A	1
rs6525167	HG03078	1	H22	X:66423003:G:A	66423003	0	G	1
rs6525167	HG03081	1	H47	X:66423003:G:A	66423003	0	G	1
rs6525167	HG03084	1	H524	X:66423003:G:A	66423003	0	G	1
rs6525167	HG03096	1	H97	X:66423003:G:A	66423003	0	G	1
rs6525167	HG03100	1	H3	X:66423003:G:A	66423003	0	G	1
rs6525167	HG03103	1	H100	X:66423003:G:A	66423003	0	G	1
rs6525167	HG03109	1	H256	X:66423003:G:A	66423003	0	G	1
rs6525167	HG03112	1	H254	X:66423003:G:A	66423003	0	G	1
rs6525167	HG03115	1	H15	X:66423003:G:A	66423003	0	G	1
rs6525167	HG03118	1	H67	X:66423003:G:A	66423003	0	G	1
rs6525167	HG03120	1	H48	X:66423003:G:A	66423003	0	G	1
rs6525167	HG03124	1	H3	X:66423003:G:A	66423003	0	G	1
rs6525167	HG03127	1	H108	X:66423003:G:A	66423003	0	G	1
rs6525167	HG03130	1	H518	X:66423003:G:A	66423003	0	G	1
rs6525167	HG03133	1	H45	X:66423003:G:A	66423003	0	G	1
rs6525167	HG03136	1	H44	X:66423003:G:A	66423003	0	G	1
rs6525167	HG03139	1	H68	X:66423003:G:A	66423003	0	G	1
rs6525167	HG03157	1	H15	X:66423003:G:A	66423003	0	G	1
rs6525167	HG03160	1	H72	X:66423003:G:A	66423003	0	G	1
rs6525167	HG03163	1	H106	X:66423003:G:A	66423003	0	G	1
rs6525167	HG03166	1	H6	X:66423003:G:A	66423003	0	G	1
rs6525167	HG03169	1	H506	X:66423003:G:A	66423003	0	G	1
rs6525167	HG03172	1	H245	X:66423003:G:A	66423003	0	G	1
rs6525167	HG03175	1	H3	X:66423003:G:A	66423003	0	G	1
rs6525167	HG03190	1	H496	X:66423003:G:A	66423003	0	G	1
rs6525167	HG03193	1	H493	X:66423003:G:A	66423003	0	G	1
rs6525167	HG03196	1	H22	X:66423003:G:A	66423003	0	G	1
rs6525167	HG03199	1	H23	X:66423003:G:A	66423003	0	G	1
rs6525167	HG03202	1	H69	X:66423003:G:A	66423003	0	G	1
rs6525167	HG03209	1	H16	X:66423003:G:A	66423003	0	G	1
rs6525167	HG03224	1	H245	X:66423003:G:A	66423003	0	G	1
rs6525167	HG03225	1	H523	X:66423003:G:A	66423003	0	G	1
rs6525167	HG03228	1	H1	X:66423003:G:A	66423003	1	A	1
rs6525167	HG03234	1	H115	X:66423003:G:A	66423003	1	A	1
rs6525167	HG03237	1	H92	X:66423003:G:A	66423003	1	A	1
rs6525167	HG03240	1	H101	X:66423003:G:A	66423003	0	G	1
rs6525167	HG03246	1	H248	X:66423003:G:A	66423003	0	G	1
rs6525167	HG03258	1	H111	X:66423003:G:A	66423003	0	G	1
rs6525167	HG03265	1	H567	X:66423003:G:A	66423003	0	G	1
rs6525167	HG03268	1	H33	X:66423003:G:A	66423003	0	G	1
rs6525167	HG03271	1	H484	X:66423003:G:A	66423003	0	G	1
rs6525167	HG03280	1	H487	X:66423003:G:A	66423003	0	G	1
rs6525167	HG03295	1	H65	X:66423003:G:A	66423003	0	G	1
rs6525167	HG03298	1	H21	X:66423003:G:A	66423003	0	G	1
rs6525167	HG03301	1	H69	X:66423003:G:A	66423003	0	G	1
rs6525167	HG03304	1	H22	X:66423003:G:A	66423003	0	G	1
rs6525167	HG03311	1	H479	X:66423003:G:A	66423003	1	A	1
rs6525167	HG03313	1	H508	X:66423003:G:A	66423003	0	G	1
rs6525167	HG03343	1	H33	X:66423003:G:A	66423003	0	G	1
rs6525167	HG03352	1	H579	X:66423003:G:A	66423003	0	G	1
rs6525167	HG03367	1	H247	X:66423003:G:A	66423003	0	G	1
rs6525167	HG03370	1	H247	X:66423003:G:A	66423003	0	G	1
rs6525167	HG03376	1	H99	X:66423003:G:A	66423003	0	G	1
rs6525167	HG03382	1	H6	X:66423003:G:A	66423003	0	G	1
rs6525167	HG03385	1	H545	X:66423003:G:A	66423003	0	G	1
rs6525167	HG03388	1	H528	X:66423003:G:A	66423003	0	G	1
rs6525167	HG03391	1	H3	X:66423003:G:A	66423003	0	G	1
rs6525167	HG03394	1	H15	X:66423003:G:A	66423003	0	G	1
rs6525167	HG03397	1	H33	X:66423003:G:A	66423003	0	G	1
rs6525167	HG03432	1	H590	X:66423003:G:A	66423003	0	G	1
rs6525167	HG03433	1	H6	X:66423003:G:A	66423003	0	G	1
rs6525167	HG03436	1	H239	X:66423003:G:A	66423003	0	G	1
rs6525167	HG03439	1	H66	X:66423003:G:A	66423003	0	G	1
rs6525167	HG03442	1	H478	X:66423003:G:A	66423003	0	G	1
rs6525167	HG03445	1	H22	X:66423003:G:A	66423003	0	G	1
rs6525167	HG03451	1	H6	X:66423003:G:A	66423003	0	G	1
rs6525167	HG03457	1	H97	X:66423003:G:A	66423003	0	G	1
rs6525167	HG03460	1	H529	X:66423003:G:A	66423003	0	G	1
rs6525167	HG03469	1	H21	X:66423003:G:A	66423003	0	G	1
rs6525167	HG03472	1	H6	X:66423003:G:A	66423003	0	G	1
rs6525167	HG03478	1	H104	X:66423003:G:A	66423003	0	G	1
rs6525167	HG03484	1	H16	X:66423003:G:A	66423003	0	G	1
rs6525167	HG03490	1	H91	X:66423003:G:A	66423003	1	A	1
rs6525167	HG03515	1	H16	X:66423003:G:A	66423003	0	G	1
rs6525167	HG03518	1	H16	X:66423003:G:A	66423003	0	G	1
rs6525167	HG03521	1	H48	X:66423003:G:A	66423003	0	G	1
rs6525167	HG03538	1	H102	X:66423003:G:A	66423003	0	G	1
rs6525167	HG03547	1	H251	X:66423003:G:A	66423003	0	G	1
rs6525167	HG03556	1	H589	X:66423003:G:A	66423003	0	G	1
rs6525167	HG03559	1	H576	X:66423003:G:A	66423003	0	G	1
rs6525167	HG03565	1	H251	X:66423003:G:A	66423003	0	G	1
rs6525167	HG03571	1	H236	X:66423003:G:A	66423003	0	G	1
rs6525167	HG03577	1	H495	X:66423003:G:A	66423003	0	G	1
rs6525167	HG03585	1	H88	X:66423003:G:A	66423003	1	A	1
rs6525167	HG03593	1	H442	X:66423003:G:A	66423003	1	A	1
rs6525167	HG03594	1	H298	X:66423003:G:A	66423003	1	A	1
rs6525167	HG03600	1	H42	X:66423003:G:A	66423003	1	A	1
rs6525167	HG03603	1	H296	X:66423003:G:A	66423003	1	A	1
rs6525167	HG03615	1	H145	X:66423003:G:A	66423003	1	A	1
rs6525167	HG03624	1	H193	X:66423003:G:A	66423003	1	A	1
rs6525167	HG03629	1	H77	X:66423003:G:A	66423003	1	A	1
rs6525167	HG03636	1	H465	X:66423003:G:A	66423003	1	A	1
rs6525167	HG03644	1	H216	X:66423003:G:A	66423003	1	A	1
rs6525167	HG03646	1	H406	X:66423003:G:A	66423003	1	A	1
rs6525167	HG03649	1	H295	X:66423003:G:A	66423003	1	A	1
rs6525167	HG03652	1	H79	X:66423003:G:A	66423003	1	A	1
rs6525167	HG03660	1	H205	X:66423003:G:A	66423003	1	A	1
rs6525167	HG03663	1	H79	X:66423003:G:A	66423003	1	A	1
rs6525167	HG03667	1	H127	X:66423003:G:A	66423003	1	A	1
rs6525167	HG03672	1	H126	X:66423003:G:A	66423003	1	A	1
rs6525167	HG03679	1	H17	X:66423003:G:A	66423003	1	A	1
rs6525167	HG03680	1	H444	X:66423003:G:A	66423003	1	A	1
rs6525167	HG03681	1	H63	X:66423003:G:A	66423003	1	A	1
rs6525167	HG03685	1	H81	X:66423003:G:A	66423003	1	A	1
rs6525167	HG03686	1	H337	X:66423003:G:A	66423003	1	A	1
rs6525167	HG03687	1	H146	X:66423003:G:A	66423003	1	A	1
rs6525167	HG03691	1	H566	X:66423003:G:A	66423003	0	G	1
rs6525167	HG03693	1	H24	X:66423003:G:A	66423003	1	A	1
rs6525167	HG03694	1	H20	X:66423003:G:A	66423003	1	A	1
rs6525167	HG03695	1	H95	X:66423003:G:A	66423003	1	A	1
rs6525167	HG03696	1	H206	X:66423003:G:A	66423003	1	A	1
rs6525167	HG03697	1	H58	X:66423003:G:A	66423003	1	A	1
rs6525167	HG03702	1	H2	X:66423003:G:A	66423003	1	A	1
rs6525167	HG03705	1	H167	X:66423003:G:A	66423003	1	A	1
rs6525167	HG03708	1	H41	X:66423003:G:A	66423003	1	A	1
rs6525167	HG03711	1	H1	X:66423003:G:A	66423003	1	A	1
rs6525167	HG03713	1	H77	X:66423003:G:A	66423003	1	A	1
rs6525167	HG03716	1	H1	X:66423003:G:A	66423003	1	A	1
rs6525167	HG03718	1	H52	X:66423003:G:A	66423003	1	A	1
rs6525167	HG03720	1	H324	X:66423003:G:A	66423003	1	A	1
rs6525167	HG03727	1	H163	X:66423003:G:A	66423003	1	A	1
rs6525167	HG03729	1	H457	X:66423003:G:A	66423003	1	A	1
rs6525167	HG03738	1	H95	X:66423003:G:A	66423003	1	A	1
rs6525167	HG03740	1	H427	X:66423003:G:A	66423003	1	A	1
rs6525167	HG03742	1	H20	X:66423003:G:A	66423003	1	A	1
rs6525167	HG03743	1	H178	X:66423003:G:A	66423003	1	A	1
rs6525167	HG03744	1	H74	X:66423003:G:A	66423003	1	A	1
rs6525167	HG03745	1	H142	X:66423003:G:A	66423003	1	A	1
rs6525167	HG03746	1	H222	X:66423003:G:A	66423003	1	A	1
rs6525167	HG03750	1	H81	X:66423003:G:A	66423003	1	A	1
rs6525167	HG03753	1	H454	X:66423003:G:A	66423003	1	A	1
rs6525167	HG03755	1	H126	X:66423003:G:A	66423003	1	A	1
rs6525167	HG03767	1	H20	X:66423003:G:A	66423003	1	A	1
rs6525167	HG03771	1	H49	X:66423003:G:A	66423003	0	G	1
rs6525167	HG03773	1	H269	X:66423003:G:A	66423003	1	A	1
rs6525167	HG03775	1	H42	X:66423003:G:A	66423003	1	A	1
rs6525167	HG03777	1	H136	X:66423003:G:A	66423003	1	A	1
rs6525167	HG03778	1	H54	X:66423003:G:A	66423003	1	A	1
rs6525167	HG03779	1	H39	X:66423003:G:A	66423003	1	A	1
rs6525167	HG03785	1	H263	X:66423003:G:A	66423003	1	A	1
rs6525167	HG03786	1	H317	X:66423003:G:A	66423003	1	A	1
rs6525167	HG03788	1	H365	X:66423003:G:A	66423003	1	A	1
rs6525167	HG03790	1	H189	X:66423003:G:A	66423003	1	A	1
rs6525167	HG03792	1	H219	X:66423003:G:A	66423003	1	A	1
rs6525167	HG03800	1	H216	X:66423003:G:A	66423003	1	A	1
rs6525167	HG03803	1	H130	X:66423003:G:A	66423003	1	A	1
rs6525167	HG03809	1	H432	X:66423003:G:A	66423003	1	A	1
rs6525167	HG03812	1	H193	X:66423003:G:A	66423003	1	A	1
rs6525167	HG03815	1	H143	X:66423003:G:A	66423003	1	A	1
rs6525167	HG03821	1	H54	X:66423003:G:A	66423003	1	A	1
rs6525167	HG03824	1	H164	X:66423003:G:A	66423003	1	A	1
rs6525167	HG03830	1	H125	X:66423003:G:A	66423003	1	A	1
rs6525167	HG03833	1	H49	X:66423003:G:A	66423003	0	G	1
rs6525167	HG03837	1	H565	X:66423003:G:A	66423003	0	G	1
rs6525167	HG03844	1	H20	X:66423003:G:A	66423003	1	A	1
rs6525167	HG03846	1	H195	X:66423003:G:A	66423003	1	A	1
rs6525167	HG03848	1	H164	X:66423003:G:A	66423003	1	A	1
rs6525167	HG03850	1	H142	X:66423003:G:A	66423003	1	A	1
rs6525167	HG03851	1	H74	X:66423003:G:A	66423003	1	A	1
rs6525167	HG03854	1	H2	X:66423003:G:A	66423003	1	A	1
rs6525167	HG03856	1	H319	X:66423003:G:A	66423003	1	A	1
rs6525167	HG03864	1	H77	X:66423003:G:A	66423003	1	A	1
rs6525167	HG03866	1	H209	X:66423003:G:A	66423003	1	A	1
rs6525167	HG03867	1	H41	X:66423003:G:A	66423003	1	A	1
rs6525167	HG03869	1	H183	X:66423003:G:A	66423003	1	A	1
rs6525167	HG03870	1	H443	X:66423003:G:A	66423003	1	A	1
rs6525167	HG03871	1	H87	X:66423003:G:A	66423003	1	A	1
rs6525167	HG03872	1	H501	X:66423003:G:A	66423003	0	G	1
rs6525167	HG03875	1	H53	X:66423003:G:A	66423003	1	A	1
rs6525167	HG03885	1	H63	X:66423003:G:A	66423003	1	A	1
rs6525167	HG03887	1	H63	X:66423003:G:A	66423003	1	A	1
rs6525167	HG03890	1	H109	X:66423003:G:A	66423003	0	G	1
rs6525167	HG03896	1	H202	X:66423003:G:A	66423003	1	A	1
rs6525167	HG03899	1	H129	X:66423003:G:A	66423003	1	A	1
rs6525167	HG03900	1	H1	X:66423003:G:A	66423003	1	A	1
rs6525167	HG03902	1	H42	X:66423003:G:A	66423003	1	A	1
rs6525167	HG03905	1	H300	X:66423003:G:A	66423003	1	A	1
rs6525167	HG03908	1	H54	X:66423003:G:A	66423003	1	A	1
rs6525167	HG03911	1	H386	X:66423003:G:A	66423003	1	A	1
rs6525167	HG03914	1	H424	X:66423003:G:A	66423003	1	A	1
rs6525167	HG03917	1	H2	X:66423003:G:A	66423003	1	A	1
rs6525167	HG03920	1	H202	X:66423003:G:A	66423003	1	A	1
rs6525167	HG03926	1	H130	X:66423003:G:A	66423003	1	A	1
rs6525167	HG03941	1	H39	X:66423003:G:A	66423003	1	A	1
rs6525167	HG03943	1	H109	X:66423003:G:A	66423003	0	G	1
rs6525167	HG03950	1	H188	X:66423003:G:A	66423003	1	A	1
rs6525167	HG03953	1	H58	X:66423003:G:A	66423003	1	A	1
rs6525167	HG03960	1	H398	X:66423003:G:A	66423003	1	A	1
rs6525167	HG03963	1	H209	X:66423003:G:A	66423003	1	A	1
rs6525167	HG03965	1	H1	X:66423003:G:A	66423003	1	A	1
rs6525167	HG03967	1	H40	X:66423003:G:A	66423003	1	A	1
rs6525167	HG03969	1	H63	X:66423003:G:A	66423003	1	A	1
rs6525167	HG03971	1	H468	X:66423003:G:A	66423003	1	A	1
rs6525167	HG03974	1	H40	X:66423003:G:A	66423003	1	A	1
rs6525167	HG03976	1	H25	X:66423003:G:A	66423003	1	A	1
rs6525167	HG03978	1	H397	X:66423003:G:A	66423003	1	A	1
rs6525167	HG03985	1	H396	X:66423003:G:A	66423003	1	A	1
rs6525167	HG03990	1	H92	X:66423003:G:A	66423003	1	A	1
rs6525167	HG03991	1	H408	X:66423003:G:A	66423003	1	A	1
rs6525167	HG03998	1	H449	X:66423003:G:A	66423003	1	A	1
rs6525167	HG03999	1	H232	X:66423003:G:A	66423003	0	G	1
rs6525167	HG04002	1	H395	X:66423003:G:A	66423003	1	A	1
rs6525167	HG04003	1	H42	X:66423003:G:A	66423003	1	A	1
rs6525167	HG04006	1	H262	X:66423003:G:A	66423003	1	A	1
rs6525167	HG04015	1	H49	X:66423003:G:A	66423003	0	G	1
rs6525167	HG04017	1	H286	X:66423003:G:A	66423003	1	A	1
rs6525167	HG04019	1	H92	X:66423003:G:A	66423003	1	A	1
rs6525167	HG04020	1	H464	X:66423003:G:A	66423003	1	A	1
rs6525167	HG04022	1	H323	X:66423003:G:A	66423003	1	A	1
rs6525167	HG04023	1	H136	X:66423003:G:A	66423003	1	A	1
rs6525167	HG04033	1	H349	X:66423003:G:A	66423003	1	A	1
rs6525167	HG04039	1	H206	X:66423003:G:A	66423003	1	A	1
rs6525167	HG04056	1	H232	X:66423003:G:A	66423003	0	G	1
rs6525167	HG04060	1	H146	X:66423003:G:A	66423003	1	A	1
rs6525167	HG04061	1	H87	X:66423003:G:A	66423003	1	A	1
rs6525167	HG04080	1	H54	X:66423003:G:A	66423003	1	A	1
rs6525167	HG04093	1	H81	X:66423003:G:A	66423003	1	A	1
rs6525167	HG04094	1	H147	X:66423003:G:A	66423003	1	A	1
rs6525167	HG04096	1	H316	X:66423003:G:A	66423003	1	A	1
rs6525167	HG04098	1	H521	X:66423003:G:A	66423003	0	G	1
rs6525167	HG04100	1	H291	X:66423003:G:A	66423003	1	A	1
rs6525167	HG04107	1	H4	X:66423003:G:A	66423003	1	A	1
rs6525167	HG04131	1	H17	X:66423003:G:A	66423003	1	A	1
rs6525167	HG04134	1	H163	X:66423003:G:A	66423003	1	A	1
rs6525167	HG04140	1	H205	X:66423003:G:A	66423003	1	A	1
rs6525167	HG04146	1	H123	X:66423003:G:A	66423003	1	A	1
rs6525167	HG04152	1	H39	X:66423003:G:A	66423003	1	A	1
rs6525167	HG04155	1	H338	X:66423003:G:A	66423003	1	A	1
rs6525167	HG04158	1	H49	X:66423003:G:A	66423003	0	G	1
rs6525167	HG04161	1	H145	X:66423003:G:A	66423003	1	A	1
rs6525167	HG04164	1	H42	X:66423003:G:A	66423003	1	A	1
rs6525167	HG04173	1	H128	X:66423003:G:A	66423003	1	A	1
rs6525167	HG04176	1	H172	X:66423003:G:A	66423003	1	A	1
rs6525167	HG04182	1	H215	X:66423003:G:A	66423003	1	A	1
rs6525167	HG04185	1	H53	X:66423003:G:A	66423003	1	A	1
rs6525167	HG04188	1	H172	X:66423003:G:A	66423003	1	A	1
rs6525167	HG04194	1	H40	X:66423003:G:A	66423003	1	A	1
rs6525167	HG04198	1	H284	X:66423003:G:A	66423003	1	A	1
rs6525167	HG04206	1	H441	X:66423003:G:A	66423003	1	A	1
rs6525167	HG04210	1	H282	X:66423003:G:A	66423003	1	A	1
rs6525167	HG04211	1	H91	X:66423003:G:A	66423003	1	A	1
rs6525167	HG04219	1	H204	X:66423003:G:A	66423003	1	A	1
rs6525167	HG04222	1	H252	X:66423003:G:A	66423003	0	G	1
rs6525167	HG04225	1	H458	X:66423003:G:A	66423003	1	A	1
rs6525167	HG04229	1	H188	X:66423003:G:A	66423003	1	A	1
rs6525167	HG04235	1	H204	X:66423003:G:A	66423003	1	A	1
rs6525167	HG04238	1	H85	X:66423003:G:A	66423003	1	A	1
rs6525167	HG04239	1	H2	X:66423003:G:A	66423003	1	A	1
rs6525167	NA06984	1	H14	X:66423003:G:A	66423003	1	A	1
rs6525167	NA06986	1	H185	X:66423003:G:A	66423003	1	A	1
rs6525167	NA06994	1	H440	X:66423003:G:A	66423003	1	A	1
rs6525167	NA07048	1	H82	X:66423003:G:A	66423003	1	A	1
rs6525167	NA07051	1	H80	X:66423003:G:A	66423003	1	A	1
rs6525167	NA07347	1	H116	X:66423003:G:A	66423003	1	A	1
rs6525167	NA07357	1	H1	X:66423003:G:A	66423003	1	A	1
rs6525167	NA10851	1	H17	X:66423003:G:A	66423003	1	A	1
rs6525167	NA11829	1	H116	X:66423003:G:A	66423003	1	A	1
rs6525167	NA11831	1	H157	X:66423003:G:A	66423003	1	A	1
rs6525167	NA11843	1	H170	X:66423003:G:A	66423003	1	A	1
rs6525167	NA11881	1	H140	X:66423003:G:A	66423003	1	A	1
rs6525167	NA11893	1	H208	X:66423003:G:A	66423003	1	A	1
rs6525167	NA11919	1	H9	X:66423003:G:A	66423003	1	A	1
rs6525167	NA11930	1	H70	X:66423003:G:A	66423003	0	G	1
rs6525167	NA11932	1	H342	X:66423003:G:A	66423003	1	A	1
rs6525167	NA11992	1	H32	X:66423003:G:A	66423003	0	G	1
rs6525167	NA11994	1	H422	X:66423003:G:A	66423003	1	A	1
rs6525167	NA12003	1	H10	X:66423003:G:A	66423003	1	A	1
rs6525167	NA12005	1	H221	X:66423003:G:A	66423003	1	A	1
rs6525167	NA12043	1	H160	X:66423003:G:A	66423003	1	A	1
rs6525167	NA12045	1	H189	X:66423003:G:A	66423003	1	A	1
rs6525167	NA12144	1	H82	X:66423003:G:A	66423003	1	A	1
rs6525167	NA12154	1	H59	X:66423003:G:A	66423003	1	A	1
rs6525167	NA12155	1	H9	X:66423003:G:A	66423003	1	A	1
rs6525167	NA12272	1	H421	X:66423003:G:A	66423003	1	A	1
rs6525167	NA12282	1	H540	X:66423003:G:A	66423003	1	A	1
rs6525167	NA12286	1	H180	X:66423003:G:A	66423003	1	A	1
rs6525167	NA12340	1	H137	X:66423003:G:A	66423003	1	A	1
rs6525167	NA12342	1	H185	X:66423003:G:A	66423003	1	A	1
rs6525167	NA12347	1	H1	X:66423003:G:A	66423003	1	A	1
rs6525167	NA12399	1	H377	X:66423003:G:A	66423003	1	A	1
rs6525167	NA12413	1	H70	X:66423003:G:A	66423003	0	G	1
rs6525167	NA12546	1	H169	X:66423003:G:A	66423003	1	A	1
rs6525167	NA12716	1	H312	X:66423003:G:A	66423003	1	A	1
rs6525167	NA12748	1	H13	X:66423003:G:A	66423003	1	A	1
rs6525167	NA12750	1	H180	X:66423003:G:A	66423003	1	A	1
rs6525167	NA12760	1	H24	X:66423003:G:A	66423003	1	A	1
rs6525167	NA12762	1	H86	X:66423003:G:A	66423003	1	A	1
rs6525167	NA12775	1	H38	X:66423003:G:A	66423003	1	A	1
rs6525167	NA12777	1	H179	X:66423003:G:A	66423003	1	A	1
rs6525167	NA12812	1	H435	X:66423003:G:A	66423003	1	A	1
rs6525167	NA12814	1	H32	X:66423003:G:A	66423003	0	G	1
rs6525167	NA12827	1	H137	X:66423003:G:A	66423003	1	A	1
rs6525167	NA12829	1	H19	X:66423003:G:A	66423003	1	A	1
rs6525167	NA12842	1	H345	X:66423003:G:A	66423003	1	A	1
rs6525167	NA12872	1	H52	X:66423003:G:A	66423003	1	A	1
rs6525167	NA12874	1	H159	X:66423003:G:A	66423003	1	A	1
rs6525167	NA12889	1	H13	X:66423003:G:A	66423003	1	A	1
rs6525167	NA18486	1	H230	X:66423003:G:A	66423003	0	G	1
rs6525167	NA18498	1	H492	X:66423003:G:A	66423003	0	G	1
rs6525167	NA18501	1	H257	X:66423003:G:A	66423003	0	G	1
rs6525167	NA18504	1	H229	X:66423003:G:A	66423003	0	G	1
rs6525167	NA18507	1	H491	X:66423003:G:A	66423003	0	G	1
rs6525167	NA18510	1	H96	X:66423003:G:A	66423003	0	G	1
rs6525167	NA18516	1	H72	X:66423003:G:A	66423003	0	G	1
rs6525167	NA18519	1	H44	X:66423003:G:A	66423003	0	G	1
rs6525167	NA18522	1	H237	X:66423003:G:A	66423003	0	G	1
rs6525167	NA18530	1	H1	X:66423003:G:A	66423003	1	A	1
rs6525167	NA18534	1	H330	X:66423003:G:A	66423003	1	A	1
rs6525167	NA18536	1	H387	X:66423003:G:A	66423003	1	A	1
rs6525167	NA18543	1	H332	X:66423003:G:A	66423003	1	A	1
rs6525167	NA18544	1	H166	X:66423003:G:A	66423003	1	A	1
rs6525167	NA18546	1	H211	X:66423003:G:A	66423003	1	A	1
rs6525167	NA18548	1	H177	X:66423003:G:A	66423003	1	A	1
rs6525167	NA18549	1	H117	X:66423003:G:A	66423003	1	A	1
rs6525167	NA18557	1	H11	X:66423003:G:A	66423003	1	A	1
rs6525167	NA18558	1	H131	X:66423003:G:A	66423003	1	A	1
rs6525167	NA18559	1	H414	X:66423003:G:A	66423003	1	A	1
rs6525167	NA18561	1	H303	X:66423003:G:A	66423003	1	A	1
rs6525167	NA18562	1	H14	X:66423003:G:A	66423003	1	A	1
rs6525167	NA18563	1	H4	X:66423003:G:A	66423003	1	A	1
rs6525167	NA18572	1	H198	X:66423003:G:A	66423003	1	A	1
rs6525167	NA18603	1	H351	X:66423003:G:A	66423003	1	A	1
rs6525167	NA18605	1	H452	X:66423003:G:A	66423003	1	A	1
rs6525167	NA18606	1	H199	X:66423003:G:A	66423003	1	A	1
rs6525167	NA18608	1	H60	X:66423003:G:A	66423003	1	A	1
rs6525167	NA18609	1	H56	X:66423003:G:A	66423003	1	A	1
rs6525167	NA18611	1	H50	X:66423003:G:A	66423003	1	A	1
rs6525167	NA18612	1	H197	X:66423003:G:A	66423003	1	A	1
rs6525167	NA18613	1	H62	X:66423003:G:A	66423003	1	A	1
rs6525167	NA18620	1	H198	X:66423003:G:A	66423003	1	A	1
rs6525167	NA18621	1	H60	X:66423003:G:A	66423003	1	A	1
rs6525167	NA18622	1	H211	X:66423003:G:A	66423003	1	A	1
rs6525167	NA18623	1	H460	X:66423003:G:A	66423003	1	A	1
rs6525167	NA18624	1	H78	X:66423003:G:A	66423003	1	A	1
rs6525167	NA18629	1	H4	X:66423003:G:A	66423003	1	A	1
rs6525167	NA18632	1	H1	X:66423003:G:A	66423003	1	A	1
rs6525167	NA18633	1	H2	X:66423003:G:A	66423003	1	A	1
rs6525167	NA18635	1	H7	X:66423003:G:A	66423003	1	A	1
rs6525167	NA18636	1	H18	X:66423003:G:A	66423003	1	A	1
rs6525167	NA18637	1	H407	X:66423003:G:A	66423003	1	A	1
rs6525167	NA18638	1	H18	X:66423003:G:A	66423003	1	A	1
rs6525167	NA18639	1	H191	X:66423003:G:A	66423003	1	A	1
rs6525167	NA18643	1	H35	X:66423003:G:A	66423003	1	A	1
rs6525167	NA18645	1	H64	X:66423003:G:A	66423003	1	A	1
rs6525167	NA18647	1	H18	X:66423003:G:A	66423003	1	A	1
rs6525167	NA18648	1	H51	X:66423003:G:A	66423003	1	A	1
rs6525167	NA18740	1	H7	X:66423003:G:A	66423003	1	A	1
rs6525167	NA18745	1	H2	X:66423003:G:A	66423003	1	A	1
rs6525167	NA18747	1	H7	X:66423003:G:A	66423003	1	A	1
rs6525167	NA18748	1	H18	X:66423003:G:A	66423003	1	A	1
rs6525167	NA18749	1	H213	X:66423003:G:A	66423003	1	A	1
rs6525167	NA18757	1	H119	X:66423003:G:A	66423003	1	A	1
rs6525167	NA18853	1	H73	X:66423003:G:A	66423003	0	G	1
rs6525167	NA18856	1	H23	X:66423003:G:A	66423003	0	G	1
rs6525167	NA18865	1	H510	X:66423003:G:A	66423003	0	G	1
rs6525167	NA18868	1	H558	X:66423003:G:A	66423003	0	G	1
rs6525167	NA18871	1	H258	X:66423003:G:A	66423003	1	A	1
rs6525167	NA18874	1	H45	X:66423003:G:A	66423003	0	G	1
rs6525167	NA18877	1	H66	X:66423003:G:A	66423003	0	G	1
rs6525167	NA18879	1	H6	X:66423003:G:A	66423003	0	G	1
rs6525167	NA18908	1	H560	X:66423003:G:A	66423003	0	G	1
rs6525167	NA18910	1	H21	X:66423003:G:A	66423003	0	G	1
rs6525167	NA18915	1	H44	X:66423003:G:A	66423003	0	G	1
rs6525167	NA18917	1	H555	X:66423003:G:A	66423003	0	G	1
rs6525167	NA18923	1	H68	X:66423003:G:A	66423003	0	G	1
rs6525167	NA18934	1	H67	X:66423003:G:A	66423003	0	G	1
rs6525167	NA18940	1	H51	X:66423003:G:A	66423003	1	A	1
rs6525167	NA18943	1	H1	X:66423003:G:A	66423003	1	A	1
rs6525167	NA18944	1	H36	X:66423003:G:A	66423003	1	A	1
rs6525167	NA18945	1	H333	X:66423003:G:A	66423003	1	A	1
rs6525167	NA18948	1	H187	X:66423003:G:A	66423003	1	A	1
rs6525167	NA18952	1	H203	X:66423003:G:A	66423003	1	A	1
rs6525167	NA18953	1	H412	X:66423003:G:A	66423003	1	A	1
rs6525167	NA18959	1	H203	X:66423003:G:A	66423003	1	A	1
rs6525167	NA18960	1	H122	X:66423003:G:A	66423003	1	A	1
rs6525167	NA18961	1	H404	X:66423003:G:A	66423003	1	A	1
rs6525167	NA18962	1	H62	X:66423003:G:A	66423003	1	A	1
rs6525167	NA18965	1	H55	X:66423003:G:A	66423003	1	A	1
rs6525167	NA18966	1	H186	X:66423003:G:A	66423003	1	A	1
rs6525167	NA18967	1	H94	X:66423003:G:A	66423003	1	A	1
rs6525167	NA18970	1	H463	X:66423003:G:A	66423003	1	A	1
rs6525167	NA18971	1	H266	X:66423003:G:A	66423003	1	A	1
rs6525167	NA18974	1	H7	X:66423003:G:A	66423003	1	A	1
rs6525167	NA18977	1	H212	X:66423003:G:A	66423003	1	A	1
rs6525167	NA18982	1	H50	X:66423003:G:A	66423003	1	A	1
rs6525167	NA18983	1	H418	X:66423003:G:A	66423003	1	A	1
rs6525167	NA18984	1	H4	X:66423003:G:A	66423003	1	A	1
rs6525167	NA18985	1	H361	X:66423003:G:A	66423003	1	A	1
rs6525167	NA18986	1	H419	X:66423003:G:A	66423003	1	A	1
rs6525167	NA18988	1	H171	X:66423003:G:A	66423003	1	A	1
rs6525167	NA18989	1	H1	X:66423003:G:A	66423003	1	A	1
rs6525167	NA18990	1	H405	X:66423003:G:A	66423003	1	A	1
rs6525167	NA18994	1	H7	X:66423003:G:A	66423003	1	A	1
rs6525167	NA18995	1	H131	X:66423003:G:A	66423003	1	A	1
rs6525167	NA19000	1	H122	X:66423003:G:A	66423003	1	A	1
rs6525167	NA19004	1	H213	X:66423003:G:A	66423003	1	A	1
rs6525167	NA19005	1	H51	X:66423003:G:A	66423003	1	A	1
rs6525167	NA19006	1	H370	X:66423003:G:A	66423003	1	A	1
rs6525167	NA19007	1	H304	X:66423003:G:A	66423003	1	A	1
rs6525167	NA19009	1	H2	X:66423003:G:A	66423003	1	A	1
rs6525167	NA19012	1	H2	X:66423003:G:A	66423003	1	A	1
rs6525167	NA19020	1	H568	X:66423003:G:A	66423003	0	G	1
rs6525167	NA19025	1	H512	X:66423003:G:A	66423003	0	G	1
rs6525167	NA19026	1	H237	X:66423003:G:A	66423003	0	G	1
rs6525167	NA19027	1	H4	X:66423003:G:A	66423003	1	A	1
rs6525167	NA19028	1	H231	X:66423003:G:A	66423003	0	G	1
rs6525167	NA19031	1	H3	X:66423003:G:A	66423003	0	G	1
rs6525167	NA19035	1	H224	X:66423003:G:A	66423003	0	G	1
rs6525167	NA19041	1	H513	X:66423003:G:A	66423003	0	G	1
rs6525167	NA19043	1	H552	X:66423003:G:A	66423003	0	G	1
rs6525167	NA19055	1	H171	X:66423003:G:A	66423003	1	A	1
rs6525167	NA19056	1	H51	X:66423003:G:A	66423003	1	A	1
rs6525167	NA19058	1	H177	X:66423003:G:A	66423003	1	A	1
rs6525167	NA19060	1	H35	X:66423003:G:A	66423003	1	A	1
rs6525167	NA19062	1	H154	X:66423003:G:A	66423003	1	A	1
rs6525167	NA19063	1	H186	X:66423003:G:A	66423003	1	A	1
rs6525167	NA19066	1	H150	X:66423003:G:A	66423003	1	A	1
rs6525167	NA19067	1	H199	X:66423003:G:A	66423003	1	A	1
rs6525167	NA19068	1	H150	X:66423003:G:A	66423003	1	A	1
rs6525167	NA19070	1	H430	X:66423003:G:A	66423003	1	A	1
rs6525167	NA19072	1	H1	X:66423003:G:A	66423003	1	A	1
rs6525167	NA19075	1	H2	X:66423003:G:A	66423003	1	A	1
rs6525167	NA19076	1	H154	X:66423003:G:A	66423003	1	A	1
rs6525167	NA19079	1	H429	X:66423003:G:A	66423003	1	A	1
rs6525167	NA19082	1	H218	X:66423003:G:A	66423003	1	A	1
rs6525167	NA19083	1	H2	X:66423003:G:A	66423003	1	A	1
rs6525167	NA19085	1	H374	X:66423003:G:A	66423003	1	A	1
rs6525167	NA19086	1	H7	X:66423003:G:A	66423003	1	A	1
rs6525167	NA19088	1	H371	X:66423003:G:A	66423003	1	A	1
rs6525167	NA19089	1	H217	X:66423003:G:A	66423003	1	A	1
rs6525167	NA19091	1	H190	X:66423003:G:A	66423003	1	A	1
rs6525167	NA19092	1	H107	X:66423003:G:A	66423003	0	G	1
rs6525167	NA19096	1	H582	X:66423003:G:A	66423003	0	G	1
rs6525167	NA19098	1	H3	X:66423003:G:A	66423003	0	G	1
rs6525167	NA19107	1	H586	X:66423003:G:A	66423003	0	G	1
rs6525167	NA19113	1	H225	X:66423003:G:A	66423003	0	G	1
rs6525167	NA19117	1	H111	X:66423003:G:A	66423003	0	G	1
rs6525167	NA19119	1	H3	X:66423003:G:A	66423003	0	G	1
rs6525167	NA19121	1	H45	X:66423003:G:A	66423003	0	G	1
rs6525167	NA19130	1	H46	X:66423003:G:A	66423003	0	G	1
rs6525167	NA19138	1	H99	X:66423003:G:A	66423003	0	G	1
rs6525167	NA19141	1	H45	X:66423003:G:A	66423003	0	G	1
rs6525167	NA19144	1	H68	X:66423003:G:A	66423003	0	G	1
rs6525167	NA19146	1	H48	X:66423003:G:A	66423003	0	G	1
rs6525167	NA19153	1	H519	X:66423003:G:A	66423003	0	G	1
rs6525167	NA19160	1	H570	X:66423003:G:A	66423003	0	G	1
rs6525167	NA19171	1	H67	X:66423003:G:A	66423003	0	G	1
rs6525167	NA19175	1	H6	X:66423003:G:A	66423003	0	G	1
rs6525167	NA19184	1	H3	X:66423003:G:A	66423003	0	G	1
rs6525167	NA19189	1	H490	X:66423003:G:A	66423003	0	G	1
rs6525167	NA19198	1	H505	X:66423003:G:A	66423003	0	G	1
rs6525167	NA19200	1	H578	X:66423003:G:A	66423003	0	G	1
rs6525167	NA19207	1	H474	X:66423003:G:A	66423003	1	A	1
rs6525167	NA19210	1	H3	X:66423003:G:A	66423003	0	G	1
rs6525167	NA19213	1	H68	X:66423003:G:A	66423003	0	G	1
rs6525167	NA19223	1	H507	X:66423003:G:A	66423003	0	G	1
rs6525167	NA19236	1	H234	X:66423003:G:A	66423003	0	G	1
rs6525167	NA19239	1	H6	X:66423003:G:A	66423003	0	G	1
rs6525167	NA19248	1	H21	X:66423003:G:A	66423003	0	G	1
rs6525167	NA19256	1	H531	X:66423003:G:A	66423003	0	G	1
rs6525167	NA19307	1	H227	X:66423003:G:A	66423003	0	G	1
rs6525167	NA19308	1	H238	X:66423003:G:A	66423003	0	G	1
rs6525167	NA19309	1	H515	X:66423003:G:A	66423003	0	G	1
rs6525167	NA19312	1	H254	X:66423003:G:A	66423003	0	G	1
rs6525167	NA19317	1	H31	X:66423003:G:A	66423003	0	G	1
rs6525167	NA19318	1	H31	X:66423003:G:A	66423003	0	G	1
rs6525167	NA19319	1	H22	X:66423003:G:A	66423003	0	G	1
rs6525167	NA19331	1	H482	X:66423003:G:A	66423003	0	G	1
rs6525167	NA19334	1	H517	X:66423003:G:A	66423003	0	G	1
rs6525167	NA19346	1	H231	X:66423003:G:A	66423003	0	G	1
rs6525167	NA19347	1	H554	X:66423003:G:A	66423003	0	G	1
rs6525167	NA19350	1	H73	X:66423003:G:A	66423003	0	G	1
rs6525167	NA19360	1	H481	X:66423003:G:A	66423003	0	G	1
rs6525167	NA19372	1	H256	X:66423003:G:A	66423003	0	G	1
rs6525167	NA19374	1	H228	X:66423003:G:A	66423003	0	G	1
rs6525167	NA19375	1	H234	X:66423003:G:A	66423003	0	G	1
rs6525167	NA19376	1	H585	X:66423003:G:A	66423003	0	G	1
rs6525167	NA19380	1	H553	X:66423003:G:A	66423003	0	G	1
rs6525167	NA19383	1	H556	X:66423003:G:A	66423003	0	G	1
rs6525167	NA19384	1	H46	X:66423003:G:A	66423003	0	G	1
rs6525167	NA19385	1	H244	X:66423003:G:A	66423003	0	G	1
rs6525167	NA19393	1	H498	X:66423003:G:A	66423003	0	G	1
rs6525167	NA19394	1	H476	X:66423003:G:A	66423003	1	A	1
rs6525167	NA19397	1	H526	X:66423003:G:A	66423003	0	G	1
rs6525167	NA19428	1	H551	X:66423003:G:A	66423003	0	G	1
rs6525167	NA19429	1	H227	X:66423003:G:A	66423003	0	G	1
rs6525167	NA19430	1	H244	X:66423003:G:A	66423003	0	G	1
rs6525167	NA19443	1	H546	X:66423003:G:A	66423003	0	G	1
rs6525167	NA19448	1	H111	X:66423003:G:A	66423003	0	G	1
rs6525167	NA19451	1	H228	X:66423003:G:A	66423003	0	G	1
rs6525167	NA19452	1	H15	X:66423003:G:A	66423003	0	G	1
rs6525167	NA19454	1	H236	X:66423003:G:A	66423003	0	G	1
rs6525167	NA19455	1	H31	X:66423003:G:A	66423003	0	G	1
rs6525167	NA19461	1	H584	X:66423003:G:A	66423003	0	G	1
rs6525167	NA19466	1	H509	X:66423003:G:A	66423003	0	G	1
rs6525167	NA19649	1	H38	X:66423003:G:A	66423003	1	A	1
rs6525167	NA19652	1	H10	X:66423003:G:A	66423003	1	A	1
rs6525167	NA19655	1	H89	X:66423003:G:A	66423003	1	A	1
rs6525167	NA19658	1	H10	X:66423003:G:A	66423003	1	A	1
rs6525167	NA19661	1	H362	X:66423003:G:A	66423003	0	G	1
rs6525167	NA19664	1	H12	X:66423003:G:A	66423003	1	A	1
rs6525167	NA19670	1	H20	X:66423003:G:A	66423003	1	A	1
rs6525167	NA19676	1	H134	X:66423003:G:A	66423003	1	A	1
rs6525167	NA19679	1	H27	X:66423003:G:A	66423003	1	A	1
rs6525167	NA19682	1	H161	X:66423003:G:A	66423003	1	A	1
rs6525167	NA19700	1	H100	X:66423003:G:A	66423003	0	G	1
rs6525167	NA19703	1	H253	X:66423003:G:A	66423003	0	G	1
rs6525167	NA19711	1	H504	X:66423003:G:A	66423003	0	G	1
rs6525167	NA19717	1	H11	X:66423003:G:A	66423003	1	A	1
rs6525167	NA19720	1	H28	X:66423003:G:A	66423003	1	A	1
rs6525167	NA19723	1	H12	X:66423003:G:A	66423003	1	A	1
rs6525167	NA19726	1	H6	X:66423003:G:A	66423003	0	G	1
rs6525167	NA19729	1	H5	X:66423003:G:A	66423003	1	A	1
rs6525167	NA19732	1	H437	X:66423003:G:A	66423003	1	A	1
rs6525167	NA19735	1	H8	X:66423003:G:A	66423003	1	A	1
rs6525167	NA19741	1	H5	X:66423003:G:A	66423003	1	A	1
rs6525167	NA19747	1	H11	X:66423003:G:A	66423003	1	A	1
rs6525167	NA19750	1	H8	X:66423003:G:A	66423003	1	A	1
rs6525167	NA19756	1	H176	X:66423003:G:A	66423003	1	A	1
rs6525167	NA19759	1	H11	X:66423003:G:A	66423003	1	A	1
rs6525167	NA19762	1	H162	X:66423003:G:A	66423003	1	A	1
rs6525167	NA19771	1	H143	X:66423003:G:A	66423003	1	A	1
rs6525167	NA19774	1	H379	X:66423003:G:A	66423003	1	A	1
rs6525167	NA19777	1	H439	X:66423003:G:A	66423003	1	A	1
rs6525167	NA19780	1	H86	X:66423003:G:A	66423003	1	A	1
rs6525167	NA19783	1	H8	X:66423003:G:A	66423003	1	A	1
rs6525167	NA19786	1	H272	X:66423003:G:A	66423003	1	A	1
rs6525167	NA19789	1	H5	X:66423003:G:A	66423003	1	A	1
rs6525167	NA19792	1	H170	X:66423003:G:A	66423003	1	A	1
rs6525167	NA19795	1	H86	X:66423003:G:A	66423003	1	A	1
rs6525167	NA19818	1	H514	X:66423003:G:A	66423003	0	G	1
rs6525167	NA19834	1	H1	X:66423003:G:A	66423003	1	A	1
rs6525167	NA19900	1	H6	X:66423003:G:A	66423003	0	G	1
rs6525167	NA19904	1	H106	X:66423003:G:A	66423003	0	G	1
rs6525167	NA19908	1	H243	X:66423003:G:A	66423003	0	G	1
rs6525167	NA19916	1	H477	X:66423003:G:A	66423003	1	A	1
rs6525167	NA19920	1	H511	X:66423003:G:A	66423003	0	G	1
rs6525167	NA19922	1	H16	X:66423003:G:A	66423003	0	G	1
rs6525167	NA19982	1	H3	X:66423003:G:A	66423003	0	G	1
rs6525167	NA19984	1	H22	X:66423003:G:A	66423003	0	G	1
rs6525167	NA20126	1	H561	X:66423003:G:A	66423003	0	G	1
rs6525167	NA20278	1	H46	X:66423003:G:A	66423003	0	G	1
rs6525167	NA20281	1	H29	X:66423003:G:A	66423003	1	A	1
rs6525167	NA20291	1	H253	X:66423003:G:A	66423003	0	G	1
rs6525167	NA20298	1	H2	X:66423003:G:A	66423003	1	A	1
rs6525167	NA20318	1	H13	X:66423003:G:A	66423003	1	A	1
rs6525167	NA20340	1	H97	X:66423003:G:A	66423003	0	G	1
rs6525167	NA20342	1	H100	X:66423003:G:A	66423003	0	G	1
rs6525167	NA20346	1	H571	X:66423003:G:A	66423003	0	G	1
rs6525167	NA20348	1	H358	X:66423003:G:A	66423003	1	A	1
rs6525167	NA20351	1	H71	X:66423003:G:A	66423003	0	G	1
rs6525167	NA20356	1	H499	X:66423003:G:A	66423003	0	G	1
rs6525167	NA20362	1	H575	X:66423003:G:A	66423003	0	G	1
rs6525167	NA20509	1	H353	X:66423003:G:A	66423003	1	A	1
rs6525167	NA20510	1	H274	X:66423003:G:A	66423003	1	A	1
rs6525167	NA20511	1	H57	X:66423003:G:A	66423003	1	A	1
rs6525167	NA20512	1	H12	X:66423003:G:A	66423003	1	A	1
rs6525167	NA20513	1	H259	X:66423003:G:A	66423003	1	A	1
rs6525167	NA20515	1	H30	X:66423003:G:A	66423003	0	G	1
rs6525167	NA20516	1	H281	X:66423003:G:A	66423003	1	A	1
rs6525167	NA20518	1	H280	X:66423003:G:A	66423003	1	A	1
rs6525167	NA20519	1	H121	X:66423003:G:A	66423003	1	A	1
rs6525167	NA20520	1	H30	X:66423003:G:A	66423003	0	G	1
rs6525167	NA20521	1	H85	X:66423003:G:A	66423003	1	A	1
rs6525167	NA20524	1	H14	X:66423003:G:A	66423003	1	A	1
rs6525167	NA20525	1	H321	X:66423003:G:A	66423003	1	A	1
rs6525167	NA20527	1	H14	X:66423003:G:A	66423003	1	A	1
rs6525167	NA20528	1	H383	X:66423003:G:A	66423003	1	A	1
rs6525167	NA20532	1	H2	X:66423003:G:A	66423003	1	A	1
rs6525167	NA20534	1	H34	X:66423003:G:A	66423003	0	G	1
rs6525167	NA20536	1	H38	X:66423003:G:A	66423003	1	A	1
rs6525167	NA20538	1	H539	X:66423003:G:A	66423003	0	G	1
rs6525167	NA20539	1	H326	X:66423003:G:A	66423003	1	A	1
rs6525167	NA20543	1	H44	X:66423003:G:A	66423003	0	G	1
rs6525167	NA20544	1	H535	X:66423003:G:A	66423003	0	G	1
rs6525167	NA20581	1	H366	X:66423003:G:A	66423003	1	A	1
rs6525167	NA20586	1	H120	X:66423003:G:A	66423003	1	A	1
rs6525167	NA20588	1	H310	X:66423003:G:A	66423003	1	A	1
rs6525167	NA20752	1	H367	X:66423003:G:A	66423003	1	A	1
rs6525167	NA20754	1	H88	X:66423003:G:A	66423003	1	A	1
rs6525167	NA20755	1	H105	X:66423003:G:A	66423003	0	G	1
rs6525167	NA20758	1	H500	X:66423003:G:A	66423003	0	G	1
rs6525167	NA20759	1	H562	X:66423003:G:A	66423003	0	G	1
rs6525167	NA20762	1	H322	X:66423003:G:A	66423003	1	A	1
rs6525167	NA20763	1	H17	X:66423003:G:A	66423003	1	A	1
rs6525167	NA20765	1	H381	X:66423003:G:A	66423003	1	A	1
rs6525167	NA20767	1	H376	X:66423003:G:A	66423003	1	A	1
rs6525167	NA20770	1	H9	X:66423003:G:A	66423003	1	A	1
rs6525167	NA20778	1	H174	X:66423003:G:A	66423003	1	A	1
rs6525167	NA20783	1	H88	X:66423003:G:A	66423003	1	A	1
rs6525167	NA20785	1	H38	X:66423003:G:A	66423003	1	A	1
rs6525167	NA20787	1	H41	X:66423003:G:A	66423003	1	A	1
rs6525167	NA20792	1	H19	X:66423003:G:A	66423003	1	A	1
rs6525167	NA20796	1	H425	X:66423003:G:A	66423003	1	A	1
rs6525167	NA20798	1	H27	X:66423003:G:A	66423003	1	A	1
rs6525167	NA20801	1	H115	X:66423003:G:A	66423003	1	A	1
rs6525167	NA20803	1	H10	X:66423003:G:A	66423003	1	A	1
rs6525167	NA20805	1	H450	X:66423003:G:A	66423003	1	A	1
rs6525167	NA20806	1	H34	X:66423003:G:A	66423003	0	G	1
rs6525167	NA20809	1	H158	X:66423003:G:A	66423003	1	A	1
rs6525167	NA20810	1	H10	X:66423003:G:A	66423003	1	A	1
rs6525167	NA20811	1	H93	X:66423003:G:A	66423003	1	A	1
rs6525167	NA20812	1	H14	X:66423003:G:A	66423003	1	A	1
rs6525167	NA20814	1	H420	X:66423003:G:A	66423003	1	A	1
rs6525167	NA20815	1	H37	X:66423003:G:A	66423003	1	A	1
rs6525167	NA20827	1	H19	X:66423003:G:A	66423003	1	A	1
rs6525167	NA20845	1	H222	X:66423003:G:A	66423003	1	A	1
rs6525167	NA20846	1	H70	X:66423003:G:A	66423003	0	G	1
rs6525167	NA20850	1	H1	X:66423003:G:A	66423003	1	A	1
rs6525167	NA20852	1	H564	X:66423003:G:A	66423003	0	G	1
rs6525167	NA20858	1	H52	X:66423003:G:A	66423003	1	A	1
rs6525167	NA20861	1	H43	X:66423003:G:A	66423003	1	A	1
rs6525167	NA20863	1	H43	X:66423003:G:A	66423003	1	A	1
rs6525167	NA20864	1	H214	X:66423003:G:A	66423003	1	A	1
rs6525167	NA20866	1	H40	X:66423003:G:A	66423003	1	A	1
rs6525167	NA20867	1	H1	X:66423003:G:A	66423003	1	A	1
rs6525167	NA20870	1	H201	X:66423003:G:A	66423003	1	A	1
rs6525167	NA20884	1	H49	X:66423003:G:A	66423003	0	G	1
rs6525167	NA20885	1	H87	X:66423003:G:A	66423003	1	A	1
rs6525167	NA20887	1	H129	X:66423003:G:A	66423003	1	A	1
rs6525167	NA20889	1	H167	X:66423003:G:A	66423003	1	A	1
rs6525167	NA20890	1	H41	X:66423003:G:A	66423003	1	A	1
rs6525167	NA20891	1	H466	X:66423003:G:A	66423003	1	A	1
rs6525167	NA20895	1	H125	X:66423003:G:A	66423003	1	A	1
rs6525167	NA20897	1	H182	X:66423003:G:A	66423003	1	A	1
rs6525167	NA20901	1	H26	X:66423003:G:A	66423003	1	A	1
rs6525167	NA20903	1	H58	X:66423003:G:A	66423003	1	A	1
rs6525167	NA20904	1	H138	X:66423003:G:A	66423003	1	A	1
rs6525167	NA20905	1	H455	X:66423003:G:A	66423003	1	A	1
rs6525167	NA20911	1	H53	X:66423003:G:A	66423003	1	A	1
rs6525167	NA21087	1	H74	X:66423003:G:A	66423003	1	A	1
rs6525167	NA21090	1	H215	X:66423003:G:A	66423003	1	A	1
rs6525167	NA21091	1	H214	X:66423003:G:A	66423003	1	A	1
rs6525167	NA21092	1	H451	X:66423003:G:A	66423003	1	A	1
rs6525167	NA21093	1	H181	X:66423003:G:A	66423003	1	A	1
rs6525167	NA21094	1	H2	X:66423003:G:A	66423003	1	A	1
rs6525167	NA21095	1	H297	X:66423003:G:A	66423003	1	A	1
rs6525167	NA21098	1	H2	X:66423003:G:A	66423003	1	A	1
rs6525167	NA21099	1	H4	X:66423003:G:A	66423003	1	A	1
rs6525167	NA21100	1	H95	X:66423003:G:A	66423003	1	A	1
rs6525167	NA21104	1	H538	X:66423003:G:A	66423003	0	G	1
rs6525167	NA21105	1	H292	X:66423003:G:A	66423003	1	A	1
rs6525167	NA21107	1	H25	X:66423003:G:A	66423003	1	A	1
rs6525167	NA21109	1	H373	X:66423003:G:A	66423003	1	A	1
rs6525167	NA21111	1	H220	X:66423003:G:A	66423003	1	A	1
rs6525167	NA21112	1	H289	X:66423003:G:A	66423003	1	A	1
rs6525167	NA21113	1	H456	X:66423003:G:A	66423003	1	A	1
rs6525167	NA21114	1	H285	X:66423003:G:A	66423003	1	A	1
rs6525167	NA21115	1	H43	X:66423003:G:A	66423003	1	A	1
rs6525167	NA21116	1	H279	X:66423003:G:A	66423003	1	A	1
rs6525167	NA21117	1	H288	X:66423003:G:A	66423003	1	A	1
rs6525167	NA21118	1	H363	X:66423003:G:A	66423003	1	A	1
rs6525167	NA21119	1	H220	X:66423003:G:A	66423003	1	A	1
rs6525167	NA21123	1	H287	X:66423003:G:A	66423003	1	A	1
rs6525167	NA21124	1	H43	X:66423003:G:A	66423003	1	A	1
rs6525167	NA21126	1	H109	X:66423003:G:A	66423003	0	G	1
rs6525167	NA21127	1	H43	X:66423003:G:A	66423003	1	A	1
rs6525167	NA21128	1	H352	X:66423003:G:A	66423003	1	A	1
rs6525167	NA21129	1	H290	X:66423003:G:A	66423003	1	A	1
rs6525167	NA21130	1	H40	X:66423003:G:A	66423003	1	A	1
rs6525167	NA21133	1	H128	X:66423003:G:A	66423003	1	A	1
rs6525167	NA21135	1	H123	X:66423003:G:A	66423003	1	A	1
