locus_id	hap_id	hap_n	copies	anchor_id	anchor_pos	ref	alt	variant_type	called_copies	allele_index_set	allele_set	allele_index_counts	allele_counts	mixed_anchor_within_snp_haplotype	common_tree_min_copies	common_tree_eligible	raw_best_archaic	raw_best_lineage	raw_n_compared	raw_n_match	raw_prop_match	neanderthal_consensus_allele_index	denisovan_consensus_allele_index	matches_neanderthal_anchor	matches_denisovan_anchor
rs6525167	H1	33	HG00108:1;HG00116:1;HG00256:1;HG00403:1;HG00530:1;HG00613:1;HG00619:1;HG00881:1;HG01085:1;HG01259:1;HG01398:1;HG01440:1;HG01527:1;HG01860:1;HG02058:1;HG02360:1;HG02409:1;HG02654:1;HG03228:1;HG03711:1;HG03716:1;HG03900:1;HG03965:1;NA07357:1;NA12347:1;NA18530:1;NA18632:1;NA18943:1;NA18989:1;NA19072:1;NA19834:1;NA20850:1;NA20867:1	X:66423003:G:A	66423003	G	A	SNV	33	1	A	1:33	A:33	0	11	1						1	1	1	1
rs6525167	H10	10	HG00341:1;HG01094:1;HG01344:1;HG01455:1;HG01464:1;NA12003:1;NA19652:1;NA19658:1;NA20803:1;NA20810:1	X:66423003:G:A	66423003	G	A	SNV	10	1	A	1:10	A:10	0	11	0						1	1	1	1
rs6525167	H100	3	HG03103:1;NA19700:1;NA20342:1	X:66423003:G:A	66423003	G	A	SNV	3	0	G	0:3	G:3	0	11	0						1	1	0	0
rs6525167	H101	3	HG02678:1;HG02798:1;HG03240:1	X:66423003:G:A	66423003	G	A	SNV	3	0	G	0:3	G:3	0	11	0						1	1	0	0
rs6525167	H102	3	HG02771:1;HG03045:1;HG03538:1	X:66423003:G:A	66423003	G	A	SNV	3	0	G	0:3	G:3	0	11	0						1	1	0	0
rs6525167	H103	3	HG02594:1;HG02610:1;HG02642:1	X:66423003:G:A	66423003	G	A	SNV	3	0	G	0:3	G:3	0	11	0						1	1	0	0
rs6525167	H104	3	HG01497:1;HG02813:1;HG03478:1	X:66423003:G:A	66423003	G	A	SNV	3	0	G	0:3	G:3	0	11	0						1	1	0	0
rs6525167	H105	3	HG00640:1;HG01392:1;NA20755:1	X:66423003:G:A	66423003	G	A	SNV	3	0	G	0:3	G:3	0	11	0						1	1	0	0
rs6525167	H106	3	HG02623:1;HG03163:1;NA19904:1	X:66423003:G:A	66423003	G	A	SNV	3	0	G	0:3	G:3	0	11	0						1	1	0	0
rs6525167	H107	3	HG02317:1;HG02420:1;NA19092:1	X:66423003:G:A	66423003	G	A	SNV	3	0	G	0:3	G:3	0	11	0						1	1	0	0
rs6525167	H108	3	HG01890:1;HG02981:1;HG03127:1	X:66423003:G:A	66423003	G	A	SNV	3	0	G	0:3	G:3	0	11	0						1	1	0	0
rs6525167	H109	3	HG03890:1;HG03943:1;NA21126:1	X:66423003:G:A	66423003	G	A	SNV	3	0	G	0:3	G:3	0	11	0						1	1	0	0
rs6525167	H11	10	HG01069:1;HG01341:1;HG01356:1;HG01917:1;HG01935:1;HG02259:1;NA18557:1;NA19717:1;NA19747:1;NA19759:1	X:66423003:G:A	66423003	G	A	SNV	10	1	A	1:10	A:10	0	11	0						1	1	1	1
rs6525167	H110	3	HG02816:1;HG02854:1;HG03027:1	X:66423003:G:A	66423003	G	A	SNV	3	0	G	0:3	G:3	0	11	0						1	1	0	0
rs6525167	H111	3	HG03258:1;NA19117:1;NA19448:1	X:66423003:G:A	66423003	G	A	SNV	3	0	G	0:3	G:3	0	11	0						1	1	0	0
rs6525167	H112	2	HG00689:1;HG01849:1	X:66423003:G:A	66423003	G	A	SNV	2	1	A	1:2	A:2	0	11	0						1	1	1	1
rs6525167	H113	2	HG01491:1;HG01675:1	X:66423003:G:A	66423003	G	A	SNV	2	0	G	0:2	G:2	0	11	0						1	1	0	0
rs6525167	H114	2	HG00625:1;HG02040:1	X:66423003:G:A	66423003	G	A	SNV	2	1	A	1:2	A:2	0	11	0						1	1	1	1
rs6525167	H115	2	HG03234:1;NA20801:1	X:66423003:G:A	66423003	G	A	SNV	2	1	A	1:2	A:2	0	11	0						1	1	1	1
rs6525167	H116	2	NA07347:1;NA11829:1	X:66423003:G:A	66423003	G	A	SNV	2	1	A	1:2	A:2	0	11	0						1	1	1	1
rs6525167	H117	2	HG02085:1;NA18549:1	X:66423003:G:A	66423003	G	A	SNV	2	1	A	1:2	A:2	0	11	0						1	1	1	1
rs6525167	H118	2	HG01844:1;HG02408:1	X:66423003:G:A	66423003	G	A	SNV	2	1	A	1:2	A:2	0	11	0						1	1	1	1
rs6525167	H119	2	HG02064:1;NA18757:1	X:66423003:G:A	66423003	G	A	SNV	2	1	A	1:2	A:2	0	11	0						1	1	1	1
rs6525167	H12	9	HG01121:1;HG01124:1;HG01395:1;HG01461:1;HG01785:1;HG01950:1;NA19664:1;NA19723:1;NA20512:1	X:66423003:G:A	66423003	G	A	SNV	9	1	A	1:9	A:9	0	11	0						1	1	1	1
rs6525167	H120	2	HG01615:1;NA20586:1	X:66423003:G:A	66423003	G	A	SNV	2	1	A	1:2	A:2	0	11	0						1	1	1	1
rs6525167	H121	2	HG01405:1;NA20519:1	X:66423003:G:A	66423003	G	A	SNV	2	1	A	1:2	A:2	0	11	0						1	1	1	1
rs6525167	H122	2	NA18960:1;NA19000:1	X:66423003:G:A	66423003	G	A	SNV	2	1	A	1:2	A:2	0	11	0						1	1	1	1
rs6525167	H123	2	HG04146:1;NA21135:1	X:66423003:G:A	66423003	G	A	SNV	2	1	A	1:2	A:2	0	11	0						1	1	1	1
rs6525167	H124	2	HG00500:1;HG01865:1	X:66423003:G:A	66423003	G	A	SNV	2	1	A	1:2	A:2	0	11	0						1	1	1	1
rs6525167	H125	2	HG03830:1;NA20895:1	X:66423003:G:A	66423003	G	A	SNV	2	1	A	1:2	A:2	0	11	0						1	1	1	1
rs6525167	H126	2	HG03672:1;HG03755:1	X:66423003:G:A	66423003	G	A	SNV	2	1	A	1:2	A:2	0	11	0						1	1	1	1
rs6525167	H127	2	HG00109:1;HG03667:1	X:66423003:G:A	66423003	G	A	SNV	2	1	A	1:2	A:2	0	11	0						1	1	1	1
rs6525167	H128	2	HG04173:1;NA21133:1	X:66423003:G:A	66423003	G	A	SNV	2	1	A	1:2	A:2	0	11	0						1	1	1	1
rs6525167	H129	2	HG03899:1;NA20887:1	X:66423003:G:A	66423003	G	A	SNV	2	1	A	1:2	A:2	0	11	0						1	1	1	1
rs6525167	H13	8	HG00143:1;HG00246:1;HG01190:1;HG01608:1;HG02433:1;NA12748:1;NA12889:1;NA20318:1	X:66423003:G:A	66423003	G	A	SNV	8	1	A	1:8	A:8	0	11	0						1	1	1	1
rs6525167	H130	2	HG03803:1;HG03926:1	X:66423003:G:A	66423003	G	A	SNV	2	1	A	1:2	A:2	0	11	0						1	1	1	1
rs6525167	H131	2	NA18558:1;NA18995:1	X:66423003:G:A	66423003	G	A	SNV	2	1	A	1:2	A:2	0	11	0						1	1	1	1
rs6525167	H132	2	HG00533:1;HG02356:1	X:66423003:G:A	66423003	G	A	SNV	2	1	A	1:2	A:2	0	11	0						1	1	1	1
rs6525167	H133	2	HG01200:1;HG01694:1	X:66423003:G:A	66423003	G	A	SNV	2	1	A	1:2	A:2	0	11	0						1	1	1	1
rs6525167	H134	2	HG01979:1;NA19676:1	X:66423003:G:A	66423003	G	A	SNV	2	1	A	1:2	A:2	0	11	0						1	1	1	1
rs6525167	H135	2	HG01142:1;HG01148:1	X:66423003:G:A	66423003	G	A	SNV	2	1	A	1:2	A:2	0	11	0						1	1	1	1
rs6525167	H136	2	HG03777:1;HG04023:1	X:66423003:G:A	66423003	G	A	SNV	2	1	A	1:2	A:2	0	11	0						1	1	1	1
rs6525167	H137	2	NA12340:1;NA12827:1	X:66423003:G:A	66423003	G	A	SNV	2	1	A	1:2	A:2	0	11	0						1	1	1	1
rs6525167	H138	2	HG00382:1;NA20904:1	X:66423003:G:A	66423003	G	A	SNV	2	1	A	1:2	A:2	0	11	0						1	1	1	1
rs6525167	H139	2	HG01374:1;HG01383:1	X:66423003:G:A	66423003	G	A	SNV	2	1	A	1:2	A:2	0	11	0						1	1	1	1
rs6525167	H14	8	HG00406:1;HG01872:1;HG02283:1;NA06984:1;NA18562:1;NA20524:1;NA20527:1;NA20812:1	X:66423003:G:A	66423003	G	A	SNV	8	1	A	1:8	A:8	0	11	0						1	1	1	1
rs6525167	H140	2	HG01967:1;NA11881:1	X:66423003:G:A	66423003	G	A	SNV	2	1	A	1:2	A:2	0	11	0						1	1	1	1
rs6525167	H141	2	HG01325:1;HG01412:1	X:66423003:G:A	66423003	G	A	SNV	2	1	A	1:2	A:2	0	11	0						1	1	1	1
rs6525167	H142	2	HG03745:1;HG03850:1	X:66423003:G:A	66423003	G	A	SNV	2	1	A	1:2	A:2	0	11	0						1	1	1	1
rs6525167	H143	2	HG03815:1;NA19771:1	X:66423003:G:A	66423003	G	A	SNV	2	1	A	1:2	A:2	0	11	0						1	1	1	1
rs6525167	H144	2	HG01583:1;HG02660:1	X:66423003:G:A	66423003	G	A	SNV	2	1	A	1:2	A:2	0	11	0						1	1	1	1
rs6525167	H145	2	HG03615:1;HG04161:1	X:66423003:G:A	66423003	G	A	SNV	2	1	A	1:2	A:2	0	11	0						1	1	1	1
rs6525167	H146	2	HG03687:1;HG04060:1	X:66423003:G:A	66423003	G	A	SNV	2	1	A	1:2	A:2	0	11	0						1	1	1	1
rs6525167	H147	2	HG01705:1;HG04094:1	X:66423003:G:A	66423003	G	A	SNV	2	1	A	1:2	A:2	0	11	0						1	1	1	1
rs6525167	H148	2	HG01596:1;HG01816:1	X:66423003:G:A	66423003	G	A	SNV	2	1	A	1:2	A:2	0	11	0						1	1	1	1
rs6525167	H149	2	HG02023:1;HG02512:1	X:66423003:G:A	66423003	G	A	SNV	2	1	A	1:2	A:2	0	11	0						1	1	1	1
rs6525167	H15	8	HG02053:1;HG02274:1;HG02554:1;HG02953:1;HG03115:1;HG03157:1;HG03394:1;NA19452:1	X:66423003:G:A	66423003	G	A	SNV	8	0	G	0:8	G:8	0	11	0						1	1	0	0
rs6525167	H150	2	NA19066:1;NA19068:1	X:66423003:G:A	66423003	G	A	SNV	2	1	A	1:2	A:2	0	11	0						1	1	1	1
rs6525167	H151	2	HG01938:1;HG01970:1	X:66423003:G:A	66423003	G	A	SNV	2	1	A	1:2	A:2	0	11	0						1	1	1	1
rs6525167	H152	2	HG01920:1;HG01982:1	X:66423003:G:A	66423003	G	A	SNV	2	1	A	1:2	A:2	0	11	0						1	1	1	1
rs6525167	H153	2	HG00421:1;HG00634:1	X:66423003:G:A	66423003	G	A	SNV	2	1	A	1:2	A:2	0	11	0						1	1	1	1
rs6525167	H154	2	NA19062:1;NA19076:1	X:66423003:G:A	66423003	G	A	SNV	2	1	A	1:2	A:2	0	11	0						1	1	1	1
rs6525167	H155	2	HG00267:1;HG00369:1	X:66423003:G:A	66423003	G	A	SNV	2	1	A	1:2	A:2	0	11	0						1	1	1	1
rs6525167	H156	2	HG00271:1;HG01518:1	X:66423003:G:A	66423003	G	A	SNV	2	1	A	1:2	A:2	0	11	0						1	1	1	1
rs6525167	H157	2	HG00126:1;NA11831:1	X:66423003:G:A	66423003	G	A	SNV	2	1	A	1:2	A:2	0	11	0						1	1	1	1
rs6525167	H158	2	HG00136:1;NA20809:1	X:66423003:G:A	66423003	G	A	SNV	2	1	A	1:2	A:2	0	11	0						1	1	1	1
rs6525167	H159	2	HG02429:1;NA12874:1	X:66423003:G:A	66423003	G	A	SNV	2	1	A	1:2	A:2	0	11	0						1	1	1	1
rs6525167	H16	8	HG01088:1;HG01882:1;HG02839:1;HG03209:1;HG03484:1;HG03515:1;HG03518:1;NA19922:1	X:66423003:G:A	66423003	G	A	SNV	8	0	G	0:8	G:8	0	11	0						1	1	0	0
rs6525167	H160	2	HG00637:1;NA12043:1	X:66423003:G:A	66423003	G	A	SNV	2	1	A	1:2	A:2	0	11	0						1	1	1	1
rs6525167	H161	2	HG01708:1;NA19682:1	X:66423003:G:A	66423003	G	A	SNV	2	1	A	1:2	A:2	0	11	0						1	1	1	1
rs6525167	H162	2	HG01485:1;NA19762:1	X:66423003:G:A	66423003	G	A	SNV	2	1	A	1:2	A:2	0	11	0						1	1	1	1
rs6525167	H163	2	HG03727:1;HG04134:1	X:66423003:G:A	66423003	G	A	SNV	2	1	A	1:2	A:2	0	11	0						1	1	1	1
rs6525167	H164	2	HG03824:1;HG03848:1	X:66423003:G:A	66423003	G	A	SNV	2	1	A	1:2	A:2	0	11	0						1	1	1	1
rs6525167	H165	2	HG02116:1;HG02390:1	X:66423003:G:A	66423003	G	A	SNV	2	1	A	1:2	A:2	0	11	0						1	1	1	1
rs6525167	H166	2	HG01589:1;NA18544:1	X:66423003:G:A	66423003	G	A	SNV	2	1	A	1:2	A:2	0	11	0						1	1	1	1
rs6525167	H167	2	HG03705:1;NA20889:1	X:66423003:G:A	66423003	G	A	SNV	2	1	A	1:2	A:2	0	11	0						1	1	1	1
rs6525167	H168	2	HG00524:1;HG02399:1	X:66423003:G:A	66423003	G	A	SNV	2	1	A	1:2	A:2	0	11	0						1	1	1	1
rs6525167	H169	2	HG00145:1;NA12546:1	X:66423003:G:A	66423003	G	A	SNV	2	1	A	1:2	A:2	0	11	0						1	1	1	1
rs6525167	H17	7	HG00234:1;HG00260:1;HG01761:1;HG03679:1;HG04131:1;NA10851:1;NA20763:1	X:66423003:G:A	66423003	G	A	SNV	7	1	A	1:7	A:7	0	11	0						1	1	1	1
rs6525167	H170	2	NA11843:1;NA19792:1	X:66423003:G:A	66423003	G	A	SNV	2	1	A	1:2	A:2	0	11	0						1	1	1	1
rs6525167	H171	2	NA18988:1;NA19055:1	X:66423003:G:A	66423003	G	A	SNV	2	1	A	1:2	A:2	0	11	0						1	1	1	1
rs6525167	H172	2	HG04176:1;HG04188:1	X:66423003:G:A	66423003	G	A	SNV	2	1	A	1:2	A:2	0	11	0						1	1	1	1
rs6525167	H173	2	HG00264:1;HG02238:1	X:66423003:G:A	66423003	G	A	SNV	2	1	A	1:2	A:2	0	11	0						1	1	1	1
rs6525167	H174	2	HG01104:1;NA20778:1	X:66423003:G:A	66423003	G	A	SNV	2	1	A	1:2	A:2	0	11	0						1	1	1	1
rs6525167	H175	2	HG00475:1;HG02374:1	X:66423003:G:A	66423003	G	A	SNV	2	1	A	1:2	A:2	0	11	0						1	1	1	1
rs6525167	H176	2	HG00290:1;NA19756:1	X:66423003:G:A	66423003	G	A	SNV	2	1	A	1:2	A:2	0	11	0						1	1	1	1
rs6525167	H177	2	NA18548:1;NA19058:1	X:66423003:G:A	66423003	G	A	SNV	2	1	A	1:2	A:2	0	11	0						1	1	1	1
rs6525167	H178	2	HG00463:1;HG03743:1	X:66423003:G:A	66423003	G	A	SNV	2	1	A	1:2	A:2	0	11	0						1	1	1	1
rs6525167	H179	2	HG01631:1;NA12777:1	X:66423003:G:A	66423003	G	A	SNV	2	1	A	1:2	A:2	0	11	0						1	1	1	1
rs6525167	H18	7	HG00472:1;HG01866:1;HG02379:1;NA18636:1;NA18638:1;NA18647:1;NA18748:1	X:66423003:G:A	66423003	G	A	SNV	7	1	A	1:7	A:7	0	11	0						1	1	1	1
rs6525167	H180	2	NA12286:1;NA12750:1	X:66423003:G:A	66423003	G	A	SNV	2	1	A	1:2	A:2	0	11	0						1	1	1	1
rs6525167	H181	2	HG03012:1;NA21093:1	X:66423003:G:A	66423003	G	A	SNV	2	1	A	1:2	A:2	0	11	0						1	1	1	1
rs6525167	H182	2	HG02783:1;NA20897:1	X:66423003:G:A	66423003	G	A	SNV	2	1	A	1:2	A:2	0	11	0						1	1	1	1
rs6525167	H183	2	HG02733:1;HG03869:1	X:66423003:G:A	66423003	G	A	SNV	2	1	A	1:2	A:2	0	11	0						1	1	1	1
rs6525167	H184	2	HG02792:1;HG03021:1	X:66423003:G:A	66423003	G	A	SNV	2	1	A	1:2	A:2	0	11	0						1	1	1	1
rs6525167	H185	2	NA06986:1;NA12342:1	X:66423003:G:A	66423003	G	A	SNV	2	1	A	1:2	A:2	0	11	0						1	1	1	1
rs6525167	H186	2	NA18966:1;NA19063:1	X:66423003:G:A	66423003	G	A	SNV	2	1	A	1:2	A:2	0	11	0						1	1	1	1
rs6525167	H187	2	HG00457:1;NA18948:1	X:66423003:G:A	66423003	G	A	SNV	2	1	A	1:2	A:2	0	11	0						1	1	1	1
rs6525167	H188	2	HG03950:1;HG04229:1	X:66423003:G:A	66423003	G	A	SNV	2	1	A	1:2	A:2	0	11	0						1	1	1	1
rs6525167	H189	2	HG03790:1;NA12045:1	X:66423003:G:A	66423003	G	A	SNV	2	1	A	1:2	A:2	0	11	0						1	1	1	1
rs6525167	H19	7	HG00252:1;HG01350:1;HG01521:1;HG01619:1;NA12829:1;NA20792:1;NA20827:1	X:66423003:G:A	66423003	G	A	SNV	7	1	A	1:7	A:7	0	11	0						1	1	1	1
rs6525167	H190	2	HG02392:1;NA19091:1	X:66423003:G:A	66423003	G	A	SNV	2	1	A	1:2	A:2	0	11	0						1	1	1	1
rs6525167	H191	2	HG02384:1;NA18639:1	X:66423003:G:A	66423003	G	A	SNV	2	1	A	1:2	A:2	0	11	0						1	1	1	1
rs6525167	H192	2	HG00707:1;HG02026:1	X:66423003:G:A	66423003	G	A	SNV	2	1	A	1:2	A:2	0	11	0						1	1	1	1
rs6525167	H193	2	HG03624:1;HG03812:1	X:66423003:G:A	66423003	G	A	SNV	2	1	A	1:2	A:2	0	11	0						1	1	1	1
rs6525167	H194	2	HG02355:1;HG02402:1	X:66423003:G:A	66423003	G	A	SNV	2	1	A	1:2	A:2	0	11	0						1	1	1	1
rs6525167	H195	2	HG02690:1;HG03846:1	X:66423003:G:A	66423003	G	A	SNV	2	1	A	1:2	A:2	0	11	0						1	1	1	1
rs6525167	H196	2	HG01625:1;HG01672:1	X:66423003:G:A	66423003	G	A	SNV	2	1	A	1:2	A:2	0	11	0						1	1	1	1
rs6525167	H197	2	HG02070:1;NA18612:1	X:66423003:G:A	66423003	G	A	SNV	2	1	A	1:2	A:2	0	11	0						1	1	1	1
rs6525167	H198	2	NA18572:1;NA18620:1	X:66423003:G:A	66423003	G	A	SNV	2	1	A	1:2	A:2	0	11	0						1	1	1	1
rs6525167	H199	2	NA18606:1;NA19067:1	X:66423003:G:A	66423003	G	A	SNV	2	1	A	1:2	A:2	0	11	0						1	1	1	1
rs6525167	H2	24	HG00436:1;HG00589:1;HG00610:1;HG00631:1;HG00671:1;HG00704:1;HG01512:1;HG02382:1;HG02394:1;HG02603:1;HG03702:1;HG03854:1;HG03917:1;HG04239:1;NA18633:1;NA18745:1;NA19009:1;NA19012:1;NA19075:1;NA19083:1;NA20298:1;NA20532:1;NA21094:1;NA21098:1	X:66423003:G:A	66423003	G	A	SNV	24	1	A	1:24	A:24	0	11	1						1	1	1	1
rs6525167	H20	7	HG01072:1;HG02493:1;HG03694:1;HG03742:1;HG03767:1;HG03844:1;NA19670:1	X:66423003:G:A	66423003	G	A	SNV	7	1	A	1:7	A:7	0	11	0						1	1	1	1
rs6525167	H200	2	HG01630:1;HG02221:1	X:66423003:G:A	66423003	G	A	SNV	2	1	A	1:2	A:2	0	11	0						1	1	1	1
rs6525167	H201	2	HG01789:1;NA20870:1	X:66423003:G:A	66423003	G	A	SNV	2	1	A	1:2	A:2	0	11	0						1	1	1	1
rs6525167	H202	2	HG03896:1;HG03920:1	X:66423003:G:A	66423003	G	A	SNV	2	1	A	1:2	A:2	0	11	0						1	1	1	1
rs6525167	H203	2	NA18952:1;NA18959:1	X:66423003:G:A	66423003	G	A	SNV	2	1	A	1:2	A:2	0	11	0						1	1	1	1
rs6525167	H204	2	HG04219:1;HG04235:1	X:66423003:G:A	66423003	G	A	SNV	2	1	A	1:2	A:2	0	11	0						1	1	1	1
rs6525167	H205	2	HG03660:1;HG04140:1	X:66423003:G:A	66423003	G	A	SNV	2	1	A	1:2	A:2	0	11	0						1	1	1	1
rs6525167	H206	2	HG03696:1;HG04039:1	X:66423003:G:A	66423003	G	A	SNV	2	1	A	1:2	A:2	0	11	0						1	1	1	1
rs6525167	H207	2	HG00105:1;HG01571:1	X:66423003:G:A	66423003	G	A	SNV	2	1	A	1:2	A:2	0	11	0						1	1	1	1
rs6525167	H208	2	HG00242:1;NA11893:1	X:66423003:G:A	66423003	G	A	SNV	2	1	A	1:2	A:2	0	11	0						1	1	1	1
rs6525167	H209	2	HG03866:1;HG03963:1	X:66423003:G:A	66423003	G	A	SNV	2	1	A	1:2	A:2	0	11	0						1	1	1	1
rs6525167	H21	7	HG01182:1;HG02461:1;HG02810:1;HG03298:1;HG03469:1;NA18910:1;NA19248:1	X:66423003:G:A	66423003	G	A	SNV	7	0	G	0:7	G:7	0	11	0						1	1	0	0
rs6525167	H210	2	HG00409:1;HG01028:1	X:66423003:G:A	66423003	G	A	SNV	2	1	A	1:2	A:2	0	11	0						1	1	1	1
rs6525167	H211	2	NA18546:1;NA18622:1	X:66423003:G:A	66423003	G	A	SNV	2	1	A	1:2	A:2	0	11	0						1	1	1	1
rs6525167	H212	2	HG02371:1;NA18977:1	X:66423003:G:A	66423003	G	A	SNV	2	1	A	1:2	A:2	0	11	0						1	1	1	1
rs6525167	H213	2	NA18749:1;NA19004:1	X:66423003:G:A	66423003	G	A	SNV	2	1	A	1:2	A:2	0	11	0						1	1	1	1
rs6525167	H214	2	NA20864:1;NA21091:1	X:66423003:G:A	66423003	G	A	SNV	2	1	A	1:2	A:2	0	11	0						1	1	1	1
rs6525167	H215	2	HG04182:1;NA21090:1	X:66423003:G:A	66423003	G	A	SNV	2	1	A	1:2	A:2	0	11	0						1	1	1	1
rs6525167	H216	2	HG03644:1;HG03800:1	X:66423003:G:A	66423003	G	A	SNV	2	1	A	1:2	A:2	0	11	0						1	1	1	1
rs6525167	H217	2	HG02061:1;NA19089:1	X:66423003:G:A	66423003	G	A	SNV	2	1	A	1:2	A:2	0	11	0						1	1	1	1
rs6525167	H218	2	HG02380:1;NA19082:1	X:66423003:G:A	66423003	G	A	SNV	2	1	A	1:2	A:2	0	11	0						1	1	1	1
rs6525167	H219	2	HG02265:1;HG03792:1	X:66423003:G:A	66423003	G	A	SNV	2	1	A	1:2	A:2	0	11	0						1	1	1	1
rs6525167	H22	7	HG02941:1;HG03078:1;HG03196:1;HG03304:1;HG03445:1;NA19319:1;NA19984:1	X:66423003:G:A	66423003	G	A	SNV	7	0	G	0:7	G:7	0	11	0						1	1	0	0
rs6525167	H220	2	NA21111:1;NA21119:1	X:66423003:G:A	66423003	G	A	SNV	2	1	A	1:2	A:2	0	11	0						1	1	1	1
rs6525167	H221	2	HG00107:1;NA12005:1	X:66423003:G:A	66423003	G	A	SNV	2	1	A	1:2	A:2	0	11	0						1	1	1	1
rs6525167	H222	2	HG03746:1;NA20845:1	X:66423003:G:A	66423003	G	A	SNV	2	1	A	1:2	A:2	0	11	0						1	1	1	1
rs6525167	H223	2	HG01101:1;HG01305:1	X:66423003:G:A	66423003	G	A	SNV	2	0	G	0:2	G:2	0	11	0						1	1	0	0
rs6525167	H224	2	HG02439:1;NA19035:1	X:66423003:G:A	66423003	G	A	SNV	2	0	G	0:2	G:2	0	11	0						1	1	0	0
rs6525167	H225	2	HG02675:1;NA19113:1	X:66423003:G:A	66423003	G	A	SNV	2	0	G	0:2	G:2	0	11	0						1	1	0	0
rs6525167	H226	2	HG01112:1;HG01437:1	X:66423003:G:A	66423003	G	A	SNV	2	0	G	0:2	G:2	0	11	0						1	1	0	0
rs6525167	H227	2	NA19307:1;NA19429:1	X:66423003:G:A	66423003	G	A	SNV	2	0	G	0:2	G:2	0	11	0						1	1	0	0
rs6525167	H228	2	NA19374:1;NA19451:1	X:66423003:G:A	66423003	G	A	SNV	2	0	G	0:2	G:2	0	11	0						1	1	0	0
rs6525167	H229	2	HG02759:1;NA18504:1	X:66423003:G:A	66423003	G	A	SNV	2	0	G	0:2	G:2	0	11	0						1	1	0	0
rs6525167	H23	7	HG01879:1;HG02442:1;HG02613:1;HG02634:1;HG03039:1;HG03199:1;NA18856:1	X:66423003:G:A	66423003	G	A	SNV	7	0	G	0:7	G:7	0	11	0						1	1	0	0
rs6525167	H230	2	HG02944:1;NA18486:1	X:66423003:G:A	66423003	G	A	SNV	2	0	G	0:2	G:2	0	11	0						1	1	0	0
rs6525167	H231	2	NA19028:1;NA19346:1	X:66423003:G:A	66423003	G	A	SNV	2	0	G	0:2	G:2	0	11	0						1	1	0	0
rs6525167	H232	2	HG03999:1;HG04056:1	X:66423003:G:A	66423003	G	A	SNV	2	0	G	0:2	G:2	0	11	0						1	1	0	0
rs6525167	H233	2	HG02464:1;HG02666:1	X:66423003:G:A	66423003	G	A	SNV	2	0	G	0:2	G:2	0	11	0						1	1	0	0
rs6525167	H234	2	NA19236:1;NA19375:1	X:66423003:G:A	66423003	G	A	SNV	2	0	G	0:2	G:2	0	11	0						1	1	0	0
rs6525167	H235	2	HG02307:1;HG03063:1	X:66423003:G:A	66423003	G	A	SNV	2	0	G	0:2	G:2	0	11	0						1	1	0	0
rs6525167	H236	2	HG03571:1;NA19454:1	X:66423003:G:A	66423003	G	A	SNV	2	0	G	0:2	G:2	0	11	0						1	1	0	0
rs6525167	H237	2	NA18522:1;NA19026:1	X:66423003:G:A	66423003	G	A	SNV	2	0	G	0:2	G:2	0	11	0						1	1	0	0
rs6525167	H238	2	HG02332:1;NA19308:1	X:66423003:G:A	66423003	G	A	SNV	2	0	G	0:2	G:2	0	11	0						1	1	0	0
rs6525167	H239	2	HG02323:1;HG03436:1	X:66423003:G:A	66423003	G	A	SNV	2	0	G	0:2	G:2	0	11	0						1	1	0	0
rs6525167	H24	6	HG00113:1;HG00360:1;HG01682:1;HG02774:1;HG03693:1;NA12760:1	X:66423003:G:A	66423003	G	A	SNV	6	1	A	1:6	A:6	0	11	0						1	1	1	1
rs6525167	H240	2	HG02484:1;HG02715:1	X:66423003:G:A	66423003	G	A	SNV	2	0	G	0:2	G:2	0	11	0						1	1	0	0
rs6525167	H241	2	HG00112:1;HG00119:1	X:66423003:G:A	66423003	G	A	SNV	2	0	G	0:2	G:2	0	11	0						1	1	0	0
rs6525167	H242	2	HG00160:1;HG00183:1	X:66423003:G:A	66423003	G	A	SNV	2	0	G	0:2	G:2	0	11	0						1	1	0	0
rs6525167	H243	2	HG01107:1;NA19908:1	X:66423003:G:A	66423003	G	A	SNV	2	0	G	0:2	G:2	0	11	0						1	1	0	0
rs6525167	H244	2	NA19385:1;NA19430:1	X:66423003:G:A	66423003	G	A	SNV	2	0	G	0:2	G:2	0	11	0						1	1	0	0
rs6525167	H245	2	HG03172:1;HG03224:1	X:66423003:G:A	66423003	G	A	SNV	2	0	G	0:2	G:2	0	11	0						1	1	0	0
rs6525167	H246	2	HG02588:1;HG02982:1	X:66423003:G:A	66423003	G	A	SNV	2	0	G	0:2	G:2	0	11	0						1	1	0	0
rs6525167	H247	2	HG03367:1;HG03370:1	X:66423003:G:A	66423003	G	A	SNV	2	0	G	0:2	G:2	0	11	0						1	1	0	0
rs6525167	H248	2	HG02582:1;HG03246:1	X:66423003:G:A	66423003	G	A	SNV	2	0	G	0:2	G:2	0	11	0						1	1	0	0
rs6525167	H249	2	HG00187:1;HG00311:1	X:66423003:G:A	66423003	G	A	SNV	2	0	G	0:2	G:2	0	11	0						1	1	0	0
rs6525167	H25	6	HG00190:1;HG00244:1;HG02233:1;HG02236:1;HG03976:1;NA21107:1	X:66423003:G:A	66423003	G	A	SNV	6	1	A	1:6	A:6	0	11	0						1	1	1	1
rs6525167	H250	2	HG00157:1;HG01130:1	X:66423003:G:A	66423003	G	A	SNV	2	0	G	0:2	G:2	0	11	0						1	1	0	0
rs6525167	H251	2	HG03547:1;HG03565:1	X:66423003:G:A	66423003	G	A	SNV	2	0	G	0:2	G:2	0	11	0						1	1	0	0
rs6525167	H252	2	HG02684:1;HG04222:1	X:66423003:G:A	66423003	G	A	SNV	2	0	G	0:2	G:2	0	11	0						1	1	0	0
rs6525167	H253	2	NA19703:1;NA20291:1	X:66423003:G:A	66423003	G	A	SNV	2	0	G	0:2	G:2	0	11	0						1	1	0	0
rs6525167	H254	2	HG03112:1;NA19312:1	X:66423003:G:A	66423003	G	A	SNV	2	0	G	0:2	G:2	0	11	0						1	1	0	0
rs6525167	H255	2	HG01885:1;HG02702:1	X:66423003:G:A	66423003	G	A	SNV	2	0	G	0:2	G:2	0	11	0						1	1	0	0
rs6525167	H256	2	HG03109:1;NA19372:1	X:66423003:G:A	66423003	G	A	SNV	2	0	G	0:2	G:2	0	11	0						1	1	0	0
rs6525167	H257	2	HG02541:1;NA18501:1	X:66423003:G:A	66423003	G	A	SNV	2	0	G	0:2	G:2	0	11	0						1	1	0	0
rs6525167	H258	1	NA18871:1	X:66423003:G:A	66423003	G	A	SNV	1	1	A	1:1	A:1	0	11	0						1	1	1	1
rs6525167	H259	1	NA20513:1	X:66423003:G:A	66423003	G	A	SNV	1	1	A	1:1	A:1	0	11	0						1	1	1	1
rs6525167	H26	6	HG00114:1;HG00321:1;HG01110:1;HG01187:1;HG01756:1;NA20901:1	X:66423003:G:A	66423003	G	A	SNV	6	1	A	1:6	A:6	0	11	0						1	1	1	1
rs6525167	H260	1	HG01603:1	X:66423003:G:A	66423003	G	A	SNV	1	1	A	1:1	A:1	0	11	0						1	1	1	1
rs6525167	H261	1	HG00142:1	X:66423003:G:A	66423003	G	A	SNV	1	1	A	1:1	A:1	0	11	0						1	1	1	1
rs6525167	H262	1	HG04006:1	X:66423003:G:A	66423003	G	A	SNV	1	1	A	1:1	A:1	0	11	0						1	1	1	1
rs6525167	H263	1	HG03785:1	X:66423003:G:A	66423003	G	A	SNV	1	1	A	1:1	A:1	0	11	0						1	1	1	1
rs6525167	H264	1	HG02657:1	X:66423003:G:A	66423003	G	A	SNV	1	1	A	1:1	A:1	0	11	0						1	1	1	1
rs6525167	H265	1	HG00674:1	X:66423003:G:A	66423003	G	A	SNV	1	1	A	1:1	A:1	0	11	0						1	1	1	1
rs6525167	H266	1	NA18971:1	X:66423003:G:A	66423003	G	A	SNV	1	1	A	1:1	A:1	0	11	0						1	1	1	1
rs6525167	H267	1	HG01413:1	X:66423003:G:A	66423003	G	A	SNV	1	1	A	1:1	A:1	0	11	0						1	1	1	1
rs6525167	H268	1	HG01606:1	X:66423003:G:A	66423003	G	A	SNV	1	1	A	1:1	A:1	0	11	0						1	1	1	1
rs6525167	H269	1	HG03773:1	X:66423003:G:A	66423003	G	A	SNV	1	1	A	1:1	A:1	0	11	0						1	1	1	1
rs6525167	H27	6	HG00345:1;HG01047:1;HG01060:1;HG01500:1;NA19679:1;NA20798:1	X:66423003:G:A	66423003	G	A	SNV	6	1	A	1:6	A:6	0	11	0						1	1	1	1
rs6525167	H270	1	HG01506:1	X:66423003:G:A	66423003	G	A	SNV	1	1	A	1:1	A:1	0	11	0						1	1	1	1
rs6525167	H271	1	HG01709:1	X:66423003:G:A	66423003	G	A	SNV	1	1	A	1:1	A:1	0	11	0						1	1	1	1
rs6525167	H272	1	NA19786:1	X:66423003:G:A	66423003	G	A	SNV	1	1	A	1:1	A:1	0	11	0						1	1	1	1
rs6525167	H273	1	HG01686:1	X:66423003:G:A	66423003	G	A	SNV	1	1	A	1:1	A:1	0	11	0						1	1	1	1
rs6525167	H274	1	NA20510:1	X:66423003:G:A	66423003	G	A	SNV	1	1	A	1:1	A:1	0	11	0						1	1	1	1
rs6525167	H275	1	HG00151:1	X:66423003:G:A	66423003	G	A	SNV	1	1	A	1:1	A:1	0	11	0						1	1	1	1
rs6525167	H276	1	HG00329:1	X:66423003:G:A	66423003	G	A	SNV	1	1	A	1:1	A:1	0	11	0						1	1	1	1
rs6525167	H277	1	HG01783:1	X:66423003:G:A	66423003	G	A	SNV	1	1	A	1:1	A:1	0	11	0						1	1	1	1
rs6525167	H278	1	HG02696:1	X:66423003:G:A	66423003	G	A	SNV	1	1	A	1:1	A:1	0	11	0						1	1	1	1
rs6525167	H279	1	NA21116:1	X:66423003:G:A	66423003	G	A	SNV	1	1	A	1:1	A:1	0	11	0						1	1	1	1
rs6525167	H28	6	HG01136:1;HG01926:1;HG01944:1;HG01953:1;HG01961:1;NA19720:1	X:66423003:G:A	66423003	G	A	SNV	6	1	A	1:6	A:6	0	11	0						1	1	1	1
rs6525167	H280	1	NA20518:1	X:66423003:G:A	66423003	G	A	SNV	1	1	A	1:1	A:1	0	11	0						1	1	1	1
rs6525167	H281	1	NA20516:1	X:66423003:G:A	66423003	G	A	SNV	1	1	A	1:1	A:1	0	11	0						1	1	1	1
rs6525167	H282	1	HG04210:1	X:66423003:G:A	66423003	G	A	SNV	1	1	A	1:1	A:1	0	11	0						1	1	1	1
rs6525167	H283	1	HG01586:1	X:66423003:G:A	66423003	G	A	SNV	1	1	A	1:1	A:1	0	11	0						1	1	1	1
rs6525167	H284	1	HG04198:1	X:66423003:G:A	66423003	G	A	SNV	1	1	A	1:1	A:1	0	11	0						1	1	1	1
rs6525167	H285	1	NA21114:1	X:66423003:G:A	66423003	G	A	SNV	1	1	A	1:1	A:1	0	11	0						1	1	1	1
rs6525167	H286	1	HG04017:1	X:66423003:G:A	66423003	G	A	SNV	1	1	A	1:1	A:1	0	11	0						1	1	1	1
rs6525167	H287	1	NA21123:1	X:66423003:G:A	66423003	G	A	SNV	1	1	A	1:1	A:1	0	11	0						1	1	1	1
rs6525167	H288	1	NA21117:1	X:66423003:G:A	66423003	G	A	SNV	1	1	A	1:1	A:1	0	11	0						1	1	1	1
rs6525167	H289	1	NA21112:1	X:66423003:G:A	66423003	G	A	SNV	1	1	A	1:1	A:1	0	11	0						1	1	1	1
rs6525167	H29	6	HG01054:1;HG01063:1;HG02008:1;HG02090:1;HG02304:1;NA20281:1	X:66423003:G:A	66423003	G	A	SNV	6	1	A	1:6	A:6	0	11	0						1	1	1	1
rs6525167	H290	1	NA21129:1	X:66423003:G:A	66423003	G	A	SNV	1	1	A	1:1	A:1	0	11	0						1	1	1	1
rs6525167	H291	1	HG04100:1	X:66423003:G:A	66423003	G	A	SNV	1	1	A	1:1	A:1	0	11	0						1	1	1	1
rs6525167	H292	1	NA21105:1	X:66423003:G:A	66423003	G	A	SNV	1	1	A	1:1	A:1	0	11	0						1	1	1	1
rs6525167	H293	1	HG02353:1	X:66423003:G:A	66423003	G	A	SNV	1	1	A	1:1	A:1	0	11	0						1	1	1	1
rs6525167	H294	1	HG02373:1	X:66423003:G:A	66423003	G	A	SNV	1	1	A	1:1	A:1	0	11	0						1	1	1	1
rs6525167	H295	1	HG03649:1	X:66423003:G:A	66423003	G	A	SNV	1	1	A	1:1	A:1	0	11	0						1	1	1	1
rs6525167	H296	1	HG03603:1	X:66423003:G:A	66423003	G	A	SNV	1	1	A	1:1	A:1	0	11	0						1	1	1	1
rs6525167	H297	1	NA21095:1	X:66423003:G:A	66423003	G	A	SNV	1	1	A	1:1	A:1	0	11	0						1	1	1	1
rs6525167	H298	1	HG03594:1	X:66423003:G:A	66423003	G	A	SNV	1	1	A	1:1	A:1	0	11	0						1	1	1	1
rs6525167	H299	1	HG02687:1	X:66423003:G:A	66423003	G	A	SNV	1	1	A	1:1	A:1	0	11	0						1	1	1	1
rs6525167	H3	20	HG01051:1;HG01302:1;HG01431:1;HG01556:1;HG02343:1;HG02496:1;HG02573:1;HG02768:1;HG02923:1;HG02973:1;HG03100:1;HG03124:1;HG03175:1;HG03391:1;NA19031:1;NA19098:1;NA19119:1;NA19184:1;NA19210:1;NA19982:1	X:66423003:G:A	66423003	G	A	SNV	20	0	G	0:20	G:20	0	11	1						1	1	0	0
rs6525167	H30	6	HG00265:1;HG01334:1;HG02224:1;HG02231:1;NA20515:1;NA20520:1	X:66423003:G:A	66423003	G	A	SNV	6	0	G	0:6	G:6	0	11	0						1	1	0	0
rs6525167	H300	1	HG03905:1	X:66423003:G:A	66423003	G	A	SNV	1	1	A	1:1	A:1	0	11	0						1	1	1	1
rs6525167	H301	1	HG01861:1	X:66423003:G:A	66423003	G	A	SNV	1	1	A	1:1	A:1	0	11	0						1	1	1	1
rs6525167	H302	1	HG02020:1	X:66423003:G:A	66423003	G	A	SNV	1	1	A	1:1	A:1	0	11	0						1	1	1	1
rs6525167	H303	1	NA18561:1	X:66423003:G:A	66423003	G	A	SNV	1	1	A	1:1	A:1	0	11	0						1	1	1	1
rs6525167	H304	1	NA19007:1	X:66423003:G:A	66423003	G	A	SNV	1	1	A	1:1	A:1	0	11	0						1	1	1	1
rs6525167	H305	1	HG02727:1	X:66423003:G:A	66423003	G	A	SNV	1	1	A	1:1	A:1	0	11	0						1	1	1	1
rs6525167	H306	1	HG00607:1	X:66423003:G:A	66423003	G	A	SNV	1	1	A	1:1	A:1	0	11	0						1	1	1	1
rs6525167	H307	1	HG02391:1	X:66423003:G:A	66423003	G	A	SNV	1	1	A	1:1	A:1	0	11	0						1	1	1	1
rs6525167	H308	1	HG02002:1	X:66423003:G:A	66423003	G	A	SNV	1	1	A	1:1	A:1	0	11	0						1	1	1	1
rs6525167	H309	1	HG02271:1	X:66423003:G:A	66423003	G	A	SNV	1	1	A	1:1	A:1	0	11	0						1	1	1	1
rs6525167	H31	6	HG02570:1;HG02819:1;HG02977:1;NA19317:1;NA19318:1;NA19455:1	X:66423003:G:A	66423003	G	A	SNV	6	0	G	0:6	G:6	0	11	0						1	1	0	0
rs6525167	H310	1	NA20588:1	X:66423003:G:A	66423003	G	A	SNV	1	1	A	1:1	A:1	0	11	0						1	1	1	1
rs6525167	H311	1	HG00336:1	X:66423003:G:A	66423003	G	A	SNV	1	1	A	1:1	A:1	0	11	0						1	1	1	1
rs6525167	H312	1	NA12716:1	X:66423003:G:A	66423003	G	A	SNV	1	1	A	1:1	A:1	0	11	0						1	1	1	1
rs6525167	H313	1	HG01536:1	X:66423003:G:A	66423003	G	A	SNV	1	1	A	1:1	A:1	0	11	0						1	1	1	1
rs6525167	H314	1	HG01250:1	X:66423003:G:A	66423003	G	A	SNV	1	1	A	1:1	A:1	0	11	0						1	1	1	1
rs6525167	H315	1	HG01253:1	X:66423003:G:A	66423003	G	A	SNV	1	1	A	1:1	A:1	0	11	0						1	1	1	1
rs6525167	H316	1	HG04096:1	X:66423003:G:A	66423003	G	A	SNV	1	1	A	1:1	A:1	0	11	0						1	1	1	1
rs6525167	H317	1	HG03786:1	X:66423003:G:A	66423003	G	A	SNV	1	1	A	1:1	A:1	0	11	0						1	1	1	1
rs6525167	H318	1	HG03015:1	X:66423003:G:A	66423003	G	A	SNV	1	1	A	1:1	A:1	0	11	0						1	1	1	1
rs6525167	H319	1	HG03856:1	X:66423003:G:A	66423003	G	A	SNV	1	1	A	1:1	A:1	0	11	0						1	1	1	1
rs6525167	H32	6	HG00096:1;HG00181:1;HG01617:1;HG01765:1;NA11992:1;NA12814:1	X:66423003:G:A	66423003	G	A	SNV	6	0	G	0:6	G:6	0	11	0						1	1	0	0
rs6525167	H320	1	HG00372:1	X:66423003:G:A	66423003	G	A	SNV	1	1	A	1:1	A:1	0	11	0						1	1	1	1
rs6525167	H321	1	NA20525:1	X:66423003:G:A	66423003	G	A	SNV	1	1	A	1:1	A:1	0	11	0						1	1	1	1
rs6525167	H322	1	NA20762:1	X:66423003:G:A	66423003	G	A	SNV	1	1	A	1:1	A:1	0	11	0						1	1	1	1
rs6525167	H323	1	HG04022:1	X:66423003:G:A	66423003	G	A	SNV	1	1	A	1:1	A:1	0	11	0						1	1	1	1
rs6525167	H324	1	HG03720:1	X:66423003:G:A	66423003	G	A	SNV	1	1	A	1:1	A:1	0	11	0						1	1	1	1
rs6525167	H325	1	HG00141:1	X:66423003:G:A	66423003	G	A	SNV	1	1	A	1:1	A:1	0	11	0						1	1	1	1
rs6525167	H326	1	NA20539:1	X:66423003:G:A	66423003	G	A	SNV	1	1	A	1:1	A:1	0	11	0						1	1	1	1
rs6525167	H327	1	HG00159:1	X:66423003:G:A	66423003	G	A	SNV	1	1	A	1:1	A:1	0	11	0						1	1	1	1
rs6525167	H328	1	HG01852:1	X:66423003:G:A	66423003	G	A	SNV	1	1	A	1:1	A:1	0	11	0						1	1	1	1
rs6525167	H329	1	HG02410:1	X:66423003:G:A	66423003	G	A	SNV	1	1	A	1:1	A:1	0	11	0						1	1	1	1
rs6525167	H33	6	HG02334:1;HG02561:1;HG02836:1;HG03268:1;HG03343:1;HG03397:1	X:66423003:G:A	66423003	G	A	SNV	6	0	G	0:6	G:6	0	11	0						1	1	0	0
rs6525167	H330	1	NA18534:1	X:66423003:G:A	66423003	G	A	SNV	1	1	A	1:1	A:1	0	11	0						1	1	1	1
rs6525167	H331	1	HG02050:1	X:66423003:G:A	66423003	G	A	SNV	1	1	A	1:1	A:1	0	11	0						1	1	1	1
rs6525167	H332	1	NA18543:1	X:66423003:G:A	66423003	G	A	SNV	1	1	A	1:1	A:1	0	11	0						1	1	1	1
rs6525167	H333	1	NA18945:1	X:66423003:G:A	66423003	G	A	SNV	1	1	A	1:1	A:1	0	11	0						1	1	1	1
rs6525167	H334	1	HG01846:1	X:66423003:G:A	66423003	G	A	SNV	1	1	A	1:1	A:1	0	11	0						1	1	1	1
rs6525167	H335	1	HG02375:1	X:66423003:G:A	66423003	G	A	SNV	1	1	A	1:1	A:1	0	11	0						1	1	1	1
rs6525167	H336	1	HG00583:1	X:66423003:G:A	66423003	G	A	SNV	1	1	A	1:1	A:1	0	11	0						1	1	1	1
rs6525167	H337	1	HG03686:1	X:66423003:G:A	66423003	G	A	SNV	1	1	A	1:1	A:1	0	11	0						1	1	1	1
rs6525167	H338	1	HG04155:1	X:66423003:G:A	66423003	G	A	SNV	1	1	A	1:1	A:1	0	11	0						1	1	1	1
rs6525167	H339	1	HG00189:1	X:66423003:G:A	66423003	G	A	SNV	1	1	A	1:1	A:1	0	11	0						1	1	1	1
rs6525167	H34	6	HG00310:1;HG01699:1;HG02386:1;HG02501:1;NA20534:1;NA20806:1	X:66423003:G:A	66423003	G	A	SNV	6	0	G	0:6	G:6	0	11	0						1	1	0	0
rs6525167	H340	1	HG01700:1	X:66423003:G:A	66423003	G	A	SNV	1	1	A	1:1	A:1	0	11	0						1	1	1	1
rs6525167	H341	1	HG00103:1	X:66423003:G:A	66423003	G	A	SNV	1	1	A	1:1	A:1	0	11	0						1	1	1	1
rs6525167	H342	1	NA11932:1	X:66423003:G:A	66423003	G	A	SNV	1	1	A	1:1	A:1	0	11	0						1	1	1	1
rs6525167	H343	1	HG00140:1	X:66423003:G:A	66423003	G	A	SNV	1	1	A	1:1	A:1	0	11	0						1	1	1	1
rs6525167	H344	1	HG02219:1	X:66423003:G:A	66423003	G	A	SNV	1	1	A	1:1	A:1	0	11	0						1	1	1	1
rs6525167	H345	1	NA12842:1	X:66423003:G:A	66423003	G	A	SNV	1	1	A	1:1	A:1	0	11	0						1	1	1	1
rs6525167	H346	1	HG00742:1	X:66423003:G:A	66423003	G	A	SNV	1	1	A	1:1	A:1	0	11	0						1	1	1	1
rs6525167	H347	1	HG00155:1	X:66423003:G:A	66423003	G	A	SNV	1	1	A	1:1	A:1	0	11	0						1	1	1	1
rs6525167	H348	1	HG01280:1	X:66423003:G:A	66423003	G	A	SNV	1	1	A	1:1	A:1	0	11	0						1	1	1	1
rs6525167	H349	1	HG04033:1	X:66423003:G:A	66423003	G	A	SNV	1	1	A	1:1	A:1	0	11	0						1	1	1	1
rs6525167	H35	5	HG00559:1;HG02032:1;HG02398:1;NA18643:1;NA19060:1	X:66423003:G:A	66423003	G	A	SNV	5	1	A	1:5	A:5	0	11	0						1	1	1	1
rs6525167	H350	1	HG00592:1	X:66423003:G:A	66423003	G	A	SNV	1	1	A	1:1	A:1	0	11	0						1	1	1	1
rs6525167	H351	1	NA18603:1	X:66423003:G:A	66423003	G	A	SNV	1	1	A	1:1	A:1	0	11	0						1	1	1	1
rs6525167	H352	1	NA21128:1	X:66423003:G:A	66423003	G	A	SNV	1	1	A	1:1	A:1	0	11	0						1	1	1	1
rs6525167	H353	1	NA20509:1	X:66423003:G:A	66423003	G	A	SNV	1	1	A	1:1	A:1	0	11	0						1	1	1	1
rs6525167	H354	1	HG02131:1	X:66423003:G:A	66423003	G	A	SNV	1	1	A	1:1	A:1	0	11	0						1	1	1	1
rs6525167	H355	1	HG00148:1	X:66423003:G:A	66423003	G	A	SNV	1	1	A	1:1	A:1	0	11	0						1	1	1	1
rs6525167	H356	1	HG01678:1	X:66423003:G:A	66423003	G	A	SNV	1	1	A	1:1	A:1	0	11	0						1	1	1	1
rs6525167	H357	1	HG02724:1	X:66423003:G:A	66423003	G	A	SNV	1	1	A	1:1	A:1	0	11	0						1	1	1	1
rs6525167	H358	1	NA20348:1	X:66423003:G:A	66423003	G	A	SNV	1	1	A	1:1	A:1	0	11	0						1	1	1	1
rs6525167	H359	1	HG01550:1	X:66423003:G:A	66423003	G	A	SNV	1	1	A	1:1	A:1	0	11	0						1	1	1	1
rs6525167	H36	5	HG00442:1;HG01864:1;HG01873:1;HG02088:1;NA18944:1	X:66423003:G:A	66423003	G	A	SNV	5	1	A	1:5	A:5	0	11	0						1	1	1	1
rs6525167	H360	1	HG00542:1	X:66423003:G:A	66423003	G	A	SNV	1	1	A	1:1	A:1	0	11	0						1	1	1	1
rs6525167	H361	1	NA18985:1	X:66423003:G:A	66423003	G	A	SNV	1	1	A	1:1	A:1	0	11	0						1	1	1	1
rs6525167	H362	1	NA19661:1	X:66423003:G:A	66423003	G	A	SNV	1	0	G	0:1	G:1	0	11	0						1	1	0	0
rs6525167	H363	1	NA21118:1	X:66423003:G:A	66423003	G	A	SNV	1	1	A	1:1	A:1	0	11	0						1	1	1	1
rs6525167	H364	1	HG00358:1	X:66423003:G:A	66423003	G	A	SNV	1	1	A	1:1	A:1	0	11	0						1	1	1	1
rs6525167	H365	1	HG03788:1	X:66423003:G:A	66423003	G	A	SNV	1	1	A	1:1	A:1	0	11	0						1	1	1	1
rs6525167	H366	1	NA20581:1	X:66423003:G:A	66423003	G	A	SNV	1	1	A	1:1	A:1	0	11	0						1	1	1	1
rs6525167	H367	1	NA20752:1	X:66423003:G:A	66423003	G	A	SNV	1	1	A	1:1	A:1	0	11	0						1	1	1	1
rs6525167	H368	1	HG01365:1	X:66423003:G:A	66423003	G	A	SNV	1	1	A	1:1	A:1	0	11	0						1	1	1	1
rs6525167	H369	1	HG01680:1	X:66423003:G:A	66423003	G	A	SNV	1	1	A	1:1	A:1	0	11	0						1	1	1	1
rs6525167	H37	5	HG00188:1;HG00351:1;HG01308:1;HG01377:1;NA20815:1	X:66423003:G:A	66423003	G	A	SNV	5	1	A	1:5	A:5	0	11	0						1	1	1	1
rs6525167	H370	1	NA19006:1	X:66423003:G:A	66423003	G	A	SNV	1	1	A	1:1	A:1	0	11	0						1	1	1	1
rs6525167	H371	1	NA19088:1	X:66423003:G:A	66423003	G	A	SNV	1	1	A	1:1	A:1	0	11	0						1	1	1	1
rs6525167	H372	1	HG00366:1	X:66423003:G:A	66423003	G	A	SNV	1	1	A	1:1	A:1	0	11	0						1	1	1	1
rs6525167	H373	1	NA21109:1	X:66423003:G:A	66423003	G	A	SNV	1	1	A	1:1	A:1	0	11	0						1	1	1	1
rs6525167	H374	1	NA19085:1	X:66423003:G:A	66423003	G	A	SNV	1	1	A	1:1	A:1	0	11	0						1	1	1	1
rs6525167	H375	1	HG00117:1	X:66423003:G:A	66423003	G	A	SNV	1	1	A	1:1	A:1	0	11	0						1	1	1	1
rs6525167	H376	1	NA20767:1	X:66423003:G:A	66423003	G	A	SNV	1	1	A	1:1	A:1	0	11	0						1	1	1	1
rs6525167	H377	1	NA12399:1	X:66423003:G:A	66423003	G	A	SNV	1	1	A	1:1	A:1	0	11	0						1	1	1	1
rs6525167	H378	1	HG02253:1	X:66423003:G:A	66423003	G	A	SNV	1	1	A	1:1	A:1	0	11	0						1	1	1	1
rs6525167	H379	1	NA19774:1	X:66423003:G:A	66423003	G	A	SNV	1	1	A	1:1	A:1	0	11	0						1	1	1	1
rs6525167	H38	5	HG01247:1;NA12775:1;NA19649:1;NA20536:1;NA20785:1	X:66423003:G:A	66423003	G	A	SNV	5	1	A	1:5	A:5	0	11	0						1	1	1	1
rs6525167	H380	1	HG00308:1	X:66423003:G:A	66423003	G	A	SNV	1	1	A	1:1	A:1	0	11	0						1	1	1	1
rs6525167	H381	1	NA20765:1	X:66423003:G:A	66423003	G	A	SNV	1	1	A	1:1	A:1	0	11	0						1	1	1	1
rs6525167	H382	1	HG01669:1	X:66423003:G:A	66423003	G	A	SNV	1	1	A	1:1	A:1	0	11	0						1	1	1	1
rs6525167	H383	1	NA20528:1	X:66423003:G:A	66423003	G	A	SNV	1	1	A	1:1	A:1	0	11	0						1	1	1	1
rs6525167	H384	1	HG00277:1	X:66423003:G:A	66423003	G	A	SNV	1	1	A	1:1	A:1	0	11	0						1	1	1	1
rs6525167	H385	1	HG01530:1	X:66423003:G:A	66423003	G	A	SNV	1	1	A	1:1	A:1	0	11	0						1	1	1	1
rs6525167	H386	1	HG03911:1	X:66423003:G:A	66423003	G	A	SNV	1	1	A	1:1	A:1	0	11	0						1	1	1	1
rs6525167	H387	1	NA18536:1	X:66423003:G:A	66423003	G	A	SNV	1	1	A	1:1	A:1	0	11	0						1	1	1	1
rs6525167	H388	1	HG02364:1	X:66423003:G:A	66423003	G	A	SNV	1	1	A	1:1	A:1	0	11	0						1	1	1	1
rs6525167	H389	1	HG02035:1	X:66423003:G:A	66423003	G	A	SNV	1	1	A	1:1	A:1	0	11	0						1	1	1	1
rs6525167	H39	5	HG02780:1;HG03006:1;HG03779:1;HG03941:1;HG04152:1	X:66423003:G:A	66423003	G	A	SNV	5	1	A	1:5	A:5	0	11	0						1	1	1	1
rs6525167	H390	1	HG02067:1	X:66423003:G:A	66423003	G	A	SNV	1	1	A	1:1	A:1	0	11	0						1	1	1	1
rs6525167	H391	1	HG02277:1	X:66423003:G:A	66423003	G	A	SNV	1	1	A	1:1	A:1	0	11	0						1	1	1	1
rs6525167	H392	1	HG01066:1	X:66423003:G:A	66423003	G	A	SNV	1	1	A	1:1	A:1	0	11	0						1	1	1	1
rs6525167	H393	1	HG02076:1	X:66423003:G:A	66423003	G	A	SNV	1	1	A	1:1	A:1	0	11	0						1	1	1	1
rs6525167	H394	1	HG00556:1	X:66423003:G:A	66423003	G	A	SNV	1	1	A	1:1	A:1	0	11	0						1	1	1	1
rs6525167	H395	1	HG04002:1	X:66423003:G:A	66423003	G	A	SNV	1	1	A	1:1	A:1	0	11	0						1	1	1	1
rs6525167	H396	1	HG03985:1	X:66423003:G:A	66423003	G	A	SNV	1	1	A	1:1	A:1	0	11	0						1	1	1	1
rs6525167	H397	1	HG03978:1	X:66423003:G:A	66423003	G	A	SNV	1	1	A	1:1	A:1	0	11	0						1	1	1	1
rs6525167	H398	1	HG03960:1	X:66423003:G:A	66423003	G	A	SNV	1	1	A	1:1	A:1	0	11	0						1	1	1	1
rs6525167	H399	1	HG01565:1	X:66423003:G:A	66423003	G	A	SNV	1	1	A	1:1	A:1	0	11	0						1	1	1	1
rs6525167	H4	14	HG00445:1;HG00478:1;HG00580:1;HG00622:1;HG00692:1;HG01811:1;HG02122:1;HG02367:1;HG04107:1;NA18563:1;NA18629:1;NA18984:1;NA19027:1;NA21099:1	X:66423003:G:A	66423003	G	A	SNV	14	1	A	1:14	A:14	0	11	1						1	1	1	1
rs6525167	H40	5	HG03967:1;HG03974:1;HG04194:1;NA20866:1;NA21130:1	X:66423003:G:A	66423003	G	A	SNV	5	1	A	1:5	A:5	0	11	0						1	1	1	1
rs6525167	H400	1	HG01256:1	X:66423003:G:A	66423003	G	A	SNV	1	1	A	1:1	A:1	0	11	0						1	1	1	1
rs6525167	H401	1	HG01577:1	X:66423003:G:A	66423003	G	A	SNV	1	1	A	1:1	A:1	0	11	0						1	1	1	1
rs6525167	H402	1	HG01173:1	X:66423003:G:A	66423003	G	A	SNV	1	1	A	1:1	A:1	0	11	0						1	1	1	1
rs6525167	H403	1	HG00598:1	X:66423003:G:A	66423003	G	A	SNV	1	1	A	1:1	A:1	0	11	0						1	1	1	1
rs6525167	H404	1	NA18961:1	X:66423003:G:A	66423003	G	A	SNV	1	1	A	1:1	A:1	0	11	0						1	1	1	1
rs6525167	H405	1	NA18990:1	X:66423003:G:A	66423003	G	A	SNV	1	1	A	1:1	A:1	0	11	0						1	1	1	1
rs6525167	H406	1	HG03646:1	X:66423003:G:A	66423003	G	A	SNV	1	1	A	1:1	A:1	0	11	0						1	1	1	1
rs6525167	H407	1	NA18637:1	X:66423003:G:A	66423003	G	A	SNV	1	1	A	1:1	A:1	0	11	0						1	1	1	1
rs6525167	H408	1	HG03991:1	X:66423003:G:A	66423003	G	A	SNV	1	1	A	1:1	A:1	0	11	0						1	1	1	1
rs6525167	H409	1	HG02351:1	X:66423003:G:A	66423003	G	A	SNV	1	1	A	1:1	A:1	0	11	0						1	1	1	1
rs6525167	H41	5	HG02699:1;HG03708:1;HG03867:1;NA20787:1;NA20890:1	X:66423003:G:A	66423003	G	A	SNV	5	1	A	1:5	A:5	0	11	0						1	1	1	1
rs6525167	H410	1	HG02407:1	X:66423003:G:A	66423003	G	A	SNV	1	1	A	1:1	A:1	0	11	0						1	1	1	1
rs6525167	H411	1	HG01771:1	X:66423003:G:A	66423003	G	A	SNV	1	1	A	1:1	A:1	0	11	0						1	1	1	1
rs6525167	H412	1	NA18953:1	X:66423003:G:A	66423003	G	A	SNV	1	1	A	1:1	A:1	0	11	0						1	1	1	1
rs6525167	H413	1	HG00565:1	X:66423003:G:A	66423003	G	A	SNV	1	1	A	1:1	A:1	0	11	0						1	1	1	1
rs6525167	H414	1	NA18559:1	X:66423003:G:A	66423003	G	A	SNV	1	1	A	1:1	A:1	0	11	0						1	1	1	1
rs6525167	H415	1	HG02401:1	X:66423003:G:A	66423003	G	A	SNV	1	1	A	1:1	A:1	0	11	0						1	1	1	1
rs6525167	H416	1	HG00698:1	X:66423003:G:A	66423003	G	A	SNV	1	1	A	1:1	A:1	0	11	0						1	1	1	1
rs6525167	H417	1	HG01031:1	X:66423003:G:A	66423003	G	A	SNV	1	1	A	1:1	A:1	0	11	0						1	1	1	1
rs6525167	H418	1	NA18983:1	X:66423003:G:A	66423003	G	A	SNV	1	1	A	1:1	A:1	0	11	0						1	1	1	1
rs6525167	H419	1	NA18986:1	X:66423003:G:A	66423003	G	A	SNV	1	1	A	1:1	A:1	0	11	0						1	1	1	1
rs6525167	H42	5	HG03600:1;HG03775:1;HG03902:1;HG04003:1;HG04164:1	X:66423003:G:A	66423003	G	A	SNV	5	1	A	1:5	A:5	0	11	0						1	1	1	1
rs6525167	H420	1	NA20814:1	X:66423003:G:A	66423003	G	A	SNV	1	1	A	1:1	A:1	0	11	0						1	1	1	1
rs6525167	H421	1	NA12272:1	X:66423003:G:A	66423003	G	A	SNV	1	1	A	1:1	A:1	0	11	0						1	1	1	1
rs6525167	H422	1	NA11994:1	X:66423003:G:A	66423003	G	A	SNV	1	1	A	1:1	A:1	0	11	0						1	1	1	1
rs6525167	H423	1	HG01624:1	X:66423003:G:A	66423003	G	A	SNV	1	1	A	1:1	A:1	0	11	0						1	1	1	1
rs6525167	H424	1	HG03914:1	X:66423003:G:A	66423003	G	A	SNV	1	1	A	1:1	A:1	0	11	0						1	1	1	1
rs6525167	H425	1	NA20796:1	X:66423003:G:A	66423003	G	A	SNV	1	1	A	1:1	A:1	0	11	0						1	1	1	1
rs6525167	H426	1	HG01777:1	X:66423003:G:A	66423003	G	A	SNV	1	1	A	1:1	A:1	0	11	0						1	1	1	1
rs6525167	H427	1	HG03740:1	X:66423003:G:A	66423003	G	A	SNV	1	1	A	1:1	A:1	0	11	0						1	1	1	1
rs6525167	H428	1	HG02385:1	X:66423003:G:A	66423003	G	A	SNV	1	1	A	1:1	A:1	0	11	0						1	1	1	1
rs6525167	H429	1	NA19079:1	X:66423003:G:A	66423003	G	A	SNV	1	1	A	1:1	A:1	0	11	0						1	1	1	1
rs6525167	H43	5	NA20861:1;NA20863:1;NA21115:1;NA21124:1;NA21127:1	X:66423003:G:A	66423003	G	A	SNV	5	1	A	1:5	A:5	0	11	0						1	1	1	1
rs6525167	H430	1	NA19070:1	X:66423003:G:A	66423003	G	A	SNV	1	1	A	1:1	A:1	0	11	0						1	1	1	1
rs6525167	H431	1	HG03018:1	X:66423003:G:A	66423003	G	A	SNV	1	1	A	1:1	A:1	0	11	0						1	1	1	1
rs6525167	H432	1	HG03809:1	X:66423003:G:A	66423003	G	A	SNV	1	1	A	1:1	A:1	0	11	0						1	1	1	1
rs6525167	H433	1	HG00982:1	X:66423003:G:A	66423003	G	A	SNV	1	1	A	1:1	A:1	0	11	0						1	1	1	1
rs6525167	H434	1	HG01840:1	X:66423003:G:A	66423003	G	A	SNV	1	1	A	1:1	A:1	0	11	0						1	1	1	1
rs6525167	H435	1	NA12812:1	X:66423003:G:A	66423003	G	A	SNV	1	1	A	1:1	A:1	0	11	0						1	1	1	1
rs6525167	H436	1	HG02597:1	X:66423003:G:A	66423003	G	A	SNV	1	1	A	1:1	A:1	0	11	0						1	1	1	1
rs6525167	H437	1	NA19732:1	X:66423003:G:A	66423003	G	A	SNV	1	1	A	1:1	A:1	0	11	0						1	1	1	1
rs6525167	H438	1	HG01048:1	X:66423003:G:A	66423003	G	A	SNV	1	1	A	1:1	A:1	0	11	0						1	1	1	1
rs6525167	H439	1	NA19777:1	X:66423003:G:A	66423003	G	A	SNV	1	1	A	1:1	A:1	0	11	0						1	1	1	1
rs6525167	H44	5	HG02013:1;HG03136:1;NA18519:1;NA18915:1;NA20543:1	X:66423003:G:A	66423003	G	A	SNV	5	0	G	0:5	G:5	0	11	0						1	1	0	0
rs6525167	H440	1	NA06994:1	X:66423003:G:A	66423003	G	A	SNV	1	1	A	1:1	A:1	0	11	0						1	1	1	1
rs6525167	H441	1	HG04206:1	X:66423003:G:A	66423003	G	A	SNV	1	1	A	1:1	A:1	0	11	0						1	1	1	1
rs6525167	H442	1	HG03593:1	X:66423003:G:A	66423003	G	A	SNV	1	1	A	1:1	A:1	0	11	0						1	1	1	1
rs6525167	H443	1	HG03870:1	X:66423003:G:A	66423003	G	A	SNV	1	1	A	1:1	A:1	0	11	0						1	1	1	1
rs6525167	H444	1	HG03680:1	X:66423003:G:A	66423003	G	A	SNV	1	1	A	1:1	A:1	0	11	0						1	1	1	1
rs6525167	H445	1	HG02490:1	X:66423003:G:A	66423003	G	A	SNV	1	1	A	1:1	A:1	0	11	0						1	1	1	1
rs6525167	H446	1	HG02648:1	X:66423003:G:A	66423003	G	A	SNV	1	1	A	1:1	A:1	0	11	0						1	1	1	1
rs6525167	H447	1	HG02681:1	X:66423003:G:A	66423003	G	A	SNV	1	1	A	1:1	A:1	0	11	0						1	1	1	1
rs6525167	H448	1	HG02789:1	X:66423003:G:A	66423003	G	A	SNV	1	1	A	1:1	A:1	0	11	0						1	1	1	1
rs6525167	H449	1	HG03998:1	X:66423003:G:A	66423003	G	A	SNV	1	1	A	1:1	A:1	0	11	0						1	1	1	1
rs6525167	H45	5	HG01139:1;HG03133:1;NA18874:1;NA19121:1;NA19141:1	X:66423003:G:A	66423003	G	A	SNV	5	0	G	0:5	G:5	0	11	0						1	1	0	0
rs6525167	H450	1	NA20805:1	X:66423003:G:A	66423003	G	A	SNV	1	1	A	1:1	A:1	0	11	0						1	1	1	1
rs6525167	H451	1	NA21092:1	X:66423003:G:A	66423003	G	A	SNV	1	1	A	1:1	A:1	0	11	0						1	1	1	1
rs6525167	H452	1	NA18605:1	X:66423003:G:A	66423003	G	A	SNV	1	1	A	1:1	A:1	0	11	0						1	1	1	1
rs6525167	H453	1	HG00451:1	X:66423003:G:A	66423003	G	A	SNV	1	1	A	1:1	A:1	0	11	0						1	1	1	1
rs6525167	H454	1	HG03753:1	X:66423003:G:A	66423003	G	A	SNV	1	1	A	1:1	A:1	0	11	0						1	1	1	1
rs6525167	H455	1	NA20905:1	X:66423003:G:A	66423003	G	A	SNV	1	1	A	1:1	A:1	0	11	0						1	1	1	1
rs6525167	H456	1	NA21113:1	X:66423003:G:A	66423003	G	A	SNV	1	1	A	1:1	A:1	0	11	0						1	1	1	1
rs6525167	H457	1	HG03729:1	X:66423003:G:A	66423003	G	A	SNV	1	1	A	1:1	A:1	0	11	0						1	1	1	1
rs6525167	H458	1	HG04225:1	X:66423003:G:A	66423003	G	A	SNV	1	1	A	1:1	A:1	0	11	0						1	1	1	1
rs6525167	H459	1	HG00656:1	X:66423003:G:A	66423003	G	A	SNV	1	1	A	1:1	A:1	0	11	0						1	1	1	1
rs6525167	H46	5	HG02947:1;HG03024:1;NA19130:1;NA19384:1;NA20278:1	X:66423003:G:A	66423003	G	A	SNV	5	0	G	0:5	G:5	0	11	0						1	1	0	0
rs6525167	H460	1	NA18623:1	X:66423003:G:A	66423003	G	A	SNV	1	1	A	1:1	A:1	0	11	0						1	1	1	1
rs6525167	H461	1	HG01402:1	X:66423003:G:A	66423003	G	A	SNV	1	1	A	1:1	A:1	0	11	0						1	1	1	1
rs6525167	H462	1	HG02262:1	X:66423003:G:A	66423003	G	A	SNV	1	1	A	1:1	A:1	0	11	0						1	1	1	1
rs6525167	H463	1	NA18970:1	X:66423003:G:A	66423003	G	A	SNV	1	1	A	1:1	A:1	0	11	0						1	1	1	1
rs6525167	H464	1	HG04020:1	X:66423003:G:A	66423003	G	A	SNV	1	1	A	1:1	A:1	0	11	0						1	1	1	1
rs6525167	H465	1	HG03636:1	X:66423003:G:A	66423003	G	A	SNV	1	1	A	1:1	A:1	0	11	0						1	1	1	1
rs6525167	H466	1	NA20891:1	X:66423003:G:A	66423003	G	A	SNV	1	1	A	1:1	A:1	0	11	0						1	1	1	1
rs6525167	H467	1	HG00371:1	X:66423003:G:A	66423003	G	A	SNV	1	1	A	1:1	A:1	0	11	0						1	1	1	1
rs6525167	H468	1	HG03971:1	X:66423003:G:A	66423003	G	A	SNV	1	1	A	1:1	A:1	0	11	0						1	1	1	1
rs6525167	H469	1	HG01133:1	X:66423003:G:A	66423003	G	A	SNV	1	1	A	1:1	A:1	0	11	0						1	1	1	1
rs6525167	H47	5	HG02481:1;HG02721:1;HG03060:1;HG03074:1;HG03081:1	X:66423003:G:A	66423003	G	A	SNV	5	0	G	0:5	G:5	0	11	0						1	1	0	0
rs6525167	H470	1	HG00536:1	X:66423003:G:A	66423003	G	A	SNV	1	1	A	1:1	A:1	0	11	0						1	1	1	1
rs6525167	H471	1	HG02047:1	X:66423003:G:A	66423003	G	A	SNV	1	1	A	1:1	A:1	0	11	0						1	1	1	1
rs6525167	H472	1	HG01810:1	X:66423003:G:A	66423003	G	A	SNV	1	1	A	1:1	A:1	0	11	0						1	1	1	1
rs6525167	H473	1	HG02250:1	X:66423003:G:A	66423003	G	A	SNV	1	1	A	1:1	A:1	0	11	0						1	1	1	1
rs6525167	H474	1	NA19207:1	X:66423003:G:A	66423003	G	A	SNV	1	1	A	1:1	A:1	0	11	0						1	1	1	1
rs6525167	H475	1	HG03077:1	X:66423003:G:A	66423003	G	A	SNV	1	1	A	1:1	A:1	0	11	0						1	1	1	1
rs6525167	H476	1	NA19394:1	X:66423003:G:A	66423003	G	A	SNV	1	1	A	1:1	A:1	0	11	0						1	1	1	1
rs6525167	H477	1	NA19916:1	X:66423003:G:A	66423003	G	A	SNV	1	1	A	1:1	A:1	0	11	0						1	1	1	1
rs6525167	H478	1	HG03442:1	X:66423003:G:A	66423003	G	A	SNV	1	0	G	0:1	G:1	0	11	0						1	1	0	0
rs6525167	H479	1	HG03311:1	X:66423003:G:A	66423003	G	A	SNV	1	1	A	1:1	A:1	0	11	0						1	1	1	1
rs6525167	H48	5	HG01082:1;HG03072:1;HG03120:1;HG03521:1;NA19146:1	X:66423003:G:A	66423003	G	A	SNV	5	0	G	0:5	G:5	0	11	0						1	1	0	0
rs6525167	H480	1	HG01990:1	X:66423003:G:A	66423003	G	A	SNV	1	0	G	0:1	G:1	0	11	0						1	1	0	0
rs6525167	H481	1	NA19360:1	X:66423003:G:A	66423003	G	A	SNV	1	0	G	0:1	G:1	0	11	0						1	1	0	0
rs6525167	H482	1	NA19331:1	X:66423003:G:A	66423003	G	A	SNV	1	0	G	0:1	G:1	0	11	0						1	1	0	0
rs6525167	H483	1	HG02536:1	X:66423003:G:A	66423003	G	A	SNV	1	0	G	0:1	G:1	0	11	0						1	1	0	0
rs6525167	H484	1	HG03271:1	X:66423003:G:A	66423003	G	A	SNV	1	0	G	0:1	G:1	0	11	0						1	1	0	0
rs6525167	H485	1	HG01167:1	X:66423003:G:A	66423003	G	A	SNV	1	0	G	0:1	G:1	0	11	0						1	1	0	0
rs6525167	H486	1	HG02807:1	X:66423003:G:A	66423003	G	A	SNV	1	0	G	0:1	G:1	0	11	0						1	1	0	0
rs6525167	H487	1	HG03280:1	X:66423003:G:A	66423003	G	A	SNV	1	0	G	0:1	G:1	0	11	0						1	1	0	0
rs6525167	H488	1	HG02107:1	X:66423003:G:A	66423003	G	A	SNV	1	0	G	0:1	G:1	0	11	0						1	1	0	0
rs6525167	H489	1	HG02585:1	X:66423003:G:A	66423003	G	A	SNV	1	0	G	0:1	G:1	0	11	0						1	1	0	0
rs6525167	H49	5	HG03771:1;HG03833:1;HG04015:1;HG04158:1;NA20884:1	X:66423003:G:A	66423003	G	A	SNV	5	0	G	0:5	G:5	0	11	0						1	1	0	0
rs6525167	H490	1	NA19189:1	X:66423003:G:A	66423003	G	A	SNV	1	0	G	0:1	G:1	0	11	0						1	1	0	0
rs6525167	H491	1	NA18507:1	X:66423003:G:A	66423003	G	A	SNV	1	0	G	0:1	G:1	0	11	0						1	1	0	0
rs6525167	H492	1	NA18498:1	X:66423003:G:A	66423003	G	A	SNV	1	0	G	0:1	G:1	0	11	0						1	1	0	0
rs6525167	H493	1	HG03193:1	X:66423003:G:A	66423003	G	A	SNV	1	0	G	0:1	G:1	0	11	0						1	1	0	0
rs6525167	H494	1	HG01509:1	X:66423003:G:A	66423003	G	A	SNV	1	0	G	0:1	G:1	0	11	0						1	1	0	0
rs6525167	H495	1	HG03577:1	X:66423003:G:A	66423003	G	A	SNV	1	0	G	0:1	G:1	0	11	0						1	1	0	0
rs6525167	H496	1	HG03190:1	X:66423003:G:A	66423003	G	A	SNV	1	0	G	0:1	G:1	0	11	0						1	1	0	0
rs6525167	H497	1	HG02938:1	X:66423003:G:A	66423003	G	A	SNV	1	0	G	0:1	G:1	0	11	0						1	1	0	0
rs6525167	H498	1	NA19393:1	X:66423003:G:A	66423003	G	A	SNV	1	0	G	0:1	G:1	0	11	0						1	1	0	0
rs6525167	H499	1	NA20356:1	X:66423003:G:A	66423003	G	A	SNV	1	0	G	0:1	G:1	0	11	0						1	1	0	0
rs6525167	H5	13	HG01277:1;HG01353:1;HG01479:1;HG01494:1;HG01923:1;HG01932:1;HG01941:1;HG02104:1;HG02146:1;HG02150:1;NA19729:1;NA19741:1;NA19789:1	X:66423003:G:A	66423003	G	A	SNV	13	1	A	1:13	A:13	0	11	1						1	1	1	1
rs6525167	H50	4	HG02395:1;HG02521:1;NA18611:1;NA18982:1	X:66423003:G:A	66423003	G	A	SNV	4	1	A	1:4	A:4	0	11	0						1	1	1	1
rs6525167	H500	1	NA20758:1	X:66423003:G:A	66423003	G	A	SNV	1	0	G	0:1	G:1	0	11	0						1	1	0	0
rs6525167	H501	1	HG03872:1	X:66423003:G:A	66423003	G	A	SNV	1	0	G	0:1	G:1	0	11	0						1	1	0	0
rs6525167	H502	1	HG01767:1	X:66423003:G:A	66423003	G	A	SNV	1	0	G	0:1	G:1	0	11	0						1	1	0	0
rs6525167	H503	1	HG00115:1	X:66423003:G:A	66423003	G	A	SNV	1	0	G	0:1	G:1	0	11	0						1	1	0	0
rs6525167	H504	1	NA19711:1	X:66423003:G:A	66423003	G	A	SNV	1	0	G	0:1	G:1	0	11	0						1	1	0	0
rs6525167	H505	1	NA19198:1	X:66423003:G:A	66423003	G	A	SNV	1	0	G	0:1	G:1	0	11	0						1	1	0	0
rs6525167	H506	1	HG03169:1	X:66423003:G:A	66423003	G	A	SNV	1	0	G	0:1	G:1	0	11	0						1	1	0	0
rs6525167	H507	1	NA19223:1	X:66423003:G:A	66423003	G	A	SNV	1	0	G	0:1	G:1	0	11	0						1	1	0	0
rs6525167	H508	1	HG03313:1	X:66423003:G:A	66423003	G	A	SNV	1	0	G	0:1	G:1	0	11	0						1	1	0	0
rs6525167	H509	1	NA19466:1	X:66423003:G:A	66423003	G	A	SNV	1	0	G	0:1	G:1	0	11	0						1	1	0	0
rs6525167	H51	4	NA18648:1;NA18940:1;NA19005:1;NA19056:1	X:66423003:G:A	66423003	G	A	SNV	4	1	A	1:4	A:4	0	11	0						1	1	1	1
rs6525167	H510	1	NA18865:1	X:66423003:G:A	66423003	G	A	SNV	1	0	G	0:1	G:1	0	11	0						1	1	0	0
rs6525167	H511	1	NA19920:1	X:66423003:G:A	66423003	G	A	SNV	1	0	G	0:1	G:1	0	11	0						1	1	0	0
rs6525167	H512	1	NA19025:1	X:66423003:G:A	66423003	G	A	SNV	1	0	G	0:1	G:1	0	11	0						1	1	0	0
rs6525167	H513	1	NA19041:1	X:66423003:G:A	66423003	G	A	SNV	1	0	G	0:1	G:1	0	11	0						1	1	0	0
rs6525167	H514	1	NA19818:1	X:66423003:G:A	66423003	G	A	SNV	1	0	G	0:1	G:1	0	11	0						1	1	0	0
rs6525167	H515	1	NA19309:1	X:66423003:G:A	66423003	G	A	SNV	1	0	G	0:1	G:1	0	11	0						1	1	0	0
rs6525167	H516	1	HG02051:1	X:66423003:G:A	66423003	G	A	SNV	1	0	G	0:1	G:1	0	11	0						1	1	0	0
rs6525167	H517	1	NA19334:1	X:66423003:G:A	66423003	G	A	SNV	1	0	G	0:1	G:1	0	11	0						1	1	0	0
rs6525167	H518	1	HG03130:1	X:66423003:G:A	66423003	G	A	SNV	1	0	G	0:1	G:1	0	11	0						1	1	0	0
rs6525167	H519	1	NA19153:1	X:66423003:G:A	66423003	G	A	SNV	1	0	G	0:1	G:1	0	11	0						1	1	0	0
rs6525167	H52	4	HG00731:1;HG03718:1;NA12872:1;NA20858:1	X:66423003:G:A	66423003	G	A	SNV	4	1	A	1:4	A:4	0	11	0						1	1	1	1
rs6525167	H520	1	HG00280:1	X:66423003:G:A	66423003	G	A	SNV	1	0	G	0:1	G:1	0	11	0						1	1	0	0
rs6525167	H521	1	HG04098:1	X:66423003:G:A	66423003	G	A	SNV	1	0	G	0:1	G:1	0	11	0						1	1	0	0
rs6525167	H522	1	HG02545:1	X:66423003:G:A	66423003	G	A	SNV	1	0	G	0:1	G:1	0	11	0						1	1	0	0
rs6525167	H523	1	HG03225:1	X:66423003:G:A	66423003	G	A	SNV	1	0	G	0:1	G:1	0	11	0						1	1	0	0
rs6525167	H524	1	HG03084:1	X:66423003:G:A	66423003	G	A	SNV	1	0	G	0:1	G:1	0	11	0						1	1	0	0
rs6525167	H525	1	HG03069:1	X:66423003:G:A	66423003	G	A	SNV	1	0	G	0:1	G:1	0	11	0						1	1	0	0
rs6525167	H526	1	NA19397:1	X:66423003:G:A	66423003	G	A	SNV	1	0	G	0:1	G:1	0	11	0						1	1	0	0
rs6525167	H527	1	HG02895:1	X:66423003:G:A	66423003	G	A	SNV	1	0	G	0:1	G:1	0	11	0						1	1	0	0
rs6525167	H528	1	HG03388:1	X:66423003:G:A	66423003	G	A	SNV	1	0	G	0:1	G:1	0	11	0						1	1	0	0
rs6525167	H529	1	HG03460:1	X:66423003:G:A	66423003	G	A	SNV	1	0	G	0:1	G:1	0	11	0						1	1	0	0
rs6525167	H53	4	HG03009:1;HG03875:1;HG04185:1;NA20911:1	X:66423003:G:A	66423003	G	A	SNV	4	1	A	1:4	A:4	0	11	0						1	1	1	1
rs6525167	H530	1	HG02756:1	X:66423003:G:A	66423003	G	A	SNV	1	0	G	0:1	G:1	0	11	0						1	1	0	0
rs6525167	H531	1	NA19256:1	X:66423003:G:A	66423003	G	A	SNV	1	0	G	0:1	G:1	0	11	0						1	1	0	0
rs6525167	H532	1	HG02143:1	X:66423003:G:A	66423003	G	A	SNV	1	0	G	0:1	G:1	0	11	0						1	1	0	0
rs6525167	H533	1	HG01097:1	X:66423003:G:A	66423003	G	A	SNV	1	0	G	0:1	G:1	0	11	0						1	1	0	0
rs6525167	H534	1	HG01271:1	X:66423003:G:A	66423003	G	A	SNV	1	0	G	0:1	G:1	0	11	0						1	1	0	0
rs6525167	H535	1	NA20544:1	X:66423003:G:A	66423003	G	A	SNV	1	0	G	0:1	G:1	0	11	0						1	1	0	0
rs6525167	H536	1	HG01747:1	X:66423003:G:A	66423003	G	A	SNV	1	0	G	0:1	G:1	0	11	0						1	1	0	0
rs6525167	H537	1	HG00101:1	X:66423003:G:A	66423003	G	A	SNV	1	1	A	1:1	A:1	0	11	0						1	1	1	1
rs6525167	H538	1	NA21104:1	X:66423003:G:A	66423003	G	A	SNV	1	0	G	0:1	G:1	0	11	0						1	1	0	0
rs6525167	H539	1	NA20538:1	X:66423003:G:A	66423003	G	A	SNV	1	0	G	0:1	G:1	0	11	0						1	1	0	0
rs6525167	H54	4	HG03778:1;HG03821:1;HG03908:1;HG04080:1	X:66423003:G:A	66423003	G	A	SNV	4	1	A	1:4	A:4	0	11	0						1	1	1	1
rs6525167	H540	1	NA12282:1	X:66423003:G:A	66423003	G	A	SNV	1	1	A	1:1	A:1	0	11	0						1	1	1	1
rs6525167	H541	1	HG00149:1	X:66423003:G:A	66423003	G	A	SNV	1	0	G	0:1	G:1	0	11	0						1	1	0	0
rs6525167	H542	1	HG00139:1	X:66423003:G:A	66423003	G	A	SNV	1	0	G	0:1	G:1	0	11	0						1	1	0	0
rs6525167	H543	1	HG02860:1	X:66423003:G:A	66423003	G	A	SNV	1	0	G	0:1	G:1	0	11	0						1	1	0	0
rs6525167	H544	1	HG03066:1	X:66423003:G:A	66423003	G	A	SNV	1	0	G	0:1	G:1	0	11	0						1	1	0	0
rs6525167	H545	1	HG03385:1	X:66423003:G:A	66423003	G	A	SNV	1	0	G	0:1	G:1	0	11	0						1	1	0	0
rs6525167	H546	1	NA19443:1	X:66423003:G:A	66423003	G	A	SNV	1	0	G	0:1	G:1	0	11	0						1	1	0	0
rs6525167	H547	1	HG02620:1	X:66423003:G:A	66423003	G	A	SNV	1	0	G	0:1	G:1	0	11	0						1	1	0	0
rs6525167	H548	1	HG01079:1	X:66423003:G:A	66423003	G	A	SNV	1	0	G	0:1	G:1	0	11	0						1	1	0	0
rs6525167	H549	1	HG02884:1	X:66423003:G:A	66423003	G	A	SNV	1	0	G	0:1	G:1	0	11	0						1	1	0	0
rs6525167	H55	4	HG02029:1;HG02134:1;HG02396:1;NA18965:1	X:66423003:G:A	66423003	G	A	SNV	4	1	A	1:4	A:4	0	11	0						1	1	1	1
rs6525167	H550	1	HG02890:1	X:66423003:G:A	66423003	G	A	SNV	1	0	G	0:1	G:1	0	11	0						1	1	0	0
rs6525167	H551	1	NA19428:1	X:66423003:G:A	66423003	G	A	SNV	1	0	G	0:1	G:1	0	11	0						1	1	0	0
rs6525167	H552	1	NA19043:1	X:66423003:G:A	66423003	G	A	SNV	1	0	G	0:1	G:1	0	11	0						1	1	0	0
rs6525167	H553	1	NA19380:1	X:66423003:G:A	66423003	G	A	SNV	1	0	G	0:1	G:1	0	11	0						1	1	0	0
rs6525167	H554	1	NA19347:1	X:66423003:G:A	66423003	G	A	SNV	1	0	G	0:1	G:1	0	11	0						1	1	0	0
rs6525167	H555	1	NA18917:1	X:66423003:G:A	66423003	G	A	SNV	1	0	G	0:1	G:1	0	11	0						1	1	0	0
rs6525167	H556	1	NA19383:1	X:66423003:G:A	66423003	G	A	SNV	1	0	G	0:1	G:1	0	11	0						1	1	0	0
rs6525167	H557	1	HG03048:1	X:66423003:G:A	66423003	G	A	SNV	1	0	G	0:1	G:1	0	11	0						1	1	0	0
rs6525167	H558	1	NA18868:1	X:66423003:G:A	66423003	G	A	SNV	1	0	G	0:1	G:1	0	11	0						1	1	0	0
rs6525167	H559	1	HG01988:1	X:66423003:G:A	66423003	G	A	SNV	1	0	G	0:1	G:1	0	11	0						1	1	0	0
rs6525167	H56	4	HG00844:1;HG02389:1;HG02397:1;NA18609:1	X:66423003:G:A	66423003	G	A	SNV	4	1	A	1:4	A:4	0	11	0						1	1	1	1
rs6525167	H560	1	NA18908:1	X:66423003:G:A	66423003	G	A	SNV	1	0	G	0:1	G:1	0	11	0						1	1	0	0
rs6525167	H561	1	NA20126:1	X:66423003:G:A	66423003	G	A	SNV	1	0	G	0:1	G:1	0	11	0						1	1	0	0
rs6525167	H562	1	NA20759:1	X:66423003:G:A	66423003	G	A	SNV	1	0	G	0:1	G:1	0	11	0						1	1	0	0
rs6525167	H563	1	HG01170:1	X:66423003:G:A	66423003	G	A	SNV	1	0	G	0:1	G:1	0	11	0						1	1	0	0
rs6525167	H564	1	NA20852:1	X:66423003:G:A	66423003	G	A	SNV	1	0	G	0:1	G:1	0	11	0						1	1	0	0
rs6525167	H565	1	HG03837:1	X:66423003:G:A	66423003	G	A	SNV	1	0	G	0:1	G:1	0	11	0						1	1	0	0
rs6525167	H566	1	HG03691:1	X:66423003:G:A	66423003	G	A	SNV	1	0	G	0:1	G:1	0	11	0						1	1	0	0
rs6525167	H567	1	HG03265:1	X:66423003:G:A	66423003	G	A	SNV	1	0	G	0:1	G:1	0	11	0						1	1	0	0
rs6525167	H568	1	NA19020:1	X:66423003:G:A	66423003	G	A	SNV	1	0	G	0:1	G:1	0	11	0						1	1	0	0
rs6525167	H569	1	HG02557:1	X:66423003:G:A	66423003	G	A	SNV	1	0	G	0:1	G:1	0	11	0						1	1	0	0
rs6525167	H57	4	HG00138:1;HG01389:1;HG01443:1;NA20511:1	X:66423003:G:A	66423003	G	A	SNV	4	1	A	1:4	A:4	0	11	0						1	1	1	1
rs6525167	H570	1	NA19160:1	X:66423003:G:A	66423003	G	A	SNV	1	0	G	0:1	G:1	0	11	0						1	1	0	0
rs6525167	H571	1	NA20346:1	X:66423003:G:A	66423003	G	A	SNV	1	0	G	0:1	G:1	0	11	0						1	1	0	0
rs6525167	H572	1	HG02330:1	X:66423003:G:A	66423003	G	A	SNV	1	1	A	1:1	A:1	0	11	0						1	1	1	1
rs6525167	H573	1	HG02628:1	X:66423003:G:A	66423003	G	A	SNV	1	0	G	0:1	G:1	0	11	0						1	1	0	0
rs6525167	H574	1	HG02489:1	X:66423003:G:A	66423003	G	A	SNV	1	0	G	0:1	G:1	0	11	0						1	1	0	0
rs6525167	H575	1	NA20362:1	X:66423003:G:A	66423003	G	A	SNV	1	0	G	0:1	G:1	0	11	0						1	1	0	0
rs6525167	H576	1	HG03559:1	X:66423003:G:A	66423003	G	A	SNV	1	0	G	0:1	G:1	0	11	0						1	1	0	0
rs6525167	H577	1	HG01775:1	X:66423003:G:A	66423003	G	A	SNV	1	0	G	0:1	G:1	0	11	0						1	1	0	0
rs6525167	H578	1	NA19200:1	X:66423003:G:A	66423003	G	A	SNV	1	0	G	0:1	G:1	0	11	0						1	1	0	0
rs6525167	H579	1	HG03352:1	X:66423003:G:A	66423003	G	A	SNV	1	0	G	0:1	G:1	0	11	0						1	1	0	0
rs6525167	H58	4	HG02600:1;HG03697:1;HG03953:1;NA20903:1	X:66423003:G:A	66423003	G	A	SNV	4	1	A	1:4	A:4	0	11	0						1	1	1	1
rs6525167	H580	1	HG02455:1	X:66423003:G:A	66423003	G	A	SNV	1	0	G	0:1	G:1	0	11	0						1	1	0	0
rs6525167	H581	1	HG02971:1	X:66423003:G:A	66423003	G	A	SNV	1	0	G	0:1	G:1	0	11	0						1	1	0	0
rs6525167	H582	1	NA19096:1	X:66423003:G:A	66423003	G	A	SNV	1	0	G	0:1	G:1	0	11	0						1	1	0	0
rs6525167	H583	1	HG01912:1	X:66423003:G:A	66423003	G	A	SNV	1	0	G	0:1	G:1	0	11	0						1	1	0	0
rs6525167	H584	1	NA19461:1	X:66423003:G:A	66423003	G	A	SNV	1	0	G	0:1	G:1	0	11	0						1	1	0	0
rs6525167	H585	1	NA19376:1	X:66423003:G:A	66423003	G	A	SNV	1	0	G	0:1	G:1	0	11	0						1	1	0	0
rs6525167	H586	1	NA19107:1	X:66423003:G:A	66423003	G	A	SNV	1	0	G	0:1	G:1	0	11	0						1	1	0	0
rs6525167	H587	1	HG02255:1	X:66423003:G:A	66423003	G	A	SNV	1	0	G	0:1	G:1	0	11	0						1	1	0	0
rs6525167	H588	1	HG02881:1	X:66423003:G:A	66423003	G	A	SNV	1	0	G	0:1	G:1	0	11	0						1	1	0	0
rs6525167	H589	1	HG03556:1	X:66423003:G:A	66423003	G	A	SNV	1	0	G	0:1	G:1	0	11	0						1	1	0	0
rs6525167	H59	4	HG01359:1;HG01488:1;HG01610:1;NA12154:1	X:66423003:G:A	66423003	G	A	SNV	4	1	A	1:4	A:4	0	11	0						1	1	1	1
rs6525167	H590	1	HG03432:1	X:66423003:G:A	66423003	G	A	SNV	1	0	G	0:1	G:1	0	11	0						1	1	0	0
rs6525167	H591	1	HG01164:1	X:66423003:G:A	66423003	G	A	SNV	1	0	G	0:1	G:1	0	11	0						1	1	0	0
rs6525167	H592	1	HG02281:1	X:66423003:G:A	66423003	G	A	SNV	1	0	G	0:1	G:1	0	11	0						1	1	0	0
rs6525167	H6	11	HG02851:1;HG03166:1;HG03382:1;HG03433:1;HG03451:1;HG03472:1;NA18879:1;NA19175:1;NA19239:1;NA19726:1;NA19900:1	X:66423003:G:A	66423003	G	A	SNV	11	0	G	0:11	G:11	0	11	1						1	1	0	0
rs6525167	H60	4	HG00653:1;HG02138:1;NA18608:1;NA18621:1	X:66423003:G:A	66423003	G	A	SNV	4	1	A	1:4	A:4	0	11	0						1	1	1	1
rs6525167	H61	4	HG00375:1;HG01842:1;HG02073:1;HG02383:1	X:66423003:G:A	66423003	G	A	SNV	4	1	A	1:4	A:4	0	11	0						1	1	1	1
rs6525167	H62	4	HG00448:1;HG00595:1;NA18613:1;NA18962:1	X:66423003:G:A	66423003	G	A	SNV	4	1	A	1:4	A:4	0	11	0						1	1	1	1
rs6525167	H63	4	HG03681:1;HG03885:1;HG03887:1;HG03969:1	X:66423003:G:A	66423003	G	A	SNV	4	1	A	1:4	A:4	0	11	0						1	1	1	1
rs6525167	H64	4	HG00662:1;HG00728:1;HG02141:1;NA18645:1	X:66423003:G:A	66423003	G	A	SNV	4	1	A	1:4	A:4	0	11	0						1	1	1	1
rs6525167	H65	4	HG02449:1;HG02804:1;HG02878:1;HG03295:1	X:66423003:G:A	66423003	G	A	SNV	4	0	G	0:4	G:4	0	11	0						1	1	0	0
rs6525167	H66	4	HG02014:1;HG03057:1;HG03439:1;NA18877:1	X:66423003:G:A	66423003	G	A	SNV	4	0	G	0:4	G:4	0	11	0						1	1	0	0
rs6525167	H67	4	HG02645:1;HG03118:1;NA18934:1;NA19171:1	X:66423003:G:A	66423003	G	A	SNV	4	0	G	0:4	G:4	0	11	0						1	1	0	0
rs6525167	H68	4	HG03139:1;NA18923:1;NA19144:1;NA19213:1	X:66423003:G:A	66423003	G	A	SNV	4	0	G	0:4	G:4	0	11	0						1	1	0	0
rs6525167	H69	4	HG02009:1;HG03054:1;HG03202:1;HG03301:1	X:66423003:G:A	66423003	G	A	SNV	4	0	G	0:4	G:4	0	11	0						1	1	0	0
rs6525167	H7	10	HG02079:1;HG02082:1;HG02128:1;HG02137:1;NA18635:1;NA18740:1;NA18747:1;NA18974:1;NA18994:1;NA19086:1	X:66423003:G:A	66423003	G	A	SNV	10	1	A	1:10	A:10	0	11	0						1	1	1	1
rs6525167	H70	4	HG01524:1;NA11930:1;NA12413:1;NA20846:1	X:66423003:G:A	66423003	G	A	SNV	4	0	G	0:4	G:4	0	11	0						1	1	0	0
rs6525167	H71	4	HG01176:1;HG02314:1;HG02887:1;NA20351:1	X:66423003:G:A	66423003	G	A	SNV	4	0	G	0:4	G:4	0	11	0						1	1	0	0
rs6525167	H72	4	HG01914:1;HG02445:1;HG03160:1;NA18516:1	X:66423003:G:A	66423003	G	A	SNV	4	0	G	0:4	G:4	0	11	0						1	1	0	0
rs6525167	H73	4	HG02284:1;HG02968:1;NA18853:1;NA19350:1	X:66423003:G:A	66423003	G	A	SNV	4	0	G	0:4	G:4	0	11	0						1	1	0	0
rs6525167	H74	3	HG03744:1;HG03851:1;NA21087:1	X:66423003:G:A	66423003	G	A	SNV	3	1	A	1:3	A:3	0	11	0						1	1	1	1
rs6525167	H75	3	HG00701:1;HG01867:1;HG02406:1	X:66423003:G:A	66423003	G	A	SNV	3	1	A	1:3	A:3	0	11	0						1	1	1	1
rs6525167	H76	3	HG00325:1;HG00335:1;HG02651:1	X:66423003:G:A	66423003	G	A	SNV	3	1	A	1:3	A:3	0	11	0						1	1	1	1
rs6525167	H77	3	HG03629:1;HG03713:1;HG03864:1	X:66423003:G:A	66423003	G	A	SNV	3	1	A	1:3	A:3	0	11	0						1	1	1	1
rs6525167	H78	3	HG00628:1;HG02017:1;NA18624:1	X:66423003:G:A	66423003	G	A	SNV	3	1	A	1:3	A:3	0	11	0						1	1	1	1
rs6525167	H79	3	HG02786:1;HG03652:1;HG03663:1	X:66423003:G:A	66423003	G	A	SNV	3	1	A	1:3	A:3	0	11	0						1	1	1	1
rs6525167	H8	10	HG00553:1;HG01892:1;HG01947:1;HG01977:1;HG01991:1;HG02291:1;HG02299:1;NA19735:1;NA19750:1;NA19783:1	X:66423003:G:A	66423003	G	A	SNV	10	1	A	1:10	A:10	0	11	0						1	1	1	1
rs6525167	H80	3	HG00273:1;HG00338:1;NA07051:1	X:66423003:G:A	66423003	G	A	SNV	3	1	A	1:3	A:3	0	11	0						1	1	1	1
rs6525167	H81	3	HG03685:1;HG03750:1;HG04093:1	X:66423003:G:A	66423003	G	A	SNV	3	1	A	1:3	A:3	0	11	0						1	1	1	1
rs6525167	H82	3	HG01781:1;NA07048:1;NA12144:1	X:66423003:G:A	66423003	G	A	SNV	3	1	A	1:3	A:3	0	11	0						1	1	1	1
rs6525167	H83	3	HG01197:1;HG01204:1;HG01286:1	X:66423003:G:A	66423003	G	A	SNV	3	1	A	1:3	A:3	0	11	0						1	1	1	1
rs6525167	H84	3	HG01161:1;HG01974:1;HG02285:1	X:66423003:G:A	66423003	G	A	SNV	3	1	A	1:3	A:3	0	11	0						1	1	1	1
rs6525167	H85	3	HG01362:1;HG04238:1;NA20521:1	X:66423003:G:A	66423003	G	A	SNV	3	1	A	1:3	A:3	0	11	0						1	1	1	1
rs6525167	H86	3	NA12762:1;NA19780:1;NA19795:1	X:66423003:G:A	66423003	G	A	SNV	3	1	A	1:3	A:3	0	11	0						1	1	1	1
rs6525167	H87	3	HG03871:1;HG04061:1;NA20885:1	X:66423003:G:A	66423003	G	A	SNV	3	1	A	1:3	A:3	0	11	0						1	1	1	1
rs6525167	H88	3	HG03585:1;NA20754:1;NA20783:1	X:66423003:G:A	66423003	G	A	SNV	3	1	A	1:3	A:3	0	11	0						1	1	1	1
rs6525167	H89	3	HG00739:1;HG01515:1;NA19655:1	X:66423003:G:A	66423003	G	A	SNV	3	1	A	1:3	A:3	0	11	0						1	1	1	1
rs6525167	H9	10	HG00129:1;HG00185:1;HG00243:1;HG00284:1;HG01311:1;HG01503:1;HG01791:1;NA11919:1;NA12155:1;NA20770:1	X:66423003:G:A	66423003	G	A	SNV	10	1	A	1:10	A:10	0	11	0						1	1	1	1
rs6525167	H90	3	HG00186:1;HG00278:1;HG00342:1	X:66423003:G:A	66423003	G	A	SNV	3	1	A	1:3	A:3	0	11	0						1	1	1	1
rs6525167	H91	3	HG02736:1;HG03490:1;HG04211:1	X:66423003:G:A	66423003	G	A	SNV	3	1	A	1:3	A:3	0	11	0						1	1	1	1
rs6525167	H92	3	HG03237:1;HG03990:1;HG04019:1	X:66423003:G:A	66423003	G	A	SNV	3	1	A	1:3	A:3	0	11	0						1	1	1	1
rs6525167	H93	3	HG00251:1;HG00736:1;NA20811:1	X:66423003:G:A	66423003	G	A	SNV	3	1	A	1:3	A:3	0	11	0						1	1	1	1
rs6525167	H94	3	HG00650:1;HG00683:1;NA18967:1	X:66423003:G:A	66423003	G	A	SNV	3	1	A	1:3	A:3	0	11	0						1	1	1	1
rs6525167	H95	3	HG03695:1;HG03738:1;NA21100:1	X:66423003:G:A	66423003	G	A	SNV	3	1	A	1:3	A:3	0	11	0						1	1	1	1
rs6525167	H96	3	HG01241:1;HG02470:1;NA18510:1	X:66423003:G:A	66423003	G	A	SNV	3	0	G	0:3	G:3	0	11	0						1	1	0	0
rs6525167	H97	3	HG03096:1;HG03457:1;NA20340:1	X:66423003:G:A	66423003	G	A	SNV	3	0	G	0:3	G:3	0	11	0						1	1	0	0
rs6525167	H98	3	HG00131:1;HG00182:1;HG01075:1	X:66423003:G:A	66423003	G	A	SNV	3	0	G	0:3	G:3	0	11	0						1	1	0	0
rs6525167	H99	3	HG01986:1;HG03376:1;NA19138:1	X:66423003:G:A	66423003	G	A	SNV	3	0	G	0:3	G:3	0	11	0						1	1	0	0
