method	genome_build	locus_id	hap_id	sample	haplotype
phyml	GRCh37	rs6525167	H1	HG00108	1
phyml	GRCh37	rs6525167	H1	HG00116	1
phyml	GRCh37	rs6525167	H1	HG00256	1
phyml	GRCh37	rs6525167	H1	HG00403	1
phyml	GRCh37	rs6525167	H1	HG00530	1
phyml	GRCh37	rs6525167	H1	HG00613	1
phyml	GRCh37	rs6525167	H1	HG00619	1
phyml	GRCh37	rs6525167	H1	HG00881	1
phyml	GRCh37	rs6525167	H1	HG01085	1
phyml	GRCh37	rs6525167	H1	HG01259	1
phyml	GRCh37	rs6525167	H1	HG01398	1
phyml	GRCh37	rs6525167	H1	HG01440	1
phyml	GRCh37	rs6525167	H1	HG01527	1
phyml	GRCh37	rs6525167	H1	HG01860	1
phyml	GRCh37	rs6525167	H1	HG02058	1
phyml	GRCh37	rs6525167	H1	HG02360	1
phyml	GRCh37	rs6525167	H1	HG02409	1
phyml	GRCh37	rs6525167	H1	HG02654	1
phyml	GRCh37	rs6525167	H1	HG03228	1
phyml	GRCh37	rs6525167	H1	HG03711	1
phyml	GRCh37	rs6525167	H1	HG03716	1
phyml	GRCh37	rs6525167	H1	HG03900	1
phyml	GRCh37	rs6525167	H1	HG03965	1
phyml	GRCh37	rs6525167	H1	NA07357	1
phyml	GRCh37	rs6525167	H1	NA12347	1
phyml	GRCh37	rs6525167	H1	NA18530	1
phyml	GRCh37	rs6525167	H1	NA18632	1
phyml	GRCh37	rs6525167	H1	NA18943	1
phyml	GRCh37	rs6525167	H1	NA18989	1
phyml	GRCh37	rs6525167	H1	NA19072	1
phyml	GRCh37	rs6525167	H1	NA19834	1
phyml	GRCh37	rs6525167	H1	NA20850	1
phyml	GRCh37	rs6525167	H1	NA20867	1
phyml	GRCh37	rs6525167	H2	HG00436	1
phyml	GRCh37	rs6525167	H2	HG00589	1
phyml	GRCh37	rs6525167	H2	HG00610	1
phyml	GRCh37	rs6525167	H2	HG00631	1
phyml	GRCh37	rs6525167	H2	HG00671	1
phyml	GRCh37	rs6525167	H2	HG00704	1
phyml	GRCh37	rs6525167	H2	HG01512	1
phyml	GRCh37	rs6525167	H2	HG02382	1
phyml	GRCh37	rs6525167	H2	HG02394	1
phyml	GRCh37	rs6525167	H2	HG02603	1
phyml	GRCh37	rs6525167	H2	HG03702	1
phyml	GRCh37	rs6525167	H2	HG03854	1
phyml	GRCh37	rs6525167	H2	HG03917	1
phyml	GRCh37	rs6525167	H2	HG04239	1
phyml	GRCh37	rs6525167	H2	NA18633	1
phyml	GRCh37	rs6525167	H2	NA18745	1
phyml	GRCh37	rs6525167	H2	NA19009	1
phyml	GRCh37	rs6525167	H2	NA19012	1
phyml	GRCh37	rs6525167	H2	NA19075	1
phyml	GRCh37	rs6525167	H2	NA19083	1
phyml	GRCh37	rs6525167	H2	NA20298	1
phyml	GRCh37	rs6525167	H2	NA20532	1
phyml	GRCh37	rs6525167	H2	NA21094	1
phyml	GRCh37	rs6525167	H2	NA21098	1
phyml	GRCh37	rs6525167	H3	HG01051	1
phyml	GRCh37	rs6525167	H3	HG01302	1
phyml	GRCh37	rs6525167	H3	HG01431	1
phyml	GRCh37	rs6525167	H3	HG01556	1
phyml	GRCh37	rs6525167	H3	HG02343	1
phyml	GRCh37	rs6525167	H3	HG02496	1
phyml	GRCh37	rs6525167	H3	HG02573	1
phyml	GRCh37	rs6525167	H3	HG02768	1
phyml	GRCh37	rs6525167	H3	HG02923	1
phyml	GRCh37	rs6525167	H3	HG02973	1
phyml	GRCh37	rs6525167	H3	HG03100	1
phyml	GRCh37	rs6525167	H3	HG03124	1
phyml	GRCh37	rs6525167	H3	HG03175	1
phyml	GRCh37	rs6525167	H3	HG03391	1
phyml	GRCh37	rs6525167	H3	NA19031	1
phyml	GRCh37	rs6525167	H3	NA19098	1
phyml	GRCh37	rs6525167	H3	NA19119	1
phyml	GRCh37	rs6525167	H3	NA19184	1
phyml	GRCh37	rs6525167	H3	NA19210	1
phyml	GRCh37	rs6525167	H3	NA19982	1
phyml	GRCh37	rs6525167	H4	HG00445	1
phyml	GRCh37	rs6525167	H4	HG00478	1
phyml	GRCh37	rs6525167	H4	HG00580	1
phyml	GRCh37	rs6525167	H4	HG00622	1
phyml	GRCh37	rs6525167	H4	HG00692	1
phyml	GRCh37	rs6525167	H4	HG01811	1
phyml	GRCh37	rs6525167	H4	HG02122	1
phyml	GRCh37	rs6525167	H4	HG02367	1
phyml	GRCh37	rs6525167	H4	HG04107	1
phyml	GRCh37	rs6525167	H4	NA18563	1
phyml	GRCh37	rs6525167	H4	NA18629	1
phyml	GRCh37	rs6525167	H4	NA18984	1
phyml	GRCh37	rs6525167	H4	NA19027	1
phyml	GRCh37	rs6525167	H4	NA21099	1
phyml	GRCh37	rs6525167	H5	HG01277	1
phyml	GRCh37	rs6525167	H5	HG01353	1
phyml	GRCh37	rs6525167	H5	HG01479	1
phyml	GRCh37	rs6525167	H5	HG01494	1
phyml	GRCh37	rs6525167	H5	HG01923	1
phyml	GRCh37	rs6525167	H5	HG01932	1
phyml	GRCh37	rs6525167	H5	HG01941	1
phyml	GRCh37	rs6525167	H5	HG02104	1
phyml	GRCh37	rs6525167	H5	HG02146	1
phyml	GRCh37	rs6525167	H5	HG02150	1
phyml	GRCh37	rs6525167	H5	NA19729	1
phyml	GRCh37	rs6525167	H5	NA19741	1
phyml	GRCh37	rs6525167	H5	NA19789	1
phyml	GRCh37	rs6525167	H6	HG02851	1
phyml	GRCh37	rs6525167	H6	HG03166	1
phyml	GRCh37	rs6525167	H6	HG03382	1
phyml	GRCh37	rs6525167	H6	HG03433	1
phyml	GRCh37	rs6525167	H6	HG03451	1
phyml	GRCh37	rs6525167	H6	HG03472	1
phyml	GRCh37	rs6525167	H6	NA18879	1
phyml	GRCh37	rs6525167	H6	NA19175	1
phyml	GRCh37	rs6525167	H6	NA19239	1
phyml	GRCh37	rs6525167	H6	NA19726	1
phyml	GRCh37	rs6525167	H6	NA19900	1
phyml	GRCh37	rs6525167	H7	HG02079	1
phyml	GRCh37	rs6525167	H7	HG02082	1
phyml	GRCh37	rs6525167	H7	HG02128	1
phyml	GRCh37	rs6525167	H7	HG02137	1
phyml	GRCh37	rs6525167	H7	NA18635	1
phyml	GRCh37	rs6525167	H7	NA18740	1
phyml	GRCh37	rs6525167	H7	NA18747	1
phyml	GRCh37	rs6525167	H7	NA18974	1
phyml	GRCh37	rs6525167	H7	NA18994	1
phyml	GRCh37	rs6525167	H7	NA19086	1
phyml	GRCh37	rs6525167	H8	HG00553	1
phyml	GRCh37	rs6525167	H8	HG01892	1
phyml	GRCh37	rs6525167	H8	HG01947	1
phyml	GRCh37	rs6525167	H8	HG01977	1
phyml	GRCh37	rs6525167	H8	HG01991	1
phyml	GRCh37	rs6525167	H8	HG02291	1
phyml	GRCh37	rs6525167	H8	HG02299	1
phyml	GRCh37	rs6525167	H8	NA19735	1
phyml	GRCh37	rs6525167	H8	NA19750	1
phyml	GRCh37	rs6525167	H8	NA19783	1
phyml	GRCh37	rs6525167	H9	HG00129	1
phyml	GRCh37	rs6525167	H9	HG00185	1
phyml	GRCh37	rs6525167	H9	HG00243	1
phyml	GRCh37	rs6525167	H9	HG00284	1
phyml	GRCh37	rs6525167	H9	HG01311	1
phyml	GRCh37	rs6525167	H9	HG01503	1
phyml	GRCh37	rs6525167	H9	HG01791	1
phyml	GRCh37	rs6525167	H9	NA11919	1
phyml	GRCh37	rs6525167	H9	NA12155	1
phyml	GRCh37	rs6525167	H9	NA20770	1
phyml	GRCh37	rs6525167	H10	HG00341	1
phyml	GRCh37	rs6525167	H10	HG01094	1
phyml	GRCh37	rs6525167	H10	HG01344	1
phyml	GRCh37	rs6525167	H10	HG01455	1
phyml	GRCh37	rs6525167	H10	HG01464	1
phyml	GRCh37	rs6525167	H10	NA12003	1
phyml	GRCh37	rs6525167	H10	NA19652	1
phyml	GRCh37	rs6525167	H10	NA19658	1
phyml	GRCh37	rs6525167	H10	NA20803	1
phyml	GRCh37	rs6525167	H10	NA20810	1
phyml	GRCh37	rs6525167	H11	HG01069	1
phyml	GRCh37	rs6525167	H11	HG01341	1
phyml	GRCh37	rs6525167	H11	HG01356	1
phyml	GRCh37	rs6525167	H11	HG01917	1
phyml	GRCh37	rs6525167	H11	HG01935	1
phyml	GRCh37	rs6525167	H11	HG02259	1
phyml	GRCh37	rs6525167	H11	NA18557	1
phyml	GRCh37	rs6525167	H11	NA19717	1
phyml	GRCh37	rs6525167	H11	NA19747	1
phyml	GRCh37	rs6525167	H11	NA19759	1
phyml	GRCh37	rs6525167	H12	HG01121	1
phyml	GRCh37	rs6525167	H12	HG01124	1
phyml	GRCh37	rs6525167	H12	HG01395	1
phyml	GRCh37	rs6525167	H12	HG01461	1
phyml	GRCh37	rs6525167	H12	HG01785	1
phyml	GRCh37	rs6525167	H12	HG01950	1
phyml	GRCh37	rs6525167	H12	NA19664	1
phyml	GRCh37	rs6525167	H12	NA19723	1
phyml	GRCh37	rs6525167	H12	NA20512	1
phyml	GRCh37	rs6525167	H13	HG00143	1
phyml	GRCh37	rs6525167	H13	HG00246	1
phyml	GRCh37	rs6525167	H13	HG01190	1
phyml	GRCh37	rs6525167	H13	HG01608	1
phyml	GRCh37	rs6525167	H13	HG02433	1
phyml	GRCh37	rs6525167	H13	NA12748	1
phyml	GRCh37	rs6525167	H13	NA12889	1
phyml	GRCh37	rs6525167	H13	NA20318	1
phyml	GRCh37	rs6525167	H14	HG00406	1
phyml	GRCh37	rs6525167	H14	HG01872	1
phyml	GRCh37	rs6525167	H14	HG02283	1
phyml	GRCh37	rs6525167	H14	NA06984	1
phyml	GRCh37	rs6525167	H14	NA18562	1
phyml	GRCh37	rs6525167	H14	NA20524	1
phyml	GRCh37	rs6525167	H14	NA20527	1
phyml	GRCh37	rs6525167	H14	NA20812	1
phyml	GRCh37	rs6525167	H15	HG02053	1
phyml	GRCh37	rs6525167	H15	HG02274	1
phyml	GRCh37	rs6525167	H15	HG02554	1
phyml	GRCh37	rs6525167	H15	HG02953	1
phyml	GRCh37	rs6525167	H15	HG03115	1
phyml	GRCh37	rs6525167	H15	HG03157	1
phyml	GRCh37	rs6525167	H15	HG03394	1
phyml	GRCh37	rs6525167	H15	NA19452	1
phyml	GRCh37	rs6525167	H16	HG01088	1
phyml	GRCh37	rs6525167	H16	HG01882	1
phyml	GRCh37	rs6525167	H16	HG02839	1
phyml	GRCh37	rs6525167	H16	HG03209	1
phyml	GRCh37	rs6525167	H16	HG03484	1
phyml	GRCh37	rs6525167	H16	HG03515	1
phyml	GRCh37	rs6525167	H16	HG03518	1
phyml	GRCh37	rs6525167	H16	NA19922	1
phyml	GRCh37	rs6525167	H17	HG00234	1
phyml	GRCh37	rs6525167	H17	HG00260	1
phyml	GRCh37	rs6525167	H17	HG01761	1
phyml	GRCh37	rs6525167	H17	HG03679	1
phyml	GRCh37	rs6525167	H17	HG04131	1
phyml	GRCh37	rs6525167	H17	NA10851	1
phyml	GRCh37	rs6525167	H17	NA20763	1
phyml	GRCh37	rs6525167	H18	HG00472	1
phyml	GRCh37	rs6525167	H18	HG01866	1
phyml	GRCh37	rs6525167	H18	HG02379	1
phyml	GRCh37	rs6525167	H18	NA18636	1
phyml	GRCh37	rs6525167	H18	NA18638	1
phyml	GRCh37	rs6525167	H18	NA18647	1
phyml	GRCh37	rs6525167	H18	NA18748	1
phyml	GRCh37	rs6525167	H19	HG00252	1
phyml	GRCh37	rs6525167	H19	HG01350	1
phyml	GRCh37	rs6525167	H19	HG01521	1
phyml	GRCh37	rs6525167	H19	HG01619	1
phyml	GRCh37	rs6525167	H19	NA12829	1
phyml	GRCh37	rs6525167	H19	NA20792	1
phyml	GRCh37	rs6525167	H19	NA20827	1
phyml	GRCh37	rs6525167	H20	HG01072	1
phyml	GRCh37	rs6525167	H20	HG02493	1
phyml	GRCh37	rs6525167	H20	HG03694	1
phyml	GRCh37	rs6525167	H20	HG03742	1
phyml	GRCh37	rs6525167	H20	HG03767	1
phyml	GRCh37	rs6525167	H20	HG03844	1
phyml	GRCh37	rs6525167	H20	NA19670	1
phyml	GRCh37	rs6525167	H21	HG01182	1
phyml	GRCh37	rs6525167	H21	HG02461	1
phyml	GRCh37	rs6525167	H21	HG02810	1
phyml	GRCh37	rs6525167	H21	HG03298	1
phyml	GRCh37	rs6525167	H21	HG03469	1
phyml	GRCh37	rs6525167	H21	NA18910	1
phyml	GRCh37	rs6525167	H21	NA19248	1
phyml	GRCh37	rs6525167	H22	HG02941	1
phyml	GRCh37	rs6525167	H22	HG03078	1
phyml	GRCh37	rs6525167	H22	HG03196	1
phyml	GRCh37	rs6525167	H22	HG03304	1
phyml	GRCh37	rs6525167	H22	HG03445	1
phyml	GRCh37	rs6525167	H22	NA19319	1
phyml	GRCh37	rs6525167	H22	NA19984	1
phyml	GRCh37	rs6525167	H23	HG01879	1
phyml	GRCh37	rs6525167	H23	HG02442	1
phyml	GRCh37	rs6525167	H23	HG02613	1
phyml	GRCh37	rs6525167	H23	HG02634	1
phyml	GRCh37	rs6525167	H23	HG03039	1
phyml	GRCh37	rs6525167	H23	HG03199	1
phyml	GRCh37	rs6525167	H23	NA18856	1
phyml	GRCh37	rs6525167	H24	HG00113	1
phyml	GRCh37	rs6525167	H24	HG00360	1
phyml	GRCh37	rs6525167	H24	HG01682	1
phyml	GRCh37	rs6525167	H24	HG02774	1
phyml	GRCh37	rs6525167	H24	HG03693	1
phyml	GRCh37	rs6525167	H24	NA12760	1
phyml	GRCh37	rs6525167	H25	HG00190	1
phyml	GRCh37	rs6525167	H25	HG00244	1
phyml	GRCh37	rs6525167	H25	HG02233	1
phyml	GRCh37	rs6525167	H25	HG02236	1
phyml	GRCh37	rs6525167	H25	HG03976	1
phyml	GRCh37	rs6525167	H25	NA21107	1
phyml	GRCh37	rs6525167	H26	HG00114	1
phyml	GRCh37	rs6525167	H26	HG00321	1
phyml	GRCh37	rs6525167	H26	HG01110	1
phyml	GRCh37	rs6525167	H26	HG01187	1
phyml	GRCh37	rs6525167	H26	HG01756	1
phyml	GRCh37	rs6525167	H26	NA20901	1
phyml	GRCh37	rs6525167	H27	HG00345	1
phyml	GRCh37	rs6525167	H27	HG01047	1
phyml	GRCh37	rs6525167	H27	HG01060	1
phyml	GRCh37	rs6525167	H27	HG01500	1
phyml	GRCh37	rs6525167	H27	NA19679	1
phyml	GRCh37	rs6525167	H27	NA20798	1
phyml	GRCh37	rs6525167	H28	HG01136	1
phyml	GRCh37	rs6525167	H28	HG01926	1
phyml	GRCh37	rs6525167	H28	HG01944	1
phyml	GRCh37	rs6525167	H28	HG01953	1
phyml	GRCh37	rs6525167	H28	HG01961	1
phyml	GRCh37	rs6525167	H28	NA19720	1
phyml	GRCh37	rs6525167	H29	HG01054	1
phyml	GRCh37	rs6525167	H29	HG01063	1
phyml	GRCh37	rs6525167	H29	HG02008	1
phyml	GRCh37	rs6525167	H29	HG02090	1
phyml	GRCh37	rs6525167	H29	HG02304	1
phyml	GRCh37	rs6525167	H29	NA20281	1
phyml	GRCh37	rs6525167	H30	HG00265	1
phyml	GRCh37	rs6525167	H30	HG01334	1
phyml	GRCh37	rs6525167	H30	HG02224	1
phyml	GRCh37	rs6525167	H30	HG02231	1
phyml	GRCh37	rs6525167	H30	NA20515	1
phyml	GRCh37	rs6525167	H30	NA20520	1
phyml	GRCh37	rs6525167	H31	HG02570	1
phyml	GRCh37	rs6525167	H31	HG02819	1
phyml	GRCh37	rs6525167	H31	HG02977	1
phyml	GRCh37	rs6525167	H31	NA19317	1
phyml	GRCh37	rs6525167	H31	NA19318	1
phyml	GRCh37	rs6525167	H31	NA19455	1
phyml	GRCh37	rs6525167	H32	HG00096	1
phyml	GRCh37	rs6525167	H32	HG00181	1
phyml	GRCh37	rs6525167	H32	HG01617	1
phyml	GRCh37	rs6525167	H32	HG01765	1
phyml	GRCh37	rs6525167	H32	NA11992	1
phyml	GRCh37	rs6525167	H32	NA12814	1
phyml	GRCh37	rs6525167	H33	HG02334	1
phyml	GRCh37	rs6525167	H33	HG02561	1
phyml	GRCh37	rs6525167	H33	HG02836	1
phyml	GRCh37	rs6525167	H33	HG03268	1
phyml	GRCh37	rs6525167	H33	HG03343	1
phyml	GRCh37	rs6525167	H33	HG03397	1
phyml	GRCh37	rs6525167	H34	HG00310	1
phyml	GRCh37	rs6525167	H34	HG01699	1
phyml	GRCh37	rs6525167	H34	HG02386	1
phyml	GRCh37	rs6525167	H34	HG02501	1
phyml	GRCh37	rs6525167	H34	NA20534	1
phyml	GRCh37	rs6525167	H34	NA20806	1
phyml	GRCh37	rs6525167	H35	HG00559	1
phyml	GRCh37	rs6525167	H35	HG02032	1
phyml	GRCh37	rs6525167	H35	HG02398	1
phyml	GRCh37	rs6525167	H35	NA18643	1
phyml	GRCh37	rs6525167	H35	NA19060	1
phyml	GRCh37	rs6525167	H36	HG00442	1
phyml	GRCh37	rs6525167	H36	HG01864	1
phyml	GRCh37	rs6525167	H36	HG01873	1
phyml	GRCh37	rs6525167	H36	HG02088	1
phyml	GRCh37	rs6525167	H36	NA18944	1
phyml	GRCh37	rs6525167	H37	HG00188	1
phyml	GRCh37	rs6525167	H37	HG00351	1
phyml	GRCh37	rs6525167	H37	HG01308	1
phyml	GRCh37	rs6525167	H37	HG01377	1
phyml	GRCh37	rs6525167	H37	NA20815	1
phyml	GRCh37	rs6525167	H38	HG01247	1
phyml	GRCh37	rs6525167	H38	NA12775	1
phyml	GRCh37	rs6525167	H38	NA19649	1
phyml	GRCh37	rs6525167	H38	NA20536	1
phyml	GRCh37	rs6525167	H38	NA20785	1
phyml	GRCh37	rs6525167	H39	HG02780	1
phyml	GRCh37	rs6525167	H39	HG03006	1
phyml	GRCh37	rs6525167	H39	HG03779	1
phyml	GRCh37	rs6525167	H39	HG03941	1
phyml	GRCh37	rs6525167	H39	HG04152	1
phyml	GRCh37	rs6525167	H40	HG03967	1
phyml	GRCh37	rs6525167	H40	HG03974	1
phyml	GRCh37	rs6525167	H40	HG04194	1
phyml	GRCh37	rs6525167	H40	NA20866	1
phyml	GRCh37	rs6525167	H40	NA21130	1
phyml	GRCh37	rs6525167	H41	HG02699	1
phyml	GRCh37	rs6525167	H41	HG03708	1
phyml	GRCh37	rs6525167	H41	HG03867	1
phyml	GRCh37	rs6525167	H41	NA20787	1
phyml	GRCh37	rs6525167	H41	NA20890	1
phyml	GRCh37	rs6525167	H42	HG03600	1
phyml	GRCh37	rs6525167	H42	HG03775	1
phyml	GRCh37	rs6525167	H42	HG03902	1
phyml	GRCh37	rs6525167	H42	HG04003	1
phyml	GRCh37	rs6525167	H42	HG04164	1
phyml	GRCh37	rs6525167	H43	NA20861	1
phyml	GRCh37	rs6525167	H43	NA20863	1
phyml	GRCh37	rs6525167	H43	NA21115	1
phyml	GRCh37	rs6525167	H43	NA21124	1
phyml	GRCh37	rs6525167	H43	NA21127	1
phyml	GRCh37	rs6525167	H44	HG02013	1
phyml	GRCh37	rs6525167	H44	HG03136	1
phyml	GRCh37	rs6525167	H44	NA18519	1
phyml	GRCh37	rs6525167	H44	NA18915	1
phyml	GRCh37	rs6525167	H44	NA20543	1
phyml	GRCh37	rs6525167	H45	HG01139	1
phyml	GRCh37	rs6525167	H45	HG03133	1
phyml	GRCh37	rs6525167	H45	NA18874	1
phyml	GRCh37	rs6525167	H45	NA19121	1
phyml	GRCh37	rs6525167	H45	NA19141	1
phyml	GRCh37	rs6525167	H46	HG02947	1
phyml	GRCh37	rs6525167	H46	HG03024	1
phyml	GRCh37	rs6525167	H46	NA19130	1
phyml	GRCh37	rs6525167	H46	NA19384	1
phyml	GRCh37	rs6525167	H46	NA20278	1
phyml	GRCh37	rs6525167	H47	HG02481	1
phyml	GRCh37	rs6525167	H47	HG02721	1
phyml	GRCh37	rs6525167	H47	HG03060	1
phyml	GRCh37	rs6525167	H47	HG03074	1
phyml	GRCh37	rs6525167	H47	HG03081	1
phyml	GRCh37	rs6525167	H48	HG01082	1
phyml	GRCh37	rs6525167	H48	HG03072	1
phyml	GRCh37	rs6525167	H48	HG03120	1
phyml	GRCh37	rs6525167	H48	HG03521	1
phyml	GRCh37	rs6525167	H48	NA19146	1
phyml	GRCh37	rs6525167	H49	HG03771	1
phyml	GRCh37	rs6525167	H49	HG03833	1
phyml	GRCh37	rs6525167	H49	HG04015	1
phyml	GRCh37	rs6525167	H49	HG04158	1
phyml	GRCh37	rs6525167	H49	NA20884	1
phyml	GRCh37	rs6525167	H50	HG02395	1
phyml	GRCh37	rs6525167	H50	HG02521	1
phyml	GRCh37	rs6525167	H50	NA18611	1
phyml	GRCh37	rs6525167	H50	NA18982	1
phyml	GRCh37	rs6525167	H51	NA18648	1
phyml	GRCh37	rs6525167	H51	NA18940	1
phyml	GRCh37	rs6525167	H51	NA19005	1
phyml	GRCh37	rs6525167	H51	NA19056	1
phyml	GRCh37	rs6525167	H52	HG00731	1
phyml	GRCh37	rs6525167	H52	HG03718	1
phyml	GRCh37	rs6525167	H52	NA12872	1
phyml	GRCh37	rs6525167	H52	NA20858	1
phyml	GRCh37	rs6525167	H53	HG03009	1
phyml	GRCh37	rs6525167	H53	HG03875	1
phyml	GRCh37	rs6525167	H53	HG04185	1
phyml	GRCh37	rs6525167	H53	NA20911	1
phyml	GRCh37	rs6525167	H54	HG03778	1
phyml	GRCh37	rs6525167	H54	HG03821	1
phyml	GRCh37	rs6525167	H54	HG03908	1
phyml	GRCh37	rs6525167	H54	HG04080	1
phyml	GRCh37	rs6525167	H55	HG02029	1
phyml	GRCh37	rs6525167	H55	HG02134	1
phyml	GRCh37	rs6525167	H55	HG02396	1
phyml	GRCh37	rs6525167	H55	NA18965	1
phyml	GRCh37	rs6525167	H56	HG00844	1
phyml	GRCh37	rs6525167	H56	HG02389	1
phyml	GRCh37	rs6525167	H56	HG02397	1
phyml	GRCh37	rs6525167	H56	NA18609	1
phyml	GRCh37	rs6525167	H57	HG00138	1
phyml	GRCh37	rs6525167	H57	HG01389	1
phyml	GRCh37	rs6525167	H57	HG01443	1
phyml	GRCh37	rs6525167	H57	NA20511	1
phyml	GRCh37	rs6525167	H58	HG02600	1
phyml	GRCh37	rs6525167	H58	HG03697	1
phyml	GRCh37	rs6525167	H58	HG03953	1
phyml	GRCh37	rs6525167	H58	NA20903	1
phyml	GRCh37	rs6525167	H59	HG01359	1
phyml	GRCh37	rs6525167	H59	HG01488	1
phyml	GRCh37	rs6525167	H59	HG01610	1
phyml	GRCh37	rs6525167	H59	NA12154	1
phyml	GRCh37	rs6525167	H60	HG00653	1
phyml	GRCh37	rs6525167	H60	HG02138	1
phyml	GRCh37	rs6525167	H60	NA18608	1
phyml	GRCh37	rs6525167	H60	NA18621	1
phyml	GRCh37	rs6525167	H61	HG00375	1
phyml	GRCh37	rs6525167	H61	HG01842	1
phyml	GRCh37	rs6525167	H61	HG02073	1
phyml	GRCh37	rs6525167	H61	HG02383	1
phyml	GRCh37	rs6525167	H62	HG00448	1
phyml	GRCh37	rs6525167	H62	HG00595	1
phyml	GRCh37	rs6525167	H62	NA18613	1
phyml	GRCh37	rs6525167	H62	NA18962	1
phyml	GRCh37	rs6525167	H63	HG03681	1
phyml	GRCh37	rs6525167	H63	HG03885	1
phyml	GRCh37	rs6525167	H63	HG03887	1
phyml	GRCh37	rs6525167	H63	HG03969	1
phyml	GRCh37	rs6525167	H64	HG00662	1
phyml	GRCh37	rs6525167	H64	HG00728	1
phyml	GRCh37	rs6525167	H64	HG02141	1
phyml	GRCh37	rs6525167	H64	NA18645	1
phyml	GRCh37	rs6525167	H65	HG02449	1
phyml	GRCh37	rs6525167	H65	HG02804	1
phyml	GRCh37	rs6525167	H65	HG02878	1
phyml	GRCh37	rs6525167	H65	HG03295	1
phyml	GRCh37	rs6525167	H66	HG02014	1
phyml	GRCh37	rs6525167	H66	HG03057	1
phyml	GRCh37	rs6525167	H66	HG03439	1
phyml	GRCh37	rs6525167	H66	NA18877	1
phyml	GRCh37	rs6525167	H67	HG02645	1
phyml	GRCh37	rs6525167	H67	HG03118	1
phyml	GRCh37	rs6525167	H67	NA18934	1
phyml	GRCh37	rs6525167	H67	NA19171	1
phyml	GRCh37	rs6525167	H68	HG03139	1
phyml	GRCh37	rs6525167	H68	NA18923	1
phyml	GRCh37	rs6525167	H68	NA19144	1
phyml	GRCh37	rs6525167	H68	NA19213	1
phyml	GRCh37	rs6525167	H69	HG02009	1
phyml	GRCh37	rs6525167	H69	HG03054	1
phyml	GRCh37	rs6525167	H69	HG03202	1
phyml	GRCh37	rs6525167	H69	HG03301	1
phyml	GRCh37	rs6525167	H70	HG01524	1
phyml	GRCh37	rs6525167	H70	NA11930	1
phyml	GRCh37	rs6525167	H70	NA12413	1
phyml	GRCh37	rs6525167	H70	NA20846	1
phyml	GRCh37	rs6525167	H71	HG01176	1
phyml	GRCh37	rs6525167	H71	HG02314	1
phyml	GRCh37	rs6525167	H71	HG02887	1
phyml	GRCh37	rs6525167	H71	NA20351	1
phyml	GRCh37	rs6525167	H72	HG01914	1
phyml	GRCh37	rs6525167	H72	HG02445	1
phyml	GRCh37	rs6525167	H72	HG03160	1
phyml	GRCh37	rs6525167	H72	NA18516	1
phyml	GRCh37	rs6525167	H73	HG02284	1
phyml	GRCh37	rs6525167	H73	HG02968	1
phyml	GRCh37	rs6525167	H73	NA18853	1
phyml	GRCh37	rs6525167	H73	NA19350	1
phyml	GRCh37	rs6525167	H74	HG03744	1
phyml	GRCh37	rs6525167	H74	HG03851	1
phyml	GRCh37	rs6525167	H74	NA21087	1
phyml	GRCh37	rs6525167	H75	HG00701	1
phyml	GRCh37	rs6525167	H75	HG01867	1
phyml	GRCh37	rs6525167	H75	HG02406	1
phyml	GRCh37	rs6525167	H76	HG00325	1
phyml	GRCh37	rs6525167	H76	HG00335	1
phyml	GRCh37	rs6525167	H76	HG02651	1
phyml	GRCh37	rs6525167	H77	HG03629	1
phyml	GRCh37	rs6525167	H77	HG03713	1
phyml	GRCh37	rs6525167	H77	HG03864	1
phyml	GRCh37	rs6525167	H78	HG00628	1
phyml	GRCh37	rs6525167	H78	HG02017	1
phyml	GRCh37	rs6525167	H78	NA18624	1
phyml	GRCh37	rs6525167	H79	HG02786	1
phyml	GRCh37	rs6525167	H79	HG03652	1
phyml	GRCh37	rs6525167	H79	HG03663	1
phyml	GRCh37	rs6525167	H80	HG00273	1
phyml	GRCh37	rs6525167	H80	HG00338	1
phyml	GRCh37	rs6525167	H80	NA07051	1
phyml	GRCh37	rs6525167	H81	HG03685	1
phyml	GRCh37	rs6525167	H81	HG03750	1
phyml	GRCh37	rs6525167	H81	HG04093	1
phyml	GRCh37	rs6525167	H82	HG01781	1
phyml	GRCh37	rs6525167	H82	NA07048	1
phyml	GRCh37	rs6525167	H82	NA12144	1
phyml	GRCh37	rs6525167	H83	HG01197	1
phyml	GRCh37	rs6525167	H83	HG01204	1
phyml	GRCh37	rs6525167	H83	HG01286	1
phyml	GRCh37	rs6525167	H84	HG01161	1
phyml	GRCh37	rs6525167	H84	HG01974	1
phyml	GRCh37	rs6525167	H84	HG02285	1
phyml	GRCh37	rs6525167	H85	HG01362	1
phyml	GRCh37	rs6525167	H85	HG04238	1
phyml	GRCh37	rs6525167	H85	NA20521	1
phyml	GRCh37	rs6525167	H86	NA12762	1
phyml	GRCh37	rs6525167	H86	NA19780	1
phyml	GRCh37	rs6525167	H86	NA19795	1
phyml	GRCh37	rs6525167	H87	HG03871	1
phyml	GRCh37	rs6525167	H87	HG04061	1
phyml	GRCh37	rs6525167	H87	NA20885	1
phyml	GRCh37	rs6525167	H88	HG03585	1
phyml	GRCh37	rs6525167	H88	NA20754	1
phyml	GRCh37	rs6525167	H88	NA20783	1
phyml	GRCh37	rs6525167	H89	HG00739	1
phyml	GRCh37	rs6525167	H89	HG01515	1
phyml	GRCh37	rs6525167	H89	NA19655	1
phyml	GRCh37	rs6525167	H90	HG00186	1
phyml	GRCh37	rs6525167	H90	HG00278	1
phyml	GRCh37	rs6525167	H90	HG00342	1
phyml	GRCh37	rs6525167	H91	HG02736	1
phyml	GRCh37	rs6525167	H91	HG03490	1
phyml	GRCh37	rs6525167	H91	HG04211	1
phyml	GRCh37	rs6525167	H92	HG03237	1
phyml	GRCh37	rs6525167	H92	HG03990	1
phyml	GRCh37	rs6525167	H92	HG04019	1
phyml	GRCh37	rs6525167	H93	HG00251	1
phyml	GRCh37	rs6525167	H93	HG00736	1
phyml	GRCh37	rs6525167	H93	NA20811	1
phyml	GRCh37	rs6525167	H94	HG00650	1
phyml	GRCh37	rs6525167	H94	HG00683	1
phyml	GRCh37	rs6525167	H94	NA18967	1
phyml	GRCh37	rs6525167	H95	HG03695	1
phyml	GRCh37	rs6525167	H95	HG03738	1
phyml	GRCh37	rs6525167	H95	NA21100	1
phyml	GRCh37	rs6525167	H96	HG01241	1
phyml	GRCh37	rs6525167	H96	HG02470	1
phyml	GRCh37	rs6525167	H96	NA18510	1
phyml	GRCh37	rs6525167	H97	HG03096	1
phyml	GRCh37	rs6525167	H97	HG03457	1
phyml	GRCh37	rs6525167	H97	NA20340	1
phyml	GRCh37	rs6525167	H98	HG00131	1
phyml	GRCh37	rs6525167	H98	HG00182	1
phyml	GRCh37	rs6525167	H98	HG01075	1
phyml	GRCh37	rs6525167	H99	HG01986	1
phyml	GRCh37	rs6525167	H99	HG03376	1
phyml	GRCh37	rs6525167	H99	NA19138	1
phyml	GRCh37	rs6525167	H100	HG03103	1
phyml	GRCh37	rs6525167	H100	NA19700	1
phyml	GRCh37	rs6525167	H100	NA20342	1
phyml	GRCh37	rs6525167	H101	HG02678	1
phyml	GRCh37	rs6525167	H101	HG02798	1
phyml	GRCh37	rs6525167	H101	HG03240	1
phyml	GRCh37	rs6525167	H102	HG02771	1
phyml	GRCh37	rs6525167	H102	HG03045	1
phyml	GRCh37	rs6525167	H102	HG03538	1
phyml	GRCh37	rs6525167	H103	HG02594	1
phyml	GRCh37	rs6525167	H103	HG02610	1
phyml	GRCh37	rs6525167	H103	HG02642	1
phyml	GRCh37	rs6525167	H104	HG01497	1
phyml	GRCh37	rs6525167	H104	HG02813	1
phyml	GRCh37	rs6525167	H104	HG03478	1
phyml	GRCh37	rs6525167	H105	HG00640	1
phyml	GRCh37	rs6525167	H105	HG01392	1
phyml	GRCh37	rs6525167	H105	NA20755	1
phyml	GRCh37	rs6525167	H106	HG02623	1
phyml	GRCh37	rs6525167	H106	HG03163	1
phyml	GRCh37	rs6525167	H106	NA19904	1
phyml	GRCh37	rs6525167	H107	HG02317	1
phyml	GRCh37	rs6525167	H107	HG02420	1
phyml	GRCh37	rs6525167	H107	NA19092	1
phyml	GRCh37	rs6525167	H108	HG01890	1
phyml	GRCh37	rs6525167	H108	HG02981	1
phyml	GRCh37	rs6525167	H108	HG03127	1
phyml	GRCh37	rs6525167	H109	HG03890	1
phyml	GRCh37	rs6525167	H109	HG03943	1
phyml	GRCh37	rs6525167	H109	NA21126	1
phyml	GRCh37	rs6525167	H110	HG02816	1
phyml	GRCh37	rs6525167	H110	HG02854	1
phyml	GRCh37	rs6525167	H110	HG03027	1
phyml	GRCh37	rs6525167	H111	HG03258	1
phyml	GRCh37	rs6525167	H111	NA19117	1
phyml	GRCh37	rs6525167	H111	NA19448	1
phyml	GRCh37	rs6525167	H112	HG00689	1
phyml	GRCh37	rs6525167	H112	HG01849	1
phyml	GRCh37	rs6525167	H113	HG01491	1
phyml	GRCh37	rs6525167	H113	HG01675	1
phyml	GRCh37	rs6525167	H114	HG00625	1
phyml	GRCh37	rs6525167	H114	HG02040	1
phyml	GRCh37	rs6525167	H115	HG03234	1
phyml	GRCh37	rs6525167	H115	NA20801	1
phyml	GRCh37	rs6525167	H116	NA07347	1
phyml	GRCh37	rs6525167	H116	NA11829	1
phyml	GRCh37	rs6525167	H117	HG02085	1
phyml	GRCh37	rs6525167	H117	NA18549	1
phyml	GRCh37	rs6525167	H118	HG01844	1
phyml	GRCh37	rs6525167	H118	HG02408	1
phyml	GRCh37	rs6525167	H119	HG02064	1
phyml	GRCh37	rs6525167	H119	NA18757	1
phyml	GRCh37	rs6525167	H120	HG01615	1
phyml	GRCh37	rs6525167	H120	NA20586	1
phyml	GRCh37	rs6525167	H121	HG01405	1
phyml	GRCh37	rs6525167	H121	NA20519	1
phyml	GRCh37	rs6525167	H122	NA18960	1
phyml	GRCh37	rs6525167	H122	NA19000	1
phyml	GRCh37	rs6525167	H123	HG04146	1
phyml	GRCh37	rs6525167	H123	NA21135	1
phyml	GRCh37	rs6525167	H124	HG00500	1
phyml	GRCh37	rs6525167	H124	HG01865	1
phyml	GRCh37	rs6525167	H125	HG03830	1
phyml	GRCh37	rs6525167	H125	NA20895	1
phyml	GRCh37	rs6525167	H126	HG03672	1
phyml	GRCh37	rs6525167	H126	HG03755	1
phyml	GRCh37	rs6525167	H127	HG00109	1
phyml	GRCh37	rs6525167	H127	HG03667	1
phyml	GRCh37	rs6525167	H128	HG04173	1
phyml	GRCh37	rs6525167	H128	NA21133	1
phyml	GRCh37	rs6525167	H129	HG03899	1
phyml	GRCh37	rs6525167	H129	NA20887	1
phyml	GRCh37	rs6525167	H130	HG03803	1
phyml	GRCh37	rs6525167	H130	HG03926	1
phyml	GRCh37	rs6525167	H131	NA18558	1
phyml	GRCh37	rs6525167	H131	NA18995	1
phyml	GRCh37	rs6525167	H132	HG00533	1
phyml	GRCh37	rs6525167	H132	HG02356	1
phyml	GRCh37	rs6525167	H133	HG01200	1
phyml	GRCh37	rs6525167	H133	HG01694	1
phyml	GRCh37	rs6525167	H134	HG01979	1
phyml	GRCh37	rs6525167	H134	NA19676	1
phyml	GRCh37	rs6525167	H135	HG01142	1
phyml	GRCh37	rs6525167	H135	HG01148	1
phyml	GRCh37	rs6525167	H136	HG03777	1
phyml	GRCh37	rs6525167	H136	HG04023	1
phyml	GRCh37	rs6525167	H137	NA12340	1
phyml	GRCh37	rs6525167	H137	NA12827	1
phyml	GRCh37	rs6525167	H138	HG00382	1
phyml	GRCh37	rs6525167	H138	NA20904	1
phyml	GRCh37	rs6525167	H139	HG01374	1
phyml	GRCh37	rs6525167	H139	HG01383	1
phyml	GRCh37	rs6525167	H140	HG01967	1
phyml	GRCh37	rs6525167	H140	NA11881	1
phyml	GRCh37	rs6525167	H141	HG01325	1
phyml	GRCh37	rs6525167	H141	HG01412	1
phyml	GRCh37	rs6525167	H142	HG03745	1
phyml	GRCh37	rs6525167	H142	HG03850	1
phyml	GRCh37	rs6525167	H143	HG03815	1
phyml	GRCh37	rs6525167	H143	NA19771	1
phyml	GRCh37	rs6525167	H144	HG01583	1
phyml	GRCh37	rs6525167	H144	HG02660	1
phyml	GRCh37	rs6525167	H145	HG03615	1
phyml	GRCh37	rs6525167	H145	HG04161	1
phyml	GRCh37	rs6525167	H146	HG03687	1
phyml	GRCh37	rs6525167	H146	HG04060	1
phyml	GRCh37	rs6525167	H147	HG01705	1
phyml	GRCh37	rs6525167	H147	HG04094	1
phyml	GRCh37	rs6525167	H148	HG01596	1
phyml	GRCh37	rs6525167	H148	HG01816	1
phyml	GRCh37	rs6525167	H149	HG02023	1
phyml	GRCh37	rs6525167	H149	HG02512	1
phyml	GRCh37	rs6525167	H150	NA19066	1
phyml	GRCh37	rs6525167	H150	NA19068	1
phyml	GRCh37	rs6525167	H151	HG01938	1
phyml	GRCh37	rs6525167	H151	HG01970	1
phyml	GRCh37	rs6525167	H152	HG01920	1
phyml	GRCh37	rs6525167	H152	HG01982	1
phyml	GRCh37	rs6525167	H153	HG00421	1
phyml	GRCh37	rs6525167	H153	HG00634	1
phyml	GRCh37	rs6525167	H154	NA19062	1
phyml	GRCh37	rs6525167	H154	NA19076	1
phyml	GRCh37	rs6525167	H155	HG00267	1
phyml	GRCh37	rs6525167	H155	HG00369	1
phyml	GRCh37	rs6525167	H156	HG00271	1
phyml	GRCh37	rs6525167	H156	HG01518	1
phyml	GRCh37	rs6525167	H157	HG00126	1
phyml	GRCh37	rs6525167	H157	NA11831	1
phyml	GRCh37	rs6525167	H158	HG00136	1
phyml	GRCh37	rs6525167	H158	NA20809	1
phyml	GRCh37	rs6525167	H159	HG02429	1
phyml	GRCh37	rs6525167	H159	NA12874	1
phyml	GRCh37	rs6525167	H160	HG00637	1
phyml	GRCh37	rs6525167	H160	NA12043	1
phyml	GRCh37	rs6525167	H161	HG01708	1
phyml	GRCh37	rs6525167	H161	NA19682	1
phyml	GRCh37	rs6525167	H162	HG01485	1
phyml	GRCh37	rs6525167	H162	NA19762	1
phyml	GRCh37	rs6525167	H163	HG03727	1
phyml	GRCh37	rs6525167	H163	HG04134	1
phyml	GRCh37	rs6525167	H164	HG03824	1
phyml	GRCh37	rs6525167	H164	HG03848	1
phyml	GRCh37	rs6525167	H165	HG02116	1
phyml	GRCh37	rs6525167	H165	HG02390	1
phyml	GRCh37	rs6525167	H166	HG01589	1
phyml	GRCh37	rs6525167	H166	NA18544	1
phyml	GRCh37	rs6525167	H167	HG03705	1
phyml	GRCh37	rs6525167	H167	NA20889	1
phyml	GRCh37	rs6525167	H168	HG00524	1
phyml	GRCh37	rs6525167	H168	HG02399	1
phyml	GRCh37	rs6525167	H169	HG00145	1
phyml	GRCh37	rs6525167	H169	NA12546	1
phyml	GRCh37	rs6525167	H170	NA11843	1
phyml	GRCh37	rs6525167	H170	NA19792	1
phyml	GRCh37	rs6525167	H171	NA18988	1
phyml	GRCh37	rs6525167	H171	NA19055	1
phyml	GRCh37	rs6525167	H172	HG04176	1
phyml	GRCh37	rs6525167	H172	HG04188	1
phyml	GRCh37	rs6525167	H173	HG00264	1
phyml	GRCh37	rs6525167	H173	HG02238	1
phyml	GRCh37	rs6525167	H174	HG01104	1
phyml	GRCh37	rs6525167	H174	NA20778	1
phyml	GRCh37	rs6525167	H175	HG00475	1
phyml	GRCh37	rs6525167	H175	HG02374	1
phyml	GRCh37	rs6525167	H176	HG00290	1
phyml	GRCh37	rs6525167	H176	NA19756	1
phyml	GRCh37	rs6525167	H177	NA18548	1
phyml	GRCh37	rs6525167	H177	NA19058	1
phyml	GRCh37	rs6525167	H178	HG00463	1
phyml	GRCh37	rs6525167	H178	HG03743	1
phyml	GRCh37	rs6525167	H179	HG01631	1
phyml	GRCh37	rs6525167	H179	NA12777	1
phyml	GRCh37	rs6525167	H180	NA12286	1
phyml	GRCh37	rs6525167	H180	NA12750	1
phyml	GRCh37	rs6525167	H181	HG03012	1
phyml	GRCh37	rs6525167	H181	NA21093	1
phyml	GRCh37	rs6525167	H182	HG02783	1
phyml	GRCh37	rs6525167	H182	NA20897	1
phyml	GRCh37	rs6525167	H183	HG02733	1
phyml	GRCh37	rs6525167	H183	HG03869	1
phyml	GRCh37	rs6525167	H184	HG02792	1
phyml	GRCh37	rs6525167	H184	HG03021	1
phyml	GRCh37	rs6525167	H185	NA06986	1
phyml	GRCh37	rs6525167	H185	NA12342	1
phyml	GRCh37	rs6525167	H186	NA18966	1
phyml	GRCh37	rs6525167	H186	NA19063	1
phyml	GRCh37	rs6525167	H187	HG00457	1
phyml	GRCh37	rs6525167	H187	NA18948	1
phyml	GRCh37	rs6525167	H188	HG03950	1
phyml	GRCh37	rs6525167	H188	HG04229	1
phyml	GRCh37	rs6525167	H189	HG03790	1
phyml	GRCh37	rs6525167	H189	NA12045	1
phyml	GRCh37	rs6525167	H190	HG02392	1
phyml	GRCh37	rs6525167	H190	NA19091	1
phyml	GRCh37	rs6525167	H191	HG02384	1
phyml	GRCh37	rs6525167	H191	NA18639	1
phyml	GRCh37	rs6525167	H192	HG00707	1
phyml	GRCh37	rs6525167	H192	HG02026	1
phyml	GRCh37	rs6525167	H193	HG03624	1
phyml	GRCh37	rs6525167	H193	HG03812	1
phyml	GRCh37	rs6525167	H194	HG02355	1
phyml	GRCh37	rs6525167	H194	HG02402	1
phyml	GRCh37	rs6525167	H195	HG02690	1
phyml	GRCh37	rs6525167	H195	HG03846	1
phyml	GRCh37	rs6525167	H196	HG01625	1
phyml	GRCh37	rs6525167	H196	HG01672	1
phyml	GRCh37	rs6525167	H197	HG02070	1
phyml	GRCh37	rs6525167	H197	NA18612	1
phyml	GRCh37	rs6525167	H198	NA18572	1
phyml	GRCh37	rs6525167	H198	NA18620	1
phyml	GRCh37	rs6525167	H199	NA18606	1
phyml	GRCh37	rs6525167	H199	NA19067	1
phyml	GRCh37	rs6525167	H200	HG01630	1
phyml	GRCh37	rs6525167	H200	HG02221	1
phyml	GRCh37	rs6525167	H201	HG01789	1
phyml	GRCh37	rs6525167	H201	NA20870	1
phyml	GRCh37	rs6525167	H202	HG03896	1
phyml	GRCh37	rs6525167	H202	HG03920	1
phyml	GRCh37	rs6525167	H203	NA18952	1
phyml	GRCh37	rs6525167	H203	NA18959	1
phyml	GRCh37	rs6525167	H204	HG04219	1
phyml	GRCh37	rs6525167	H204	HG04235	1
phyml	GRCh37	rs6525167	H205	HG03660	1
phyml	GRCh37	rs6525167	H205	HG04140	1
phyml	GRCh37	rs6525167	H206	HG03696	1
phyml	GRCh37	rs6525167	H206	HG04039	1
phyml	GRCh37	rs6525167	H207	HG00105	1
phyml	GRCh37	rs6525167	H207	HG01571	1
phyml	GRCh37	rs6525167	H208	HG00242	1
phyml	GRCh37	rs6525167	H208	NA11893	1
phyml	GRCh37	rs6525167	H209	HG03866	1
phyml	GRCh37	rs6525167	H209	HG03963	1
phyml	GRCh37	rs6525167	H210	HG00409	1
phyml	GRCh37	rs6525167	H210	HG01028	1
phyml	GRCh37	rs6525167	H211	NA18546	1
phyml	GRCh37	rs6525167	H211	NA18622	1
phyml	GRCh37	rs6525167	H212	HG02371	1
phyml	GRCh37	rs6525167	H212	NA18977	1
phyml	GRCh37	rs6525167	H213	NA18749	1
phyml	GRCh37	rs6525167	H213	NA19004	1
phyml	GRCh37	rs6525167	H214	NA20864	1
phyml	GRCh37	rs6525167	H214	NA21091	1
phyml	GRCh37	rs6525167	H215	HG04182	1
phyml	GRCh37	rs6525167	H215	NA21090	1
phyml	GRCh37	rs6525167	H216	HG03644	1
phyml	GRCh37	rs6525167	H216	HG03800	1
phyml	GRCh37	rs6525167	H217	HG02061	1
phyml	GRCh37	rs6525167	H217	NA19089	1
phyml	GRCh37	rs6525167	H218	HG02380	1
phyml	GRCh37	rs6525167	H218	NA19082	1
phyml	GRCh37	rs6525167	H219	HG02265	1
phyml	GRCh37	rs6525167	H219	HG03792	1
phyml	GRCh37	rs6525167	H220	NA21111	1
phyml	GRCh37	rs6525167	H220	NA21119	1
phyml	GRCh37	rs6525167	H221	HG00107	1
phyml	GRCh37	rs6525167	H221	NA12005	1
phyml	GRCh37	rs6525167	H222	HG03746	1
phyml	GRCh37	rs6525167	H222	NA20845	1
phyml	GRCh37	rs6525167	H223	HG01101	1
phyml	GRCh37	rs6525167	H223	HG01305	1
phyml	GRCh37	rs6525167	H224	HG02439	1
phyml	GRCh37	rs6525167	H224	NA19035	1
phyml	GRCh37	rs6525167	H225	HG02675	1
phyml	GRCh37	rs6525167	H225	NA19113	1
phyml	GRCh37	rs6525167	H226	HG01112	1
phyml	GRCh37	rs6525167	H226	HG01437	1
phyml	GRCh37	rs6525167	H227	NA19307	1
phyml	GRCh37	rs6525167	H227	NA19429	1
phyml	GRCh37	rs6525167	H228	NA19374	1
phyml	GRCh37	rs6525167	H228	NA19451	1
phyml	GRCh37	rs6525167	H229	HG02759	1
phyml	GRCh37	rs6525167	H229	NA18504	1
phyml	GRCh37	rs6525167	H230	HG02944	1
phyml	GRCh37	rs6525167	H230	NA18486	1
phyml	GRCh37	rs6525167	H231	NA19028	1
phyml	GRCh37	rs6525167	H231	NA19346	1
phyml	GRCh37	rs6525167	H232	HG03999	1
phyml	GRCh37	rs6525167	H232	HG04056	1
phyml	GRCh37	rs6525167	H233	HG02464	1
phyml	GRCh37	rs6525167	H233	HG02666	1
phyml	GRCh37	rs6525167	H234	NA19236	1
phyml	GRCh37	rs6525167	H234	NA19375	1
phyml	GRCh37	rs6525167	H235	HG02307	1
phyml	GRCh37	rs6525167	H235	HG03063	1
phyml	GRCh37	rs6525167	H236	HG03571	1
phyml	GRCh37	rs6525167	H236	NA19454	1
phyml	GRCh37	rs6525167	H237	NA18522	1
phyml	GRCh37	rs6525167	H237	NA19026	1
phyml	GRCh37	rs6525167	H238	HG02332	1
phyml	GRCh37	rs6525167	H238	NA19308	1
phyml	GRCh37	rs6525167	H239	HG02323	1
phyml	GRCh37	rs6525167	H239	HG03436	1
phyml	GRCh37	rs6525167	H240	HG02484	1
phyml	GRCh37	rs6525167	H240	HG02715	1
phyml	GRCh37	rs6525167	H241	HG00112	1
phyml	GRCh37	rs6525167	H241	HG00119	1
phyml	GRCh37	rs6525167	H242	HG00160	1
phyml	GRCh37	rs6525167	H242	HG00183	1
phyml	GRCh37	rs6525167	H243	HG01107	1
phyml	GRCh37	rs6525167	H243	NA19908	1
phyml	GRCh37	rs6525167	H244	NA19385	1
phyml	GRCh37	rs6525167	H244	NA19430	1
phyml	GRCh37	rs6525167	H245	HG03172	1
phyml	GRCh37	rs6525167	H245	HG03224	1
phyml	GRCh37	rs6525167	H246	HG02588	1
phyml	GRCh37	rs6525167	H246	HG02982	1
phyml	GRCh37	rs6525167	H247	HG03367	1
phyml	GRCh37	rs6525167	H247	HG03370	1
phyml	GRCh37	rs6525167	H248	HG02582	1
phyml	GRCh37	rs6525167	H248	HG03246	1
phyml	GRCh37	rs6525167	H249	HG00187	1
phyml	GRCh37	rs6525167	H249	HG00311	1
phyml	GRCh37	rs6525167	H250	HG00157	1
phyml	GRCh37	rs6525167	H250	HG01130	1
phyml	GRCh37	rs6525167	H251	HG03547	1
phyml	GRCh37	rs6525167	H251	HG03565	1
phyml	GRCh37	rs6525167	H252	HG02684	1
phyml	GRCh37	rs6525167	H252	HG04222	1
phyml	GRCh37	rs6525167	H253	NA19703	1
phyml	GRCh37	rs6525167	H253	NA20291	1
phyml	GRCh37	rs6525167	H254	HG03112	1
phyml	GRCh37	rs6525167	H254	NA19312	1
phyml	GRCh37	rs6525167	H255	HG01885	1
phyml	GRCh37	rs6525167	H255	HG02702	1
phyml	GRCh37	rs6525167	H256	HG03109	1
phyml	GRCh37	rs6525167	H256	NA19372	1
phyml	GRCh37	rs6525167	H257	HG02541	1
phyml	GRCh37	rs6525167	H257	NA18501	1
phyml	GRCh37	rs6525167	H258	NA18871	1
phyml	GRCh37	rs6525167	H259	NA20513	1
phyml	GRCh37	rs6525167	H260	HG01603	1
phyml	GRCh37	rs6525167	H261	HG00142	1
phyml	GRCh37	rs6525167	H262	HG04006	1
phyml	GRCh37	rs6525167	H263	HG03785	1
phyml	GRCh37	rs6525167	H264	HG02657	1
phyml	GRCh37	rs6525167	H265	HG00674	1
phyml	GRCh37	rs6525167	H266	NA18971	1
phyml	GRCh37	rs6525167	H267	HG01413	1
phyml	GRCh37	rs6525167	H268	HG01606	1
phyml	GRCh37	rs6525167	H269	HG03773	1
phyml	GRCh37	rs6525167	H270	HG01506	1
phyml	GRCh37	rs6525167	H271	HG01709	1
phyml	GRCh37	rs6525167	H272	NA19786	1
phyml	GRCh37	rs6525167	H273	HG01686	1
phyml	GRCh37	rs6525167	H274	NA20510	1
phyml	GRCh37	rs6525167	H275	HG00151	1
phyml	GRCh37	rs6525167	H276	HG00329	1
phyml	GRCh37	rs6525167	H277	HG01783	1
phyml	GRCh37	rs6525167	H278	HG02696	1
phyml	GRCh37	rs6525167	H279	NA21116	1
phyml	GRCh37	rs6525167	H280	NA20518	1
phyml	GRCh37	rs6525167	H281	NA20516	1
phyml	GRCh37	rs6525167	H282	HG04210	1
phyml	GRCh37	rs6525167	H283	HG01586	1
phyml	GRCh37	rs6525167	H284	HG04198	1
phyml	GRCh37	rs6525167	H285	NA21114	1
phyml	GRCh37	rs6525167	H286	HG04017	1
phyml	GRCh37	rs6525167	H287	NA21123	1
phyml	GRCh37	rs6525167	H288	NA21117	1
phyml	GRCh37	rs6525167	H289	NA21112	1
phyml	GRCh37	rs6525167	H290	NA21129	1
phyml	GRCh37	rs6525167	H291	HG04100	1
phyml	GRCh37	rs6525167	H292	NA21105	1
phyml	GRCh37	rs6525167	H293	HG02353	1
phyml	GRCh37	rs6525167	H294	HG02373	1
phyml	GRCh37	rs6525167	H295	HG03649	1
phyml	GRCh37	rs6525167	H296	HG03603	1
phyml	GRCh37	rs6525167	H297	NA21095	1
phyml	GRCh37	rs6525167	H298	HG03594	1
phyml	GRCh37	rs6525167	H299	HG02687	1
phyml	GRCh37	rs6525167	H300	HG03905	1
phyml	GRCh37	rs6525167	H301	HG01861	1
phyml	GRCh37	rs6525167	H302	HG02020	1
phyml	GRCh37	rs6525167	H303	NA18561	1
phyml	GRCh37	rs6525167	H304	NA19007	1
phyml	GRCh37	rs6525167	H305	HG02727	1
phyml	GRCh37	rs6525167	H306	HG00607	1
phyml	GRCh37	rs6525167	H307	HG02391	1
phyml	GRCh37	rs6525167	H308	HG02002	1
phyml	GRCh37	rs6525167	H309	HG02271	1
phyml	GRCh37	rs6525167	H310	NA20588	1
phyml	GRCh37	rs6525167	H311	HG00336	1
phyml	GRCh37	rs6525167	H312	NA12716	1
phyml	GRCh37	rs6525167	H313	HG01536	1
phyml	GRCh37	rs6525167	H314	HG01250	1
phyml	GRCh37	rs6525167	H315	HG01253	1
phyml	GRCh37	rs6525167	H316	HG04096	1
phyml	GRCh37	rs6525167	H317	HG03786	1
phyml	GRCh37	rs6525167	H318	HG03015	1
phyml	GRCh37	rs6525167	H319	HG03856	1
phyml	GRCh37	rs6525167	H320	HG00372	1
phyml	GRCh37	rs6525167	H321	NA20525	1
phyml	GRCh37	rs6525167	H322	NA20762	1
phyml	GRCh37	rs6525167	H323	HG04022	1
phyml	GRCh37	rs6525167	H324	HG03720	1
phyml	GRCh37	rs6525167	H325	HG00141	1
phyml	GRCh37	rs6525167	H326	NA20539	1
phyml	GRCh37	rs6525167	H327	HG00159	1
phyml	GRCh37	rs6525167	H328	HG01852	1
phyml	GRCh37	rs6525167	H329	HG02410	1
phyml	GRCh37	rs6525167	H330	NA18534	1
phyml	GRCh37	rs6525167	H331	HG02050	1
phyml	GRCh37	rs6525167	H332	NA18543	1
phyml	GRCh37	rs6525167	H333	NA18945	1
phyml	GRCh37	rs6525167	H334	HG01846	1
phyml	GRCh37	rs6525167	H335	HG02375	1
phyml	GRCh37	rs6525167	H336	HG00583	1
phyml	GRCh37	rs6525167	H337	HG03686	1
phyml	GRCh37	rs6525167	H338	HG04155	1
phyml	GRCh37	rs6525167	H339	HG00189	1
phyml	GRCh37	rs6525167	H340	HG01700	1
phyml	GRCh37	rs6525167	H341	HG00103	1
phyml	GRCh37	rs6525167	H342	NA11932	1
phyml	GRCh37	rs6525167	H343	HG00140	1
phyml	GRCh37	rs6525167	H344	HG02219	1
phyml	GRCh37	rs6525167	H345	NA12842	1
phyml	GRCh37	rs6525167	H346	HG00742	1
phyml	GRCh37	rs6525167	H347	HG00155	1
phyml	GRCh37	rs6525167	H348	HG01280	1
phyml	GRCh37	rs6525167	H349	HG04033	1
phyml	GRCh37	rs6525167	H350	HG00592	1
phyml	GRCh37	rs6525167	H351	NA18603	1
phyml	GRCh37	rs6525167	H352	NA21128	1
phyml	GRCh37	rs6525167	H353	NA20509	1
phyml	GRCh37	rs6525167	H354	HG02131	1
phyml	GRCh37	rs6525167	H355	HG00148	1
phyml	GRCh37	rs6525167	H356	HG01678	1
phyml	GRCh37	rs6525167	H357	HG02724	1
phyml	GRCh37	rs6525167	H358	NA20348	1
phyml	GRCh37	rs6525167	H359	HG01550	1
phyml	GRCh37	rs6525167	H360	HG00542	1
phyml	GRCh37	rs6525167	H361	NA18985	1
phyml	GRCh37	rs6525167	H362	NA19661	1
phyml	GRCh37	rs6525167	H363	NA21118	1
phyml	GRCh37	rs6525167	H364	HG00358	1
phyml	GRCh37	rs6525167	H365	HG03788	1
phyml	GRCh37	rs6525167	H366	NA20581	1
phyml	GRCh37	rs6525167	H367	NA20752	1
phyml	GRCh37	rs6525167	H368	HG01365	1
phyml	GRCh37	rs6525167	H369	HG01680	1
phyml	GRCh37	rs6525167	H370	NA19006	1
phyml	GRCh37	rs6525167	H371	NA19088	1
phyml	GRCh37	rs6525167	H372	HG00366	1
phyml	GRCh37	rs6525167	H373	NA21109	1
phyml	GRCh37	rs6525167	H374	NA19085	1
phyml	GRCh37	rs6525167	H375	HG00117	1
phyml	GRCh37	rs6525167	H376	NA20767	1
phyml	GRCh37	rs6525167	H377	NA12399	1
phyml	GRCh37	rs6525167	H378	HG02253	1
phyml	GRCh37	rs6525167	H379	NA19774	1
phyml	GRCh37	rs6525167	H380	HG00308	1
phyml	GRCh37	rs6525167	H381	NA20765	1
phyml	GRCh37	rs6525167	H382	HG01669	1
phyml	GRCh37	rs6525167	H383	NA20528	1
phyml	GRCh37	rs6525167	H384	HG00277	1
phyml	GRCh37	rs6525167	H385	HG01530	1
phyml	GRCh37	rs6525167	H386	HG03911	1
phyml	GRCh37	rs6525167	H387	NA18536	1
phyml	GRCh37	rs6525167	H388	HG02364	1
phyml	GRCh37	rs6525167	H389	HG02035	1
phyml	GRCh37	rs6525167	H390	HG02067	1
phyml	GRCh37	rs6525167	H391	HG02277	1
phyml	GRCh37	rs6525167	H392	HG01066	1
phyml	GRCh37	rs6525167	H393	HG02076	1
phyml	GRCh37	rs6525167	H394	HG00556	1
phyml	GRCh37	rs6525167	H395	HG04002	1
phyml	GRCh37	rs6525167	H396	HG03985	1
phyml	GRCh37	rs6525167	H397	HG03978	1
phyml	GRCh37	rs6525167	H398	HG03960	1
phyml	GRCh37	rs6525167	H399	HG01565	1
phyml	GRCh37	rs6525167	H400	HG01256	1
phyml	GRCh37	rs6525167	H401	HG01577	1
phyml	GRCh37	rs6525167	H402	HG01173	1
phyml	GRCh37	rs6525167	H403	HG00598	1
phyml	GRCh37	rs6525167	H404	NA18961	1
phyml	GRCh37	rs6525167	H405	NA18990	1
phyml	GRCh37	rs6525167	H406	HG03646	1
phyml	GRCh37	rs6525167	H407	NA18637	1
phyml	GRCh37	rs6525167	H408	HG03991	1
phyml	GRCh37	rs6525167	H409	HG02351	1
phyml	GRCh37	rs6525167	H410	HG02407	1
phyml	GRCh37	rs6525167	H411	HG01771	1
phyml	GRCh37	rs6525167	H412	NA18953	1
phyml	GRCh37	rs6525167	H413	HG00565	1
phyml	GRCh37	rs6525167	H414	NA18559	1
phyml	GRCh37	rs6525167	H415	HG02401	1
phyml	GRCh37	rs6525167	H416	HG00698	1
phyml	GRCh37	rs6525167	H417	HG01031	1
phyml	GRCh37	rs6525167	H418	NA18983	1
phyml	GRCh37	rs6525167	H419	NA18986	1
phyml	GRCh37	rs6525167	H420	NA20814	1
phyml	GRCh37	rs6525167	H421	NA12272	1
phyml	GRCh37	rs6525167	H422	NA11994	1
phyml	GRCh37	rs6525167	H423	HG01624	1
phyml	GRCh37	rs6525167	H424	HG03914	1
phyml	GRCh37	rs6525167	H425	NA20796	1
phyml	GRCh37	rs6525167	H426	HG01777	1
phyml	GRCh37	rs6525167	H427	HG03740	1
phyml	GRCh37	rs6525167	H428	HG02385	1
phyml	GRCh37	rs6525167	H429	NA19079	1
phyml	GRCh37	rs6525167	H430	NA19070	1
phyml	GRCh37	rs6525167	H431	HG03018	1
phyml	GRCh37	rs6525167	H432	HG03809	1
phyml	GRCh37	rs6525167	H433	HG00982	1
phyml	GRCh37	rs6525167	H434	HG01840	1
phyml	GRCh37	rs6525167	H435	NA12812	1
phyml	GRCh37	rs6525167	H436	HG02597	1
phyml	GRCh37	rs6525167	H437	NA19732	1
phyml	GRCh37	rs6525167	H438	HG01048	1
phyml	GRCh37	rs6525167	H439	NA19777	1
phyml	GRCh37	rs6525167	H440	NA06994	1
phyml	GRCh37	rs6525167	H441	HG04206	1
phyml	GRCh37	rs6525167	H442	HG03593	1
phyml	GRCh37	rs6525167	H443	HG03870	1
phyml	GRCh37	rs6525167	H444	HG03680	1
phyml	GRCh37	rs6525167	H445	HG02490	1
phyml	GRCh37	rs6525167	H446	HG02648	1
phyml	GRCh37	rs6525167	H447	HG02681	1
phyml	GRCh37	rs6525167	H448	HG02789	1
phyml	GRCh37	rs6525167	H449	HG03998	1
phyml	GRCh37	rs6525167	H450	NA20805	1
phyml	GRCh37	rs6525167	H451	NA21092	1
phyml	GRCh37	rs6525167	H452	NA18605	1
phyml	GRCh37	rs6525167	H453	HG00451	1
phyml	GRCh37	rs6525167	H454	HG03753	1
phyml	GRCh37	rs6525167	H455	NA20905	1
phyml	GRCh37	rs6525167	H456	NA21113	1
phyml	GRCh37	rs6525167	H457	HG03729	1
phyml	GRCh37	rs6525167	H458	HG04225	1
phyml	GRCh37	rs6525167	H459	HG00656	1
phyml	GRCh37	rs6525167	H460	NA18623	1
phyml	GRCh37	rs6525167	H461	HG01402	1
phyml	GRCh37	rs6525167	H462	HG02262	1
phyml	GRCh37	rs6525167	H463	NA18970	1
phyml	GRCh37	rs6525167	H464	HG04020	1
phyml	GRCh37	rs6525167	H465	HG03636	1
phyml	GRCh37	rs6525167	H466	NA20891	1
phyml	GRCh37	rs6525167	H467	HG00371	1
phyml	GRCh37	rs6525167	H468	HG03971	1
phyml	GRCh37	rs6525167	H469	HG01133	1
phyml	GRCh37	rs6525167	H470	HG00536	1
phyml	GRCh37	rs6525167	H471	HG02047	1
phyml	GRCh37	rs6525167	H472	HG01810	1
phyml	GRCh37	rs6525167	H473	HG02250	1
phyml	GRCh37	rs6525167	H474	NA19207	1
phyml	GRCh37	rs6525167	H475	HG03077	1
phyml	GRCh37	rs6525167	H476	NA19394	1
phyml	GRCh37	rs6525167	H477	NA19916	1
phyml	GRCh37	rs6525167	H478	HG03442	1
phyml	GRCh37	rs6525167	H479	HG03311	1
phyml	GRCh37	rs6525167	H480	HG01990	1
phyml	GRCh37	rs6525167	H481	NA19360	1
phyml	GRCh37	rs6525167	H482	NA19331	1
phyml	GRCh37	rs6525167	H483	HG02536	1
phyml	GRCh37	rs6525167	H484	HG03271	1
phyml	GRCh37	rs6525167	H485	HG01167	1
phyml	GRCh37	rs6525167	H486	HG02807	1
phyml	GRCh37	rs6525167	H487	HG03280	1
phyml	GRCh37	rs6525167	H488	HG02107	1
phyml	GRCh37	rs6525167	H489	HG02585	1
phyml	GRCh37	rs6525167	H490	NA19189	1
phyml	GRCh37	rs6525167	H491	NA18507	1
phyml	GRCh37	rs6525167	H492	NA18498	1
phyml	GRCh37	rs6525167	H493	HG03193	1
phyml	GRCh37	rs6525167	H494	HG01509	1
phyml	GRCh37	rs6525167	H495	HG03577	1
phyml	GRCh37	rs6525167	H496	HG03190	1
phyml	GRCh37	rs6525167	H497	HG02938	1
phyml	GRCh37	rs6525167	H498	NA19393	1
phyml	GRCh37	rs6525167	H499	NA20356	1
phyml	GRCh37	rs6525167	H500	NA20758	1
phyml	GRCh37	rs6525167	H501	HG03872	1
phyml	GRCh37	rs6525167	H502	HG01767	1
phyml	GRCh37	rs6525167	H503	HG00115	1
phyml	GRCh37	rs6525167	H504	NA19711	1
phyml	GRCh37	rs6525167	H505	NA19198	1
phyml	GRCh37	rs6525167	H506	HG03169	1
phyml	GRCh37	rs6525167	H507	NA19223	1
phyml	GRCh37	rs6525167	H508	HG03313	1
phyml	GRCh37	rs6525167	H509	NA19466	1
phyml	GRCh37	rs6525167	H510	NA18865	1
phyml	GRCh37	rs6525167	H511	NA19920	1
phyml	GRCh37	rs6525167	H512	NA19025	1
phyml	GRCh37	rs6525167	H513	NA19041	1
phyml	GRCh37	rs6525167	H514	NA19818	1
phyml	GRCh37	rs6525167	H515	NA19309	1
phyml	GRCh37	rs6525167	H516	HG02051	1
phyml	GRCh37	rs6525167	H517	NA19334	1
phyml	GRCh37	rs6525167	H518	HG03130	1
phyml	GRCh37	rs6525167	H519	NA19153	1
phyml	GRCh37	rs6525167	H520	HG00280	1
phyml	GRCh37	rs6525167	H521	HG04098	1
phyml	GRCh37	rs6525167	H522	HG02545	1
phyml	GRCh37	rs6525167	H523	HG03225	1
phyml	GRCh37	rs6525167	H524	HG03084	1
phyml	GRCh37	rs6525167	H525	HG03069	1
phyml	GRCh37	rs6525167	H526	NA19397	1
phyml	GRCh37	rs6525167	H527	HG02895	1
phyml	GRCh37	rs6525167	H528	HG03388	1
phyml	GRCh37	rs6525167	H529	HG03460	1
phyml	GRCh37	rs6525167	H530	HG02756	1
phyml	GRCh37	rs6525167	H531	NA19256	1
phyml	GRCh37	rs6525167	H532	HG02143	1
phyml	GRCh37	rs6525167	H533	HG01097	1
phyml	GRCh37	rs6525167	H534	HG01271	1
phyml	GRCh37	rs6525167	H535	NA20544	1
phyml	GRCh37	rs6525167	H536	HG01747	1
phyml	GRCh37	rs6525167	H537	HG00101	1
phyml	GRCh37	rs6525167	H538	NA21104	1
phyml	GRCh37	rs6525167	H539	NA20538	1
phyml	GRCh37	rs6525167	H540	NA12282	1
phyml	GRCh37	rs6525167	H541	HG00149	1
phyml	GRCh37	rs6525167	H542	HG00139	1
phyml	GRCh37	rs6525167	H543	HG02860	1
phyml	GRCh37	rs6525167	H544	HG03066	1
phyml	GRCh37	rs6525167	H545	HG03385	1
phyml	GRCh37	rs6525167	H546	NA19443	1
phyml	GRCh37	rs6525167	H547	HG02620	1
phyml	GRCh37	rs6525167	H548	HG01079	1
phyml	GRCh37	rs6525167	H549	HG02884	1
phyml	GRCh37	rs6525167	H550	HG02890	1
phyml	GRCh37	rs6525167	H551	NA19428	1
phyml	GRCh37	rs6525167	H552	NA19043	1
phyml	GRCh37	rs6525167	H553	NA19380	1
phyml	GRCh37	rs6525167	H554	NA19347	1
phyml	GRCh37	rs6525167	H555	NA18917	1
phyml	GRCh37	rs6525167	H556	NA19383	1
phyml	GRCh37	rs6525167	H557	HG03048	1
phyml	GRCh37	rs6525167	H558	NA18868	1
phyml	GRCh37	rs6525167	H559	HG01988	1
phyml	GRCh37	rs6525167	H560	NA18908	1
phyml	GRCh37	rs6525167	H561	NA20126	1
phyml	GRCh37	rs6525167	H562	NA20759	1
phyml	GRCh37	rs6525167	H563	HG01170	1
phyml	GRCh37	rs6525167	H564	NA20852	1
phyml	GRCh37	rs6525167	H565	HG03837	1
phyml	GRCh37	rs6525167	H566	HG03691	1
phyml	GRCh37	rs6525167	H567	HG03265	1
phyml	GRCh37	rs6525167	H568	NA19020	1
phyml	GRCh37	rs6525167	H569	HG02557	1
phyml	GRCh37	rs6525167	H570	NA19160	1
phyml	GRCh37	rs6525167	H571	NA20346	1
phyml	GRCh37	rs6525167	H572	HG02330	1
phyml	GRCh37	rs6525167	H573	HG02628	1
phyml	GRCh37	rs6525167	H574	HG02489	1
phyml	GRCh37	rs6525167	H575	NA20362	1
phyml	GRCh37	rs6525167	H576	HG03559	1
phyml	GRCh37	rs6525167	H577	HG01775	1
phyml	GRCh37	rs6525167	H578	NA19200	1
phyml	GRCh37	rs6525167	H579	HG03352	1
phyml	GRCh37	rs6525167	H580	HG02455	1
phyml	GRCh37	rs6525167	H581	HG02971	1
phyml	GRCh37	rs6525167	H582	NA19096	1
phyml	GRCh37	rs6525167	H583	HG01912	1
phyml	GRCh37	rs6525167	H584	NA19461	1
phyml	GRCh37	rs6525167	H585	NA19376	1
phyml	GRCh37	rs6525167	H586	NA19107	1
phyml	GRCh37	rs6525167	H587	HG02255	1
phyml	GRCh37	rs6525167	H588	HG02881	1
phyml	GRCh37	rs6525167	H589	HG03556	1
phyml	GRCh37	rs6525167	H590	HG03432	1
phyml	GRCh37	rs6525167	H591	HG01164	1
phyml	GRCh37	rs6525167	H592	HG02281	1
